draw_no,draw_date,weekday,main_1,main_2,main_3,main_4,main_5,main_6,bonus,set_sum,odd_count,even_count,low_count,mid_count,high_count,over31_count,consecutive_count,source_url,fetched_at
1,2000-10-05,Thu,2,8,10,13,27,30,39,90,2,4,4,1,1,0,0,https://www.mizuhobank.co.jp/takarakuji/check/loto/backnumber/loto60001.html,2026-05-20 04:28:21
2,2000-10-12,Thu,1,9,16,20,21,43,5,110,4,2,2,3,1,1,1,https://www.mizuhobank.co.jp/takarakuji/check/loto/backnumber/loto60001.html,2026-05-20 04:28:21
3,2000-10-19,Thu,1,5,15,31,36,38,13,126,4,2,2,1,3,2,0,https://www.mizuhobank.co.jp/takarakuji/check/loto/backnumber/loto60001.html,2026-05-20 04:28:21
4,2000-10-26,Thu,16,18,26,27,34,40,13,161,1,5,0,4,2,2,1,https://www.mizuhobank.co.jp/takarakuji/check/loto/backnumber/loto60001.html,2026-05-20 04:28:21
5,2000-11-02,Thu,9,15,21,23,27,28,43,123,5,1,1,5,0,0,1,https://www.mizuhobank.co.jp/takarakuji/check/loto/backnumber/loto60001.html,2026-05-20 04:28:21
6,2000-11-09,Thu,6,12,23,25,28,38,22,132,2,4,2,3,1,1,0,https://www.mizuhobank.co.jp/takarakuji/check/loto/backnumber/loto60001.html,2026-05-20 04:28:21
7,2000-11-16,Thu,7,19,21,23,33,35,26,138,6,0,1,3,2,2,0,https://www.mizuhobank.co.jp/takarakuji/check/loto/backnumber/loto60001.html,2026-05-20 04:28:21
8,2000-11-23,Thu,11,16,18,20,42,43,28,150,2,4,1,3,2,2,1,https://www.mizuhobank.co.jp/takarakuji/check/loto/backnumber/loto60001.html,2026-05-20 04:28:21
9,2000-11-30,Thu,11,19,23,38,39,42,15,172,4,2,1,2,3,3,1,https://www.mizuhobank.co.jp/takarakuji/check/loto/backnumber/loto60001.html,2026-05-20 04:28:21
10,2000-12-07,Thu,1,3,19,21,35,39,26,118,6,0,2,2,2,2,0,https://www.mizuhobank.co.jp/takarakuji/check/loto/backnumber/loto60001.html,2026-05-20 04:28:21
11,2000-12-14,Thu,12,26,32,37,40,42,16,189,1,5,1,1,4,4,0,https://www.mizuhobank.co.jp/takarakuji/check/loto/backnumber/loto60001.html,2026-05-20 04:28:21
12,2000-12-21,Thu,14,17,27,28,35,39,22,160,4,2,1,3,2,2,1,https://www.mizuhobank.co.jp/takarakuji/check/loto/backnumber/loto60001.html,2026-05-20 04:28:21
13,2000-12-28,Thu,13,29,31,37,41,42,17,193,5,1,1,1,4,3,1,https://www.mizuhobank.co.jp/takarakuji/check/loto/backnumber/loto60001.html,2026-05-20 04:28:21
14,2001-01-04,Thu,2,8,11,35,37,38,43,131,3,3,3,0,3,3,1,https://www.mizuhobank.co.jp/takarakuji/check/loto/backnumber/loto60001.html,2026-05-20 04:28:21
15,2001-01-11,Thu,4,6,11,20,21,28,36,90,2,4,3,3,0,0,1,https://www.mizuhobank.co.jp/takarakuji/check/loto/backnumber/loto60001.html,2026-05-20 04:28:21
16,2001-01-18,Thu,5,12,13,29,34,35,30,128,4,2,3,1,2,2,2,https://www.mizuhobank.co.jp/takarakuji/check/loto/backnumber/loto60001.html,2026-05-20 04:28:21
17,2001-01-25,Thu,14,20,25,34,35,36,11,164,2,4,1,2,3,3,2,https://www.mizuhobank.co.jp/takarakuji/check/loto/backnumber/loto60001.html,2026-05-20 04:28:21
18,2001-02-01,Thu,6,16,18,27,36,41,33,144,2,4,1,3,2,2,0,https://www.mizuhobank.co.jp/takarakuji/check/loto/backnumber/loto60001.html,2026-05-20 04:28:21
19,2001-02-08,Thu,4,8,12,30,33,43,14,130,2,4,3,0,3,2,0,https://www.mizuhobank.co.jp/takarakuji/check/loto/backnumber/loto60001.html,2026-05-20 04:28:21
20,2001-02-15,Thu,7,29,33,35,37,39,19,180,6,0,1,1,4,4,0,https://www.mizuhobank.co.jp/takarakuji/check/loto/backnumber/loto60001.html,2026-05-20 04:28:21
21,2001-02-22,Thu,5,7,13,19,38,41,42,123,5,1,3,1,2,2,0,https://www.mizuhobank.co.jp/takarakuji/check/loto/backnumber/loto60021.html,2026-05-20 04:28:21
22,2001-03-01,Thu,8,12,16,19,20,35,41,110,2,4,2,3,1,1,1,https://www.mizuhobank.co.jp/takarakuji/check/loto/backnumber/loto60021.html,2026-05-20 04:28:21
23,2001-03-08,Thu,7,10,28,32,33,40,13,150,2,4,2,1,3,3,1,https://www.mizuhobank.co.jp/takarakuji/check/loto/backnumber/loto60021.html,2026-05-20 04:28:21
24,2001-03-15,Thu,15,18,19,30,36,38,13,156,2,4,0,3,3,2,1,https://www.mizuhobank.co.jp/takarakuji/check/loto/backnumber/loto60021.html,2026-05-20 04:28:21
25,2001-03-22,Thu,11,32,34,37,40,43,8,197,3,3,1,0,5,5,0,https://www.mizuhobank.co.jp/takarakuji/check/loto/backnumber/loto60021.html,2026-05-20 04:28:21
26,2001-03-29,Thu,3,4,11,12,13,43,22,86,4,2,5,0,1,1,3,https://www.mizuhobank.co.jp/takarakuji/check/loto/backnumber/loto60021.html,2026-05-20 04:28:21
27,2001-04-05,Thu,4,8,20,30,33,38,10,133,1,5,2,1,3,2,0,https://www.mizuhobank.co.jp/takarakuji/check/loto/backnumber/loto60021.html,2026-05-20 04:28:21
28,2001-04-12,Thu,6,11,15,20,31,41,7,124,4,2,2,2,2,1,0,https://www.mizuhobank.co.jp/takarakuji/check/loto/backnumber/loto60021.html,2026-05-20 04:28:21
29,2001-04-19,Thu,8,12,20,35,37,40,33,152,2,4,2,1,3,3,0,https://www.mizuhobank.co.jp/takarakuji/check/loto/backnumber/loto60021.html,2026-05-20 04:28:21
30,2001-04-26,Thu,4,16,17,19,26,37,8,119,3,3,1,4,1,1,1,https://www.mizuhobank.co.jp/takarakuji/check/loto/backnumber/loto60021.html,2026-05-20 04:28:21
31,2001-05-03,Thu,7,18,22,25,28,43,4,143,3,3,1,4,1,1,0,https://www.mizuhobank.co.jp/takarakuji/check/loto/backnumber/loto60021.html,2026-05-20 04:28:21
32,2001-05-10,Thu,3,6,7,23,29,41,33,109,5,1,3,2,1,1,1,https://www.mizuhobank.co.jp/takarakuji/check/loto/backnumber/loto60021.html,2026-05-20 04:28:21
33,2001-05-17,Thu,8,17,22,25,29,41,13,142,4,2,1,4,1,1,0,https://www.mizuhobank.co.jp/takarakuji/check/loto/backnumber/loto60021.html,2026-05-20 04:28:21
34,2001-05-24,Thu,2,20,25,30,37,40,10,154,2,4,1,2,3,2,0,https://www.mizuhobank.co.jp/takarakuji/check/loto/backnumber/loto60021.html,2026-05-20 04:28:21
35,2001-05-31,Thu,3,5,13,30,32,41,28,124,4,2,3,0,3,2,0,https://www.mizuhobank.co.jp/takarakuji/check/loto/backnumber/loto60021.html,2026-05-20 04:28:21
36,2001-06-07,Thu,1,16,20,23,30,40,17,130,2,4,1,3,2,1,0,https://www.mizuhobank.co.jp/takarakuji/check/loto/backnumber/loto60021.html,2026-05-20 04:28:21
37,2001-06-14,Thu,3,5,9,17,21,41,26,96,6,0,3,2,1,1,0,https://www.mizuhobank.co.jp/takarakuji/check/loto/backnumber/loto60021.html,2026-05-20 04:28:21
38,2001-06-21,Thu,2,9,26,27,34,43,42,141,3,3,2,2,2,2,1,https://www.mizuhobank.co.jp/takarakuji/check/loto/backnumber/loto60021.html,2026-05-20 04:28:21
39,2001-06-28,Thu,10,18,22,25,39,42,17,156,2,4,1,3,2,2,0,https://www.mizuhobank.co.jp/takarakuji/check/loto/backnumber/loto60021.html,2026-05-20 04:28:21
40,2001-07-05,Thu,5,17,25,34,38,39,2,158,4,2,1,2,3,3,1,https://www.mizuhobank.co.jp/takarakuji/check/loto/backnumber/loto60021.html,2026-05-20 04:28:21
41,2001-07-12,Thu,18,21,27,33,36,38,23,173,3,3,0,3,3,3,0,https://www.mizuhobank.co.jp/takarakuji/check/loto/backnumber/loto60041.html,2026-05-20 04:28:21
42,2001-07-19,Thu,4,15,21,24,33,37,9,134,4,2,1,3,2,2,0,https://www.mizuhobank.co.jp/takarakuji/check/loto/backnumber/loto60041.html,2026-05-20 04:28:21
43,2001-07-26,Thu,1,2,3,15,24,26,27,71,3,3,3,3,0,0,2,https://www.mizuhobank.co.jp/takarakuji/check/loto/backnumber/loto60041.html,2026-05-20 04:28:21
44,2001-08-02,Thu,3,16,24,31,34,42,36,150,2,4,1,2,3,2,0,https://www.mizuhobank.co.jp/takarakuji/check/loto/backnumber/loto60041.html,2026-05-20 04:28:21
45,2001-08-09,Thu,7,9,28,32,36,38,8,150,2,4,2,1,3,3,0,https://www.mizuhobank.co.jp/takarakuji/check/loto/backnumber/loto60041.html,2026-05-20 04:28:21
46,2001-08-16,Thu,11,14,21,24,25,42,41,137,3,3,2,3,1,1,1,https://www.mizuhobank.co.jp/takarakuji/check/loto/backnumber/loto60041.html,2026-05-20 04:28:21
47,2001-08-23,Thu,3,11,14,25,27,31,22,111,5,1,3,2,1,0,0,https://www.mizuhobank.co.jp/takarakuji/check/loto/backnumber/loto60041.html,2026-05-20 04:28:21
48,2001-08-30,Thu,2,5,28,30,33,40,26,138,2,4,2,1,3,2,0,https://www.mizuhobank.co.jp/takarakuji/check/loto/backnumber/loto60041.html,2026-05-20 04:28:21
49,2001-09-06,Thu,2,13,21,31,32,41,35,140,4,2,2,1,3,2,1,https://www.mizuhobank.co.jp/takarakuji/check/loto/backnumber/loto60041.html,2026-05-20 04:28:21
50,2001-09-13,Thu,5,13,15,25,27,39,40,124,6,0,2,3,1,1,0,https://www.mizuhobank.co.jp/takarakuji/check/loto/backnumber/loto60041.html,2026-05-20 04:28:21
51,2001-09-20,Thu,7,15,24,37,38,41,34,162,4,2,1,2,3,3,1,https://www.mizuhobank.co.jp/takarakuji/check/loto/backnumber/loto60041.html,2026-05-20 04:28:21
52,2001-09-27,Thu,1,16,24,25,36,42,21,144,2,4,1,3,2,2,1,https://www.mizuhobank.co.jp/takarakuji/check/loto/backnumber/loto60041.html,2026-05-20 04:28:21
53,2001-10-04,Thu,2,15,23,37,40,43,25,160,4,2,1,2,3,3,0,https://www.mizuhobank.co.jp/takarakuji/check/loto/backnumber/loto60041.html,2026-05-20 04:28:21
54,2001-10-11,Thu,14,25,26,31,37,42,7,175,3,3,1,2,3,2,1,https://www.mizuhobank.co.jp/takarakuji/check/loto/backnumber/loto60041.html,2026-05-20 04:28:21
55,2001-10-18,Thu,11,12,13,14,37,39,28,126,4,2,4,0,2,2,3,https://www.mizuhobank.co.jp/takarakuji/check/loto/backnumber/loto60041.html,2026-05-20 04:28:21
56,2001-10-25,Thu,10,13,25,31,32,42,40,153,3,3,2,1,3,2,1,https://www.mizuhobank.co.jp/takarakuji/check/loto/backnumber/loto60041.html,2026-05-20 04:28:21
57,2001-11-01,Thu,2,14,22,27,35,42,34,142,2,4,2,2,2,2,0,https://www.mizuhobank.co.jp/takarakuji/check/loto/backnumber/loto60041.html,2026-05-20 04:28:21
58,2001-11-08,Thu,4,8,9,13,16,25,28,75,3,3,4,2,0,0,1,https://www.mizuhobank.co.jp/takarakuji/check/loto/backnumber/loto60041.html,2026-05-20 04:28:21
59,2001-11-15,Thu,9,15,17,30,32,41,31,144,4,2,1,2,3,2,0,https://www.mizuhobank.co.jp/takarakuji/check/loto/backnumber/loto60041.html,2026-05-20 04:28:21
60,2001-11-22,Thu,20,21,23,28,30,42,29,164,2,4,0,4,2,1,1,https://www.mizuhobank.co.jp/takarakuji/check/loto/backnumber/loto60041.html,2026-05-20 04:28:21
61,2001-11-29,Thu,4,8,22,25,27,28,6,114,2,4,2,4,0,0,1,https://www.mizuhobank.co.jp/takarakuji/check/loto/backnumber/loto60061.html,2026-05-20 04:28:21
62,2001-12-06,Thu,2,3,9,12,15,30,42,71,3,3,4,1,1,0,1,https://www.mizuhobank.co.jp/takarakuji/check/loto/backnumber/loto60061.html,2026-05-20 04:28:21
63,2001-12-13,Thu,11,16,20,28,34,40,22,149,1,5,1,3,2,2,0,https://www.mizuhobank.co.jp/takarakuji/check/loto/backnumber/loto60061.html,2026-05-20 04:28:21
64,2001-12-20,Thu,2,14,19,22,32,41,9,130,2,4,2,2,2,2,0,https://www.mizuhobank.co.jp/takarakuji/check/loto/backnumber/loto60061.html,2026-05-20 04:28:21
65,2001-12-27,Thu,2,10,22,23,31,43,28,131,3,3,2,2,2,1,1,https://www.mizuhobank.co.jp/takarakuji/check/loto/backnumber/loto60061.html,2026-05-20 04:28:21
66,2002-01-10,Thu,7,15,17,30,33,35,14,137,5,1,1,2,3,2,0,https://www.mizuhobank.co.jp/takarakuji/check/loto/backnumber/loto60061.html,2026-05-20 04:28:21
67,2002-01-17,Thu,1,4,6,11,18,25,3,65,3,3,4,2,0,0,0,https://www.mizuhobank.co.jp/takarakuji/check/loto/backnumber/loto60061.html,2026-05-20 04:28:21
68,2002-01-24,Thu,16,23,30,35,37,39,38,180,4,2,0,2,4,3,0,https://www.mizuhobank.co.jp/takarakuji/check/loto/backnumber/loto60061.html,2026-05-20 04:28:21
69,2002-01-31,Thu,1,9,31,35,40,41,14,157,5,1,2,0,4,3,1,https://www.mizuhobank.co.jp/takarakuji/check/loto/backnumber/loto60061.html,2026-05-20 04:28:21
70,2002-02-07,Thu,6,11,20,23,24,31,17,115,3,3,2,3,1,0,1,https://www.mizuhobank.co.jp/takarakuji/check/loto/backnumber/loto60061.html,2026-05-20 04:28:21
71,2002-02-14,Thu,1,10,11,13,19,20,3,74,4,2,4,2,0,0,2,https://www.mizuhobank.co.jp/takarakuji/check/loto/backnumber/loto60061.html,2026-05-20 04:28:21
72,2002-02-21,Thu,10,12,24,29,33,37,34,145,3,3,2,2,2,2,0,https://www.mizuhobank.co.jp/takarakuji/check/loto/backnumber/loto60061.html,2026-05-20 04:28:21
73,2002-02-28,Thu,1,6,15,19,27,36,25,104,4,2,2,3,1,1,0,https://www.mizuhobank.co.jp/takarakuji/check/loto/backnumber/loto60061.html,2026-05-20 04:28:21
74,2002-03-07,Thu,3,14,27,28,40,43,39,155,3,3,2,2,2,2,1,https://www.mizuhobank.co.jp/takarakuji/check/loto/backnumber/loto60061.html,2026-05-20 04:28:21
75,2002-03-14,Thu,2,4,9,19,23,31,18,88,4,2,3,2,1,0,0,https://www.mizuhobank.co.jp/takarakuji/check/loto/backnumber/loto60061.html,2026-05-20 04:28:21
76,2002-03-21,Thu,1,10,12,16,20,35,29,94,2,4,3,2,1,1,0,https://www.mizuhobank.co.jp/takarakuji/check/loto/backnumber/loto60061.html,2026-05-20 04:28:21
77,2002-03-28,Thu,5,10,15,28,37,38,13,133,3,3,2,2,2,2,1,https://www.mizuhobank.co.jp/takarakuji/check/loto/backnumber/loto60061.html,2026-05-20 04:28:21
78,2002-04-04,Thu,5,14,23,32,33,43,37,150,4,2,2,1,3,3,1,https://www.mizuhobank.co.jp/takarakuji/check/loto/backnumber/loto60061.html,2026-05-20 04:28:21
79,2002-04-11,Thu,20,22,27,32,36,43,23,180,2,4,0,3,3,3,0,https://www.mizuhobank.co.jp/takarakuji/check/loto/backnumber/loto60061.html,2026-05-20 04:28:21
80,2002-04-18,Thu,1,4,12,16,19,34,18,86,2,4,3,2,1,1,0,https://www.mizuhobank.co.jp/takarakuji/check/loto/backnumber/loto60061.html,2026-05-20 04:28:21
81,2002-04-25,Thu,1,11,15,23,26,27,41,103,5,1,2,4,0,0,1,https://www.mizuhobank.co.jp/takarakuji/check/loto/backnumber/loto60081.html,2026-05-20 04:28:21
82,2002-05-02,Thu,10,12,19,25,26,39,28,131,3,3,2,3,1,1,1,https://www.mizuhobank.co.jp/takarakuji/check/loto/backnumber/loto60081.html,2026-05-20 04:28:21
83,2002-05-09,Thu,1,16,21,28,35,37,30,138,4,2,1,3,2,2,0,https://www.mizuhobank.co.jp/takarakuji/check/loto/backnumber/loto60081.html,2026-05-20 04:28:21
84,2002-05-16,Thu,17,19,26,28,35,37,40,162,4,2,0,4,2,2,0,https://www.mizuhobank.co.jp/takarakuji/check/loto/backnumber/loto60081.html,2026-05-20 04:28:21
85,2002-05-23,Thu,5,13,18,22,23,32,28,113,3,3,2,3,1,1,1,https://www.mizuhobank.co.jp/takarakuji/check/loto/backnumber/loto60081.html,2026-05-20 04:28:21
86,2002-05-30,Thu,3,7,16,24,29,36,26,115,3,3,2,3,1,1,0,https://www.mizuhobank.co.jp/takarakuji/check/loto/backnumber/loto60081.html,2026-05-20 04:28:21
87,2002-06-06,Thu,3,8,12,36,39,41,10,139,3,3,3,0,3,3,0,https://www.mizuhobank.co.jp/takarakuji/check/loto/backnumber/loto60081.html,2026-05-20 04:28:21
88,2002-06-13,Thu,5,6,8,20,21,26,30,86,2,4,3,3,0,0,2,https://www.mizuhobank.co.jp/takarakuji/check/loto/backnumber/loto60081.html,2026-05-20 04:28:21
89,2002-06-20,Thu,3,13,23,30,35,43,21,147,5,1,2,1,3,2,0,https://www.mizuhobank.co.jp/takarakuji/check/loto/backnumber/loto60081.html,2026-05-20 04:28:21
90,2002-06-27,Thu,13,15,17,18,30,32,9,125,3,3,1,3,2,1,1,https://www.mizuhobank.co.jp/takarakuji/check/loto/backnumber/loto60081.html,2026-05-20 04:28:21
91,2002-07-04,Thu,13,15,17,26,41,43,6,155,5,1,1,3,2,2,0,https://www.mizuhobank.co.jp/takarakuji/check/loto/backnumber/loto60081.html,2026-05-20 04:28:21
92,2002-07-11,Thu,5,17,20,24,28,40,16,134,2,4,1,4,1,1,0,https://www.mizuhobank.co.jp/takarakuji/check/loto/backnumber/loto60081.html,2026-05-20 04:28:21
93,2002-07-18,Thu,10,23,33,36,37,41,28,180,4,2,1,1,4,4,1,https://www.mizuhobank.co.jp/takarakuji/check/loto/backnumber/loto60081.html,2026-05-20 04:28:21
94,2002-07-25,Thu,11,16,17,18,29,40,9,131,3,3,1,4,1,1,2,https://www.mizuhobank.co.jp/takarakuji/check/loto/backnumber/loto60081.html,2026-05-20 04:28:21
95,2002-08-01,Thu,2,3,12,15,25,27,33,84,4,2,3,3,0,0,1,https://www.mizuhobank.co.jp/takarakuji/check/loto/backnumber/loto60081.html,2026-05-20 04:28:21
96,2002-08-08,Thu,1,13,15,34,36,43,37,142,4,2,2,1,3,3,0,https://www.mizuhobank.co.jp/takarakuji/check/loto/backnumber/loto60081.html,2026-05-20 04:28:21
97,2002-08-15,Thu,4,10,17,34,35,42,43,142,2,4,2,1,3,3,1,https://www.mizuhobank.co.jp/takarakuji/check/loto/backnumber/loto60081.html,2026-05-20 04:28:21
98,2002-08-22,Thu,7,16,34,37,38,39,8,171,3,3,1,1,4,4,2,https://www.mizuhobank.co.jp/takarakuji/check/loto/backnumber/loto60081.html,2026-05-20 04:28:21
99,2002-08-29,Thu,5,9,12,28,29,39,27,122,4,2,3,2,1,1,1,https://www.mizuhobank.co.jp/takarakuji/check/loto/backnumber/loto60081.html,2026-05-20 04:28:21
100,2002-09-05,Thu,6,8,11,14,31,33,23,103,3,3,4,0,2,1,0,https://www.mizuhobank.co.jp/takarakuji/check/loto/backnumber/loto60081.html,2026-05-20 04:28:21
101,2002-09-12,Thu,21,27,29,30,36,40,23,183,3,3,0,3,3,2,1,https://www.mizuhobank.co.jp/takarakuji/check/loto/backnumber/loto60101.html,2026-05-20 04:28:21
102,2002-09-19,Thu,4,5,18,27,35,36,41,125,3,3,2,2,2,2,2,https://www.mizuhobank.co.jp/takarakuji/check/loto/backnumber/loto60101.html,2026-05-20 04:28:21
103,2002-09-26,Thu,1,16,17,27,29,34,39,124,4,2,1,4,1,1,1,https://www.mizuhobank.co.jp/takarakuji/check/loto/backnumber/loto60101.html,2026-05-20 04:28:21
104,2002-10-03,Thu,1,11,17,26,28,35,12,118,4,2,2,3,1,1,0,https://www.mizuhobank.co.jp/takarakuji/check/loto/backnumber/loto60101.html,2026-05-20 04:28:21
105,2002-10-10,Thu,1,9,14,22,25,34,18,105,3,3,3,2,1,1,0,https://www.mizuhobank.co.jp/takarakuji/check/loto/backnumber/loto60101.html,2026-05-20 04:28:21
106,2002-10-17,Thu,8,11,21,22,25,27,26,114,4,2,2,4,0,0,1,https://www.mizuhobank.co.jp/takarakuji/check/loto/backnumber/loto60101.html,2026-05-20 04:28:21
107,2002-10-24,Thu,4,5,11,12,28,32,37,92,2,4,4,1,1,1,2,https://www.mizuhobank.co.jp/takarakuji/check/loto/backnumber/loto60101.html,2026-05-20 04:28:21
108,2002-10-31,Thu,9,22,23,25,34,37,8,150,4,2,1,3,2,2,1,https://www.mizuhobank.co.jp/takarakuji/check/loto/backnumber/loto60101.html,2026-05-20 04:28:21
109,2002-11-07,Thu,2,5,12,18,30,41,24,108,2,4,3,1,2,1,0,https://www.mizuhobank.co.jp/takarakuji/check/loto/backnumber/loto60101.html,2026-05-20 04:28:21
110,2002-11-14,Thu,5,6,8,19,37,41,9,116,4,2,3,1,2,2,1,https://www.mizuhobank.co.jp/takarakuji/check/loto/backnumber/loto60101.html,2026-05-20 04:28:21
111,2002-11-21,Thu,11,15,21,31,32,43,24,153,5,1,1,2,3,2,1,https://www.mizuhobank.co.jp/takarakuji/check/loto/backnumber/loto60101.html,2026-05-20 04:28:21
112,2002-11-28,Thu,16,18,23,25,29,30,41,141,3,3,0,5,1,0,1,https://www.mizuhobank.co.jp/takarakuji/check/loto/backnumber/loto60101.html,2026-05-20 04:28:21
113,2002-12-05,Thu,3,17,27,29,30,42,6,148,4,2,1,3,2,1,1,https://www.mizuhobank.co.jp/takarakuji/check/loto/backnumber/loto60101.html,2026-05-20 04:28:21
114,2002-12-12,Thu,7,13,14,29,38,42,9,143,3,3,3,1,2,2,1,https://www.mizuhobank.co.jp/takarakuji/check/loto/backnumber/loto60101.html,2026-05-20 04:28:21
115,2002-12-19,Thu,8,9,11,27,37,39,18,131,5,1,3,1,2,2,1,https://www.mizuhobank.co.jp/takarakuji/check/loto/backnumber/loto60101.html,2026-05-20 04:28:21
116,2002-12-26,Thu,8,10,15,16,26,31,42,106,2,4,2,3,1,0,1,https://www.mizuhobank.co.jp/takarakuji/check/loto/backnumber/loto60101.html,2026-05-20 04:28:21
117,2003-01-09,Thu,5,7,19,20,38,43,4,132,4,2,2,2,2,2,1,https://www.mizuhobank.co.jp/takarakuji/check/loto/backnumber/loto60101.html,2026-05-20 04:28:21
118,2003-01-16,Thu,9,13,21,30,32,37,20,142,4,2,2,1,3,2,0,https://www.mizuhobank.co.jp/takarakuji/check/loto/backnumber/loto60101.html,2026-05-20 04:28:21
119,2003-01-23,Thu,3,4,11,12,15,30,17,75,3,3,4,1,1,0,2,https://www.mizuhobank.co.jp/takarakuji/check/loto/backnumber/loto60101.html,2026-05-20 04:28:21
120,2003-01-30,Thu,15,18,22,25,36,40,14,156,2,4,0,4,2,2,0,https://www.mizuhobank.co.jp/takarakuji/check/loto/backnumber/loto60101.html,2026-05-20 04:28:21
121,2003-02-06,Thu,3,8,10,22,28,41,35,112,2,4,3,2,1,1,0,https://www.mizuhobank.co.jp/takarakuji/check/loto/backnumber/loto60121.html,2026-05-20 04:28:21
122,2003-02-13,Thu,19,20,21,25,33,42,41,160,4,2,0,4,2,2,2,https://www.mizuhobank.co.jp/takarakuji/check/loto/backnumber/loto60121.html,2026-05-20 04:28:21
123,2003-02-20,Thu,14,21,26,28,29,31,8,149,3,3,1,4,1,0,1,https://www.mizuhobank.co.jp/takarakuji/check/loto/backnumber/loto60121.html,2026-05-20 04:28:21
124,2003-02-27,Thu,4,17,23,30,39,40,28,153,3,3,1,2,3,2,1,https://www.mizuhobank.co.jp/takarakuji/check/loto/backnumber/loto60121.html,2026-05-20 04:28:21
125,2003-03-06,Thu,11,15,19,30,36,41,10,152,4,2,1,2,3,2,0,https://www.mizuhobank.co.jp/takarakuji/check/loto/backnumber/loto60121.html,2026-05-20 04:28:21
126,2003-03-13,Thu,5,6,9,10,21,38,20,89,3,3,4,1,1,1,2,https://www.mizuhobank.co.jp/takarakuji/check/loto/backnumber/loto60121.html,2026-05-20 04:28:21
127,2003-03-20,Thu,14,16,21,26,37,40,3,154,2,4,1,3,2,2,0,https://www.mizuhobank.co.jp/takarakuji/check/loto/backnumber/loto60121.html,2026-05-20 04:28:21
128,2003-03-27,Thu,6,10,18,20,29,39,21,122,2,4,2,3,1,1,0,https://www.mizuhobank.co.jp/takarakuji/check/loto/backnumber/loto60121.html,2026-05-20 04:28:21
129,2003-04-03,Thu,6,18,25,26,30,42,24,147,1,5,1,3,2,1,1,https://www.mizuhobank.co.jp/takarakuji/check/loto/backnumber/loto60121.html,2026-05-20 04:28:21
130,2003-04-10,Thu,22,30,31,34,38,39,2,194,2,4,0,1,5,3,2,https://www.mizuhobank.co.jp/takarakuji/check/loto/backnumber/loto60121.html,2026-05-20 04:28:21
131,2003-04-17,Thu,6,30,33,34,40,43,1,186,2,4,1,0,5,4,1,https://www.mizuhobank.co.jp/takarakuji/check/loto/backnumber/loto60121.html,2026-05-20 04:28:21
132,2003-04-24,Thu,3,18,23,31,32,37,1,144,4,2,1,2,3,2,1,https://www.mizuhobank.co.jp/takarakuji/check/loto/backnumber/loto60121.html,2026-05-20 04:28:21
133,2003-05-01,Thu,17,24,26,35,40,41,16,183,3,3,0,3,3,3,1,https://www.mizuhobank.co.jp/takarakuji/check/loto/backnumber/loto60121.html,2026-05-20 04:28:21
134,2003-05-08,Thu,2,6,11,14,18,19,21,70,2,4,4,2,0,0,1,https://www.mizuhobank.co.jp/takarakuji/check/loto/backnumber/loto60121.html,2026-05-20 04:28:21
135,2003-05-15,Thu,7,13,30,33,35,36,11,154,4,2,2,0,4,3,1,https://www.mizuhobank.co.jp/takarakuji/check/loto/backnumber/loto60121.html,2026-05-20 04:28:21
136,2003-05-22,Thu,3,13,26,31,32,39,1,144,4,2,2,1,3,2,1,https://www.mizuhobank.co.jp/takarakuji/check/loto/backnumber/loto60121.html,2026-05-20 04:28:21
137,2003-05-29,Thu,10,13,20,22,25,42,14,132,2,4,2,3,1,1,0,https://www.mizuhobank.co.jp/takarakuji/check/loto/backnumber/loto60121.html,2026-05-20 04:28:21
138,2003-06-05,Thu,7,9,10,16,23,29,18,94,4,2,3,3,0,0,1,https://www.mizuhobank.co.jp/takarakuji/check/loto/backnumber/loto60121.html,2026-05-20 04:28:21
139,2003-06-12,Thu,10,21,22,28,37,41,12,159,3,3,1,3,2,2,1,https://www.mizuhobank.co.jp/takarakuji/check/loto/backnumber/loto60121.html,2026-05-20 04:28:21
140,2003-06-19,Thu,17,19,29,37,39,40,10,181,5,1,0,3,3,3,1,https://www.mizuhobank.co.jp/takarakuji/check/loto/backnumber/loto60121.html,2026-05-20 04:28:21
141,2003-06-26,Thu,8,9,14,24,32,39,30,126,2,4,3,1,2,2,1,https://www.mizuhobank.co.jp/takarakuji/check/loto/backnumber/loto60141.html,2026-05-20 04:28:21
142,2003-07-03,Thu,2,16,22,27,29,39,38,135,3,3,1,4,1,1,0,https://www.mizuhobank.co.jp/takarakuji/check/loto/backnumber/loto60141.html,2026-05-20 04:28:21
143,2003-07-10,Thu,17,21,22,27,33,41,43,161,5,1,0,4,2,2,1,https://www.mizuhobank.co.jp/takarakuji/check/loto/backnumber/loto60141.html,2026-05-20 04:28:21
144,2003-07-17,Thu,1,16,19,33,38,41,43,148,4,2,1,2,3,3,0,https://www.mizuhobank.co.jp/takarakuji/check/loto/backnumber/loto60141.html,2026-05-20 04:28:21
145,2003-07-24,Thu,1,4,10,21,23,38,7,97,3,3,3,2,1,1,0,https://www.mizuhobank.co.jp/takarakuji/check/loto/backnumber/loto60141.html,2026-05-20 04:28:21
146,2003-07-31,Thu,7,17,27,36,37,39,4,163,5,1,1,2,3,3,1,https://www.mizuhobank.co.jp/takarakuji/check/loto/backnumber/loto60141.html,2026-05-20 04:28:21
147,2003-08-07,Thu,16,18,20,29,30,38,27,151,1,5,0,4,2,1,1,https://www.mizuhobank.co.jp/takarakuji/check/loto/backnumber/loto60141.html,2026-05-20 04:28:21
148,2003-08-14,Thu,3,16,18,20,28,29,9,114,2,4,1,5,0,0,1,https://www.mizuhobank.co.jp/takarakuji/check/loto/backnumber/loto60141.html,2026-05-20 04:28:21
149,2003-08-21,Thu,8,9,13,20,33,37,19,120,4,2,3,1,2,2,1,https://www.mizuhobank.co.jp/takarakuji/check/loto/backnumber/loto60141.html,2026-05-20 04:28:21
150,2003-08-28,Thu,10,11,18,20,31,43,27,133,3,3,2,2,2,1,1,https://www.mizuhobank.co.jp/takarakuji/check/loto/backnumber/loto60141.html,2026-05-20 04:28:21
151,2003-09-04,Thu,3,8,17,25,28,32,27,113,3,3,2,3,1,1,0,https://www.mizuhobank.co.jp/takarakuji/check/loto/backnumber/loto60141.html,2026-05-20 04:28:21
152,2003-09-11,Thu,4,8,12,16,31,33,17,104,2,4,3,1,2,1,0,https://www.mizuhobank.co.jp/takarakuji/check/loto/backnumber/loto60141.html,2026-05-20 04:28:21
153,2003-09-18,Thu,4,7,8,12,25,26,41,82,2,4,4,2,0,0,2,https://www.mizuhobank.co.jp/takarakuji/check/loto/backnumber/loto60141.html,2026-05-20 04:28:21
154,2003-09-25,Thu,7,9,18,26,27,38,14,125,3,3,2,3,1,1,1,https://www.mizuhobank.co.jp/takarakuji/check/loto/backnumber/loto60141.html,2026-05-20 04:28:21
155,2003-10-02,Thu,5,6,7,18,22,27,41,85,3,3,3,3,0,0,2,https://www.mizuhobank.co.jp/takarakuji/check/loto/backnumber/loto60141.html,2026-05-20 04:28:21
156,2003-10-09,Thu,6,20,22,29,30,35,39,142,2,4,1,3,2,1,1,https://www.mizuhobank.co.jp/takarakuji/check/loto/backnumber/loto60141.html,2026-05-20 04:28:21
157,2003-10-16,Thu,5,8,17,19,25,27,21,101,5,1,2,4,0,0,0,https://www.mizuhobank.co.jp/takarakuji/check/loto/backnumber/loto60141.html,2026-05-20 04:28:21
158,2003-10-23,Thu,1,6,12,35,37,38,30,129,3,3,3,0,3,3,1,https://www.mizuhobank.co.jp/takarakuji/check/loto/backnumber/loto60141.html,2026-05-20 04:28:21
159,2003-10-30,Thu,12,23,30,31,38,42,6,176,2,4,1,1,4,2,1,https://www.mizuhobank.co.jp/takarakuji/check/loto/backnumber/loto60141.html,2026-05-20 04:28:21
160,2003-11-06,Thu,4,10,20,30,31,32,26,127,1,5,2,1,3,1,2,https://www.mizuhobank.co.jp/takarakuji/check/loto/backnumber/loto60141.html,2026-05-20 04:28:21
161,2003-11-13,Thu,23,26,28,33,38,42,8,190,2,4,0,3,3,3,0,https://www.mizuhobank.co.jp/takarakuji/check/loto/backnumber/loto60161.html,2026-05-20 04:28:21
162,2003-11-20,Thu,3,22,25,30,33,37,35,150,4,2,1,2,3,2,0,https://www.mizuhobank.co.jp/takarakuji/check/loto/backnumber/loto60161.html,2026-05-20 04:28:21
163,2003-11-27,Thu,2,3,11,17,24,34,28,91,3,3,3,2,1,1,1,https://www.mizuhobank.co.jp/takarakuji/check/loto/backnumber/loto60161.html,2026-05-20 04:28:21
164,2003-12-04,Thu,1,2,13,14,35,38,32,103,3,3,4,0,2,2,2,https://www.mizuhobank.co.jp/takarakuji/check/loto/backnumber/loto60161.html,2026-05-20 04:28:21
165,2003-12-11,Thu,9,11,16,21,25,36,10,118,4,2,2,3,1,1,0,https://www.mizuhobank.co.jp/takarakuji/check/loto/backnumber/loto60161.html,2026-05-20 04:28:21
166,2003-12-18,Thu,14,18,20,28,34,38,17,152,0,6,1,3,2,2,0,https://www.mizuhobank.co.jp/takarakuji/check/loto/backnumber/loto60161.html,2026-05-20 04:28:21
167,2003-12-25,Thu,10,14,17,19,29,42,2,131,3,3,2,3,1,1,0,https://www.mizuhobank.co.jp/takarakuji/check/loto/backnumber/loto60161.html,2026-05-20 04:28:21
168,2004-01-08,Thu,1,6,31,32,36,39,42,145,3,3,2,0,4,3,1,https://www.mizuhobank.co.jp/takarakuji/check/loto/backnumber/loto60161.html,2026-05-20 04:28:21
169,2004-01-15,Thu,3,15,17,19,26,36,39,116,4,2,1,4,1,1,0,https://www.mizuhobank.co.jp/takarakuji/check/loto/backnumber/loto60161.html,2026-05-20 04:28:21
170,2004-01-22,Thu,10,12,15,17,30,31,6,115,3,3,2,2,2,0,1,https://www.mizuhobank.co.jp/takarakuji/check/loto/backnumber/loto60161.html,2026-05-20 04:28:21
171,2004-01-29,Thu,5,6,17,23,32,33,39,116,4,2,2,2,2,2,2,https://www.mizuhobank.co.jp/takarakuji/check/loto/backnumber/loto60161.html,2026-05-20 04:28:21
172,2004-02-05,Thu,10,11,22,23,33,34,27,133,3,3,2,2,2,2,3,https://www.mizuhobank.co.jp/takarakuji/check/loto/backnumber/loto60161.html,2026-05-20 04:28:21
173,2004-02-12,Thu,6,10,22,30,31,35,18,134,2,4,2,1,3,1,1,https://www.mizuhobank.co.jp/takarakuji/check/loto/backnumber/loto60161.html,2026-05-20 04:28:21
174,2004-02-19,Thu,2,9,16,36,38,42,6,143,1,5,2,1,3,3,0,https://www.mizuhobank.co.jp/takarakuji/check/loto/backnumber/loto60161.html,2026-05-20 04:28:21
175,2004-02-26,Thu,2,3,10,22,28,40,43,105,1,5,3,2,1,1,1,https://www.mizuhobank.co.jp/takarakuji/check/loto/backnumber/loto60161.html,2026-05-20 04:28:21
176,2004-03-04,Thu,8,19,25,31,34,37,30,154,4,2,1,2,3,2,0,https://www.mizuhobank.co.jp/takarakuji/check/loto/backnumber/loto60161.html,2026-05-20 04:28:21
177,2004-03-11,Thu,6,18,19,30,36,41,27,150,2,4,1,2,3,2,1,https://www.mizuhobank.co.jp/takarakuji/check/loto/backnumber/loto60161.html,2026-05-20 04:28:21
178,2004-03-18,Thu,10,22,27,30,36,39,4,164,2,4,1,2,3,2,0,https://www.mizuhobank.co.jp/takarakuji/check/loto/backnumber/loto60161.html,2026-05-20 04:28:21
179,2004-03-25,Thu,3,6,11,13,15,16,23,64,4,2,4,2,0,0,1,https://www.mizuhobank.co.jp/takarakuji/check/loto/backnumber/loto60161.html,2026-05-20 04:28:21
180,2004-04-01,Thu,4,10,11,12,20,36,28,93,1,5,4,1,1,1,2,https://www.mizuhobank.co.jp/takarakuji/check/loto/backnumber/loto60161.html,2026-05-20 04:28:21
181,2004-04-08,Thu,1,2,7,21,29,30,23,90,4,2,3,2,1,0,2,https://www.mizuhobank.co.jp/takarakuji/check/loto/backnumber/loto60181.html,2026-05-20 04:28:21
182,2004-04-15,Thu,22,23,28,37,40,43,30,193,3,3,0,3,3,3,1,https://www.mizuhobank.co.jp/takarakuji/check/loto/backnumber/loto60181.html,2026-05-20 04:28:21
183,2004-04-22,Thu,14,29,31,36,38,40,33,188,2,4,1,1,4,3,0,https://www.mizuhobank.co.jp/takarakuji/check/loto/backnumber/loto60181.html,2026-05-20 04:28:21
184,2004-04-29,Thu,5,7,23,31,39,42,19,147,5,1,2,1,3,2,0,https://www.mizuhobank.co.jp/takarakuji/check/loto/backnumber/loto60181.html,2026-05-20 04:28:21
185,2004-05-06,Thu,8,13,14,18,35,41,33,129,3,3,3,1,2,2,1,https://www.mizuhobank.co.jp/takarakuji/check/loto/backnumber/loto60181.html,2026-05-20 04:28:21
186,2004-05-13,Thu,7,16,18,33,36,41,4,151,3,3,1,2,3,3,0,https://www.mizuhobank.co.jp/takarakuji/check/loto/backnumber/loto60181.html,2026-05-20 04:28:21
187,2004-05-20,Thu,12,21,22,27,39,40,25,161,3,3,1,3,2,2,2,https://www.mizuhobank.co.jp/takarakuji/check/loto/backnumber/loto60181.html,2026-05-20 04:28:21
188,2004-05-27,Thu,3,8,18,25,26,39,38,119,3,3,2,3,1,1,1,https://www.mizuhobank.co.jp/takarakuji/check/loto/backnumber/loto60181.html,2026-05-20 04:28:21
189,2004-06-03,Thu,3,32,35,36,39,40,5,185,3,3,1,0,5,5,2,https://www.mizuhobank.co.jp/takarakuji/check/loto/backnumber/loto60181.html,2026-05-20 04:28:21
190,2004-06-10,Thu,17,23,30,31,39,43,42,183,5,1,0,2,4,2,1,https://www.mizuhobank.co.jp/takarakuji/check/loto/backnumber/loto60181.html,2026-05-20 04:28:21
191,2004-06-17,Thu,4,7,25,27,34,43,35,140,4,2,2,2,2,2,0,https://www.mizuhobank.co.jp/takarakuji/check/loto/backnumber/loto60181.html,2026-05-20 04:28:21
192,2004-06-24,Thu,3,7,19,27,39,41,10,136,6,0,2,2,2,2,0,https://www.mizuhobank.co.jp/takarakuji/check/loto/backnumber/loto60181.html,2026-05-20 04:28:21
193,2004-07-01,Thu,3,4,18,31,40,43,22,139,3,3,2,1,3,2,1,https://www.mizuhobank.co.jp/takarakuji/check/loto/backnumber/loto60181.html,2026-05-20 04:28:21
194,2004-07-08,Thu,4,11,12,21,36,38,37,122,2,4,3,1,2,2,1,https://www.mizuhobank.co.jp/takarakuji/check/loto/backnumber/loto60181.html,2026-05-20 04:28:21
195,2004-07-15,Thu,5,10,12,22,26,41,19,116,2,4,3,2,1,1,0,https://www.mizuhobank.co.jp/takarakuji/check/loto/backnumber/loto60181.html,2026-05-20 04:28:21
196,2004-07-22,Thu,4,5,11,16,30,33,14,99,3,3,3,1,2,1,1,https://www.mizuhobank.co.jp/takarakuji/check/loto/backnumber/loto60181.html,2026-05-20 04:28:21
197,2004-07-29,Thu,9,10,17,22,28,30,19,116,2,4,2,3,1,0,1,https://www.mizuhobank.co.jp/takarakuji/check/loto/backnumber/loto60181.html,2026-05-20 04:28:21
198,2004-08-05,Thu,4,5,6,17,20,42,10,94,2,4,3,2,1,1,2,https://www.mizuhobank.co.jp/takarakuji/check/loto/backnumber/loto60181.html,2026-05-20 04:28:21
199,2004-08-12,Thu,3,14,24,25,33,36,41,135,3,3,2,2,2,2,1,https://www.mizuhobank.co.jp/takarakuji/check/loto/backnumber/loto60181.html,2026-05-20 04:28:21
200,2004-08-19,Thu,4,7,11,19,25,28,2,94,4,2,3,3,0,0,0,https://www.mizuhobank.co.jp/takarakuji/check/loto/backnumber/loto60181.html,2026-05-20 04:28:21
201,2004-08-26,Thu,10,13,16,17,24,39,43,119,3,3,2,3,1,1,1,https://www.mizuhobank.co.jp/takarakuji/check/loto/backnumber/loto60201.html,2026-05-20 04:28:21
202,2004-09-02,Thu,9,18,26,28,33,40,10,154,2,4,1,3,2,2,0,https://www.mizuhobank.co.jp/takarakuji/check/loto/backnumber/loto60201.html,2026-05-20 04:28:21
203,2004-09-09,Thu,12,18,20,27,35,37,39,149,3,3,1,3,2,2,0,https://www.mizuhobank.co.jp/takarakuji/check/loto/backnumber/loto60201.html,2026-05-20 04:28:21
204,2004-09-16,Thu,2,17,20,25,39,42,30,145,3,3,1,3,2,2,0,https://www.mizuhobank.co.jp/takarakuji/check/loto/backnumber/loto60201.html,2026-05-20 04:28:21
205,2004-09-23,Thu,4,7,9,16,18,34,26,88,2,4,3,2,1,1,0,https://www.mizuhobank.co.jp/takarakuji/check/loto/backnumber/loto60201.html,2026-05-20 04:28:21
206,2004-09-30,Thu,1,3,16,22,41,43,13,126,4,2,2,2,2,2,0,https://www.mizuhobank.co.jp/takarakuji/check/loto/backnumber/loto60201.html,2026-05-20 04:28:21
207,2004-10-07,Thu,17,21,23,30,31,34,5,156,4,2,0,3,3,1,1,https://www.mizuhobank.co.jp/takarakuji/check/loto/backnumber/loto60201.html,2026-05-20 04:28:21
208,2004-10-14,Thu,18,24,29,32,35,39,23,177,3,3,0,3,3,3,0,https://www.mizuhobank.co.jp/takarakuji/check/loto/backnumber/loto60201.html,2026-05-20 04:28:21
209,2004-10-21,Thu,8,27,30,35,40,41,9,181,3,3,1,1,4,3,1,https://www.mizuhobank.co.jp/takarakuji/check/loto/backnumber/loto60201.html,2026-05-20 04:28:21
210,2004-10-28,Thu,1,6,21,22,37,40,19,127,3,3,2,2,2,2,1,https://www.mizuhobank.co.jp/takarakuji/check/loto/backnumber/loto60201.html,2026-05-20 04:28:21
211,2004-11-04,Thu,10,14,23,26,33,36,24,142,2,4,2,2,2,2,0,https://www.mizuhobank.co.jp/takarakuji/check/loto/backnumber/loto60201.html,2026-05-20 04:28:21
212,2004-11-11,Thu,1,11,17,32,35,39,20,135,5,1,2,1,3,3,0,https://www.mizuhobank.co.jp/takarakuji/check/loto/backnumber/loto60201.html,2026-05-20 04:28:21
213,2004-11-18,Thu,4,7,18,26,29,43,8,127,3,3,2,3,1,1,0,https://www.mizuhobank.co.jp/takarakuji/check/loto/backnumber/loto60201.html,2026-05-20 04:28:21
214,2004-11-25,Thu,4,7,9,11,20,36,32,87,3,3,4,1,1,1,0,https://www.mizuhobank.co.jp/takarakuji/check/loto/backnumber/loto60201.html,2026-05-20 04:28:21
215,2004-12-02,Thu,1,4,13,18,22,31,30,89,3,3,3,2,1,0,0,https://www.mizuhobank.co.jp/takarakuji/check/loto/backnumber/loto60201.html,2026-05-20 04:28:21
216,2004-12-09,Thu,9,21,29,33,35,41,27,168,6,0,1,2,3,3,0,https://www.mizuhobank.co.jp/takarakuji/check/loto/backnumber/loto60201.html,2026-05-20 04:28:21
217,2004-12-16,Thu,8,19,23,27,29,39,28,145,5,1,1,4,1,1,0,https://www.mizuhobank.co.jp/takarakuji/check/loto/backnumber/loto60201.html,2026-05-20 04:28:21
218,2004-12-23,Thu,8,10,18,22,31,36,4,125,1,5,2,2,2,1,0,https://www.mizuhobank.co.jp/takarakuji/check/loto/backnumber/loto60201.html,2026-05-20 04:28:21
219,2004-12-30,Thu,27,28,29,34,35,39,33,192,4,2,0,3,3,3,3,https://www.mizuhobank.co.jp/takarakuji/check/loto/backnumber/loto60201.html,2026-05-20 04:28:21
220,2005-01-06,Thu,23,25,26,29,33,37,40,173,5,1,0,4,2,2,1,https://www.mizuhobank.co.jp/takarakuji/check/loto/backnumber/loto60201.html,2026-05-20 04:28:21
221,2005-01-13,Thu,8,27,30,31,38,42,13,176,2,4,1,1,4,2,1,https://www.mizuhobank.co.jp/takarakuji/check/loto/backnumber/loto60221.html,2026-05-20 04:28:21
222,2005-01-20,Thu,4,14,15,22,29,31,20,115,3,3,2,3,1,0,1,https://www.mizuhobank.co.jp/takarakuji/check/loto/backnumber/loto60221.html,2026-05-20 04:28:21
223,2005-01-27,Thu,7,9,19,26,30,32,3,123,3,3,2,2,2,1,0,https://www.mizuhobank.co.jp/takarakuji/check/loto/backnumber/loto60221.html,2026-05-20 04:28:21
224,2005-02-03,Thu,12,17,18,19,30,35,13,131,3,3,1,3,2,1,2,https://www.mizuhobank.co.jp/takarakuji/check/loto/backnumber/loto60221.html,2026-05-20 04:28:21
225,2005-02-10,Thu,9,11,21,31,35,38,13,145,5,1,2,1,3,2,0,https://www.mizuhobank.co.jp/takarakuji/check/loto/backnumber/loto60221.html,2026-05-20 04:28:21
226,2005-02-17,Thu,8,26,36,40,42,43,21,195,1,5,1,1,4,4,1,https://www.mizuhobank.co.jp/takarakuji/check/loto/backnumber/loto60221.html,2026-05-20 04:28:21
227,2005-02-24,Thu,6,13,17,29,32,36,35,133,3,3,2,2,2,2,0,https://www.mizuhobank.co.jp/takarakuji/check/loto/backnumber/loto60221.html,2026-05-20 04:28:21
228,2005-03-03,Thu,5,8,17,26,36,39,34,131,3,3,2,2,2,2,0,https://www.mizuhobank.co.jp/takarakuji/check/loto/backnumber/loto60221.html,2026-05-20 04:28:21
229,2005-03-10,Thu,8,16,21,24,27,36,20,132,2,4,1,4,1,1,0,https://www.mizuhobank.co.jp/takarakuji/check/loto/backnumber/loto60221.html,2026-05-20 04:28:21
230,2005-03-17,Thu,4,9,18,31,36,42,34,140,2,4,2,1,3,2,0,https://www.mizuhobank.co.jp/takarakuji/check/loto/backnumber/loto60221.html,2026-05-20 04:28:21
231,2005-03-24,Thu,1,4,6,16,18,43,41,88,2,4,3,2,1,1,0,https://www.mizuhobank.co.jp/takarakuji/check/loto/backnumber/loto60221.html,2026-05-20 04:28:21
232,2005-03-31,Thu,1,5,7,26,39,43,32,121,5,1,3,1,2,2,0,https://www.mizuhobank.co.jp/takarakuji/check/loto/backnumber/loto60221.html,2026-05-20 04:28:21
233,2005-04-07,Thu,6,18,26,40,41,42,9,173,1,5,1,2,3,3,2,https://www.mizuhobank.co.jp/takarakuji/check/loto/backnumber/loto60221.html,2026-05-20 04:28:21
234,2005-04-14,Thu,11,17,24,26,27,30,19,135,3,3,1,4,1,0,1,https://www.mizuhobank.co.jp/takarakuji/check/loto/backnumber/loto60221.html,2026-05-20 04:28:21
235,2005-04-21,Thu,6,21,23,24,28,39,38,141,3,3,1,4,1,1,1,https://www.mizuhobank.co.jp/takarakuji/check/loto/backnumber/loto60221.html,2026-05-20 04:28:21
236,2005-04-28,Thu,1,8,9,14,34,38,4,104,2,4,4,0,2,2,1,https://www.mizuhobank.co.jp/takarakuji/check/loto/backnumber/loto60221.html,2026-05-20 04:28:21
237,2005-05-05,Thu,1,3,11,13,27,37,30,92,6,0,4,1,1,1,0,https://www.mizuhobank.co.jp/takarakuji/check/loto/backnumber/loto60221.html,2026-05-20 04:28:21
238,2005-05-12,Thu,5,10,15,20,33,37,30,120,4,2,2,2,2,2,0,https://www.mizuhobank.co.jp/takarakuji/check/loto/backnumber/loto60221.html,2026-05-20 04:28:21
239,2005-05-19,Thu,4,9,18,30,31,40,24,132,2,4,2,1,3,1,1,https://www.mizuhobank.co.jp/takarakuji/check/loto/backnumber/loto60221.html,2026-05-20 04:28:21
240,2005-05-26,Thu,11,15,26,31,36,39,12,158,4,2,1,2,3,2,0,https://www.mizuhobank.co.jp/takarakuji/check/loto/backnumber/loto60221.html,2026-05-20 04:28:21
241,2005-06-02,Thu,8,14,27,33,36,40,20,158,2,4,2,1,3,3,0,https://www.mizuhobank.co.jp/takarakuji/check/loto/backnumber/loto60241.html,2026-05-20 04:28:21
242,2005-06-09,Thu,1,10,13,22,29,32,38,107,3,3,3,2,1,1,0,https://www.mizuhobank.co.jp/takarakuji/check/loto/backnumber/loto60241.html,2026-05-20 04:28:21
243,2005-06-16,Thu,5,34,35,38,42,43,8,197,3,3,1,0,5,5,2,https://www.mizuhobank.co.jp/takarakuji/check/loto/backnumber/loto60241.html,2026-05-20 04:28:21
244,2005-06-23,Thu,11,12,30,36,38,39,37,166,2,4,2,0,4,3,2,https://www.mizuhobank.co.jp/takarakuji/check/loto/backnumber/loto60241.html,2026-05-20 04:28:21
245,2005-06-30,Thu,3,6,18,24,28,36,21,115,1,5,2,3,1,1,0,https://www.mizuhobank.co.jp/takarakuji/check/loto/backnumber/loto60241.html,2026-05-20 04:28:21
246,2005-07-07,Thu,16,28,32,34,39,42,38,191,1,5,0,2,4,4,0,https://www.mizuhobank.co.jp/takarakuji/check/loto/backnumber/loto60241.html,2026-05-20 04:28:21
247,2005-07-14,Thu,8,16,30,32,34,39,13,159,1,5,1,1,4,3,0,https://www.mizuhobank.co.jp/takarakuji/check/loto/backnumber/loto60241.html,2026-05-20 04:28:21
248,2005-07-21,Thu,11,32,35,36,39,41,6,194,4,2,1,0,5,5,1,https://www.mizuhobank.co.jp/takarakuji/check/loto/backnumber/loto60241.html,2026-05-20 04:28:21
249,2005-07-28,Thu,1,3,17,23,33,35,18,112,6,0,2,2,2,2,0,https://www.mizuhobank.co.jp/takarakuji/check/loto/backnumber/loto60241.html,2026-05-20 04:28:21
250,2005-08-04,Thu,3,8,9,13,22,42,11,97,3,3,4,1,1,1,1,https://www.mizuhobank.co.jp/takarakuji/check/loto/backnumber/loto60241.html,2026-05-20 04:28:21
251,2005-08-11,Thu,2,12,19,25,29,36,26,123,3,3,2,3,1,1,0,https://www.mizuhobank.co.jp/takarakuji/check/loto/backnumber/loto60241.html,2026-05-20 04:28:21
252,2005-08-18,Thu,2,6,13,22,32,33,12,108,2,4,3,1,2,2,1,https://www.mizuhobank.co.jp/takarakuji/check/loto/backnumber/loto60241.html,2026-05-20 04:28:21
253,2005-08-25,Thu,15,16,19,22,36,43,13,151,3,3,0,4,2,2,1,https://www.mizuhobank.co.jp/takarakuji/check/loto/backnumber/loto60241.html,2026-05-20 04:28:21
254,2005-09-01,Thu,12,13,22,23,25,29,40,124,4,2,2,4,0,0,2,https://www.mizuhobank.co.jp/takarakuji/check/loto/backnumber/loto60241.html,2026-05-20 04:28:21
255,2005-09-08,Thu,6,7,12,17,34,42,8,118,2,4,3,1,2,2,1,https://www.mizuhobank.co.jp/takarakuji/check/loto/backnumber/loto60241.html,2026-05-20 04:28:21
256,2005-09-15,Thu,15,17,18,28,30,37,40,145,3,3,0,4,2,1,1,https://www.mizuhobank.co.jp/takarakuji/check/loto/backnumber/loto60241.html,2026-05-20 04:28:21
257,2005-09-22,Thu,7,15,29,30,39,40,11,160,4,2,1,2,3,2,2,https://www.mizuhobank.co.jp/takarakuji/check/loto/backnumber/loto60241.html,2026-05-20 04:28:21
258,2005-09-29,Thu,3,15,16,17,25,31,40,107,5,1,1,4,1,0,2,https://www.mizuhobank.co.jp/takarakuji/check/loto/backnumber/loto60241.html,2026-05-20 04:28:21
259,2005-10-06,Thu,1,12,15,23,34,42,27,127,3,3,2,2,2,2,0,https://www.mizuhobank.co.jp/takarakuji/check/loto/backnumber/loto60241.html,2026-05-20 04:28:21
260,2005-10-13,Thu,11,15,21,31,37,41,30,156,6,0,1,2,3,2,0,https://www.mizuhobank.co.jp/takarakuji/check/loto/backnumber/loto60241.html,2026-05-20 04:28:21
261,2005-10-20,Thu,6,17,18,21,35,41,32,138,4,2,1,3,2,2,1,https://www.mizuhobank.co.jp/takarakuji/check/loto/backnumber/loto60261.html,2026-05-20 04:28:21
262,2005-10-27,Thu,5,7,11,19,21,25,27,88,6,0,3,3,0,0,0,https://www.mizuhobank.co.jp/takarakuji/check/loto/backnumber/loto60261.html,2026-05-20 04:28:21
263,2005-11-03,Thu,1,5,13,22,39,41,4,121,5,1,3,1,2,2,0,https://www.mizuhobank.co.jp/takarakuji/check/loto/backnumber/loto60261.html,2026-05-20 04:28:21
264,2005-11-10,Thu,2,5,6,8,20,27,43,68,2,4,4,2,0,0,1,https://www.mizuhobank.co.jp/takarakuji/check/loto/backnumber/loto60261.html,2026-05-20 04:28:21
265,2005-11-17,Thu,2,3,16,22,23,28,40,94,2,4,2,4,0,0,2,https://www.mizuhobank.co.jp/takarakuji/check/loto/backnumber/loto60261.html,2026-05-20 04:28:21
266,2005-11-24,Thu,11,15,18,24,30,39,7,137,3,3,1,3,2,1,0,https://www.mizuhobank.co.jp/takarakuji/check/loto/backnumber/loto60261.html,2026-05-20 04:28:21
267,2005-12-01,Thu,3,5,8,22,35,38,41,111,3,3,3,1,2,2,0,https://www.mizuhobank.co.jp/takarakuji/check/loto/backnumber/loto60261.html,2026-05-20 04:28:21
268,2005-12-08,Thu,3,6,8,14,24,36,15,91,1,5,4,1,1,1,0,https://www.mizuhobank.co.jp/takarakuji/check/loto/backnumber/loto60261.html,2026-05-20 04:28:21
269,2005-12-15,Thu,1,10,13,15,21,23,36,83,5,1,3,3,0,0,0,https://www.mizuhobank.co.jp/takarakuji/check/loto/backnumber/loto60261.html,2026-05-20 04:28:21
270,2005-12-22,Thu,17,19,21,29,33,38,30,157,5,1,0,4,2,2,0,https://www.mizuhobank.co.jp/takarakuji/check/loto/backnumber/loto60261.html,2026-05-20 04:28:21
271,2005-12-29,Thu,9,10,19,25,40,41,8,144,4,2,2,2,2,2,2,https://www.mizuhobank.co.jp/takarakuji/check/loto/backnumber/loto60261.html,2026-05-20 04:28:21
272,2006-01-05,Thu,7,12,13,20,23,26,41,101,3,3,3,3,0,0,1,https://www.mizuhobank.co.jp/takarakuji/check/loto/backnumber/loto60261.html,2026-05-20 04:28:21
273,2006-01-12,Thu,4,18,20,21,29,40,37,132,2,4,1,4,1,1,1,https://www.mizuhobank.co.jp/takarakuji/check/loto/backnumber/loto60261.html,2026-05-20 04:28:21
274,2006-01-19,Thu,4,5,14,27,31,39,6,120,4,2,3,1,2,1,1,https://www.mizuhobank.co.jp/takarakuji/check/loto/backnumber/loto60261.html,2026-05-20 04:28:21
275,2006-01-26,Thu,4,13,15,31,33,40,8,136,4,2,2,1,3,2,0,https://www.mizuhobank.co.jp/takarakuji/check/loto/backnumber/loto60261.html,2026-05-20 04:28:21
276,2006-02-02,Thu,6,11,27,30,33,36,34,143,3,3,2,1,3,2,0,https://www.mizuhobank.co.jp/takarakuji/check/loto/backnumber/loto60261.html,2026-05-20 04:28:21
277,2006-02-09,Thu,7,9,18,20,30,38,23,122,2,4,2,2,2,1,0,https://www.mizuhobank.co.jp/takarakuji/check/loto/backnumber/loto60261.html,2026-05-20 04:28:21
278,2006-02-16,Thu,9,13,14,17,22,38,33,113,3,3,3,2,1,1,1,https://www.mizuhobank.co.jp/takarakuji/check/loto/backnumber/loto60261.html,2026-05-20 04:28:21
279,2006-02-23,Thu,7,11,12,23,30,43,27,126,4,2,3,1,2,1,1,https://www.mizuhobank.co.jp/takarakuji/check/loto/backnumber/loto60261.html,2026-05-20 04:28:21
280,2006-03-02,Thu,6,12,26,37,38,39,25,158,2,4,2,1,3,3,2,https://www.mizuhobank.co.jp/takarakuji/check/loto/backnumber/loto60261.html,2026-05-20 04:28:21
281,2006-03-09,Thu,3,9,10,11,19,35,30,87,5,1,4,1,1,1,2,https://www.mizuhobank.co.jp/takarakuji/check/loto/backnumber/loto60281.html,2026-05-20 04:28:21
282,2006-03-16,Thu,1,9,17,31,41,43,23,142,6,0,2,1,3,2,0,https://www.mizuhobank.co.jp/takarakuji/check/loto/backnumber/loto60281.html,2026-05-20 04:28:21
283,2006-03-23,Thu,6,9,16,22,27,37,36,117,3,3,2,3,1,1,0,https://www.mizuhobank.co.jp/takarakuji/check/loto/backnumber/loto60281.html,2026-05-20 04:28:21
284,2006-03-30,Thu,20,26,30,33,35,38,4,182,2,4,0,2,4,3,0,https://www.mizuhobank.co.jp/takarakuji/check/loto/backnumber/loto60281.html,2026-05-20 04:28:21
285,2006-04-06,Thu,1,3,9,14,16,29,37,72,4,2,4,2,0,0,0,https://www.mizuhobank.co.jp/takarakuji/check/loto/backnumber/loto60281.html,2026-05-20 04:28:21
286,2006-04-13,Thu,10,11,14,28,31,41,3,135,3,3,3,1,2,1,1,https://www.mizuhobank.co.jp/takarakuji/check/loto/backnumber/loto60281.html,2026-05-20 04:28:21
287,2006-04-20,Thu,1,5,18,34,35,39,7,132,4,2,2,1,3,3,1,https://www.mizuhobank.co.jp/takarakuji/check/loto/backnumber/loto60281.html,2026-05-20 04:28:21
288,2006-04-27,Thu,3,4,11,25,28,33,35,104,4,2,3,2,1,1,1,https://www.mizuhobank.co.jp/takarakuji/check/loto/backnumber/loto60281.html,2026-05-20 04:28:21
289,2006-05-04,Thu,7,9,12,17,34,38,3,117,3,3,3,1,2,2,0,https://www.mizuhobank.co.jp/takarakuji/check/loto/backnumber/loto60281.html,2026-05-20 04:28:21
290,2006-05-11,Thu,11,13,15,17,22,43,8,121,5,1,2,3,1,1,0,https://www.mizuhobank.co.jp/takarakuji/check/loto/backnumber/loto60281.html,2026-05-20 04:28:21
291,2006-05-18,Thu,10,15,20,28,41,43,19,157,3,3,1,3,2,2,0,https://www.mizuhobank.co.jp/takarakuji/check/loto/backnumber/loto60281.html,2026-05-20 04:28:21
292,2006-05-25,Thu,7,14,27,31,34,39,40,152,4,2,2,1,3,2,0,https://www.mizuhobank.co.jp/takarakuji/check/loto/backnumber/loto60281.html,2026-05-20 04:28:21
293,2006-06-01,Thu,6,8,15,17,36,43,38,125,3,3,2,2,2,2,0,https://www.mizuhobank.co.jp/takarakuji/check/loto/backnumber/loto60281.html,2026-05-20 04:28:21
294,2006-06-08,Thu,2,5,13,14,17,20,21,71,3,3,4,2,0,0,1,https://www.mizuhobank.co.jp/takarakuji/check/loto/backnumber/loto60281.html,2026-05-20 04:28:21
295,2006-06-15,Thu,9,12,18,20,37,43,5,139,3,3,2,2,2,2,0,https://www.mizuhobank.co.jp/takarakuji/check/loto/backnumber/loto60281.html,2026-05-20 04:28:21
296,2006-06-22,Thu,4,19,27,30,31,37,10,148,4,2,1,2,3,1,1,https://www.mizuhobank.co.jp/takarakuji/check/loto/backnumber/loto60281.html,2026-05-20 04:28:21
297,2006-06-29,Thu,6,8,9,20,38,40,2,121,1,5,3,1,2,2,1,https://www.mizuhobank.co.jp/takarakuji/check/loto/backnumber/loto60281.html,2026-05-20 04:28:21
298,2006-07-06,Thu,12,25,29,31,35,40,26,172,4,2,1,2,3,2,0,https://www.mizuhobank.co.jp/takarakuji/check/loto/backnumber/loto60281.html,2026-05-20 04:28:21
299,2006-07-13,Thu,2,4,5,17,35,41,18,104,4,2,3,1,2,2,1,https://www.mizuhobank.co.jp/takarakuji/check/loto/backnumber/loto60281.html,2026-05-20 04:28:21
300,2006-07-20,Thu,4,7,29,33,36,39,9,148,4,2,2,1,3,3,0,https://www.mizuhobank.co.jp/takarakuji/check/loto/backnumber/loto60281.html,2026-05-20 04:28:21
301,2006-07-27,Thu,4,5,6,9,10,11,33,45,3,3,6,0,0,0,4,https://www.mizuhobank.co.jp/takarakuji/check/loto/backnumber/loto60301.html,2026-05-20 04:28:21
302,2006-08-03,Thu,2,4,13,23,38,40,24,120,2,4,3,1,2,2,0,https://www.mizuhobank.co.jp/takarakuji/check/loto/backnumber/loto60301.html,2026-05-20 04:28:21
303,2006-08-10,Thu,4,24,31,35,37,39,13,170,4,2,1,1,4,3,0,https://www.mizuhobank.co.jp/takarakuji/check/loto/backnumber/loto60301.html,2026-05-20 04:28:21
304,2006-08-17,Thu,3,7,8,15,17,31,27,81,5,1,3,2,1,0,1,https://www.mizuhobank.co.jp/takarakuji/check/loto/backnumber/loto60301.html,2026-05-20 04:28:21
305,2006-08-24,Thu,1,2,5,23,31,34,43,96,4,2,3,1,2,1,1,https://www.mizuhobank.co.jp/takarakuji/check/loto/backnumber/loto60301.html,2026-05-20 04:28:21
306,2006-08-31,Thu,1,20,25,28,31,42,2,147,3,3,1,3,2,1,0,https://www.mizuhobank.co.jp/takarakuji/check/loto/backnumber/loto60301.html,2026-05-20 04:28:21
307,2006-09-07,Thu,1,7,11,32,33,40,27,124,4,2,3,0,3,3,1,https://www.mizuhobank.co.jp/takarakuji/check/loto/backnumber/loto60301.html,2026-05-20 04:28:21
308,2006-09-14,Thu,3,13,18,20,23,28,35,105,3,3,2,4,0,0,0,https://www.mizuhobank.co.jp/takarakuji/check/loto/backnumber/loto60301.html,2026-05-20 04:28:21
309,2006-09-21,Thu,1,4,26,36,41,42,9,150,2,4,2,1,3,3,1,https://www.mizuhobank.co.jp/takarakuji/check/loto/backnumber/loto60301.html,2026-05-20 04:28:21
310,2006-09-28,Thu,3,4,5,18,28,37,26,95,3,3,3,2,1,1,2,https://www.mizuhobank.co.jp/takarakuji/check/loto/backnumber/loto60301.html,2026-05-20 04:28:21
311,2006-10-05,Thu,1,16,22,36,37,42,34,154,2,4,1,2,3,3,1,https://www.mizuhobank.co.jp/takarakuji/check/loto/backnumber/loto60301.html,2026-05-20 04:28:21
312,2006-10-12,Thu,2,17,22,29,38,42,16,150,2,4,1,3,2,2,0,https://www.mizuhobank.co.jp/takarakuji/check/loto/backnumber/loto60301.html,2026-05-20 04:28:21
313,2006-10-19,Thu,1,19,21,31,32,40,33,144,4,2,1,2,3,2,1,https://www.mizuhobank.co.jp/takarakuji/check/loto/backnumber/loto60301.html,2026-05-20 04:28:21
314,2006-10-26,Thu,3,8,14,30,38,43,6,136,2,4,3,0,3,2,0,https://www.mizuhobank.co.jp/takarakuji/check/loto/backnumber/loto60301.html,2026-05-20 04:28:21
315,2006-11-02,Thu,1,2,17,24,40,41,31,125,3,3,2,2,2,2,2,https://www.mizuhobank.co.jp/takarakuji/check/loto/backnumber/loto60301.html,2026-05-20 04:28:21
316,2006-11-09,Thu,3,4,20,30,40,41,31,138,2,4,2,1,3,2,2,https://www.mizuhobank.co.jp/takarakuji/check/loto/backnumber/loto60301.html,2026-05-20 04:28:21
317,2006-11-16,Thu,7,8,15,30,35,36,40,131,3,3,2,1,3,2,2,https://www.mizuhobank.co.jp/takarakuji/check/loto/backnumber/loto60301.html,2026-05-20 04:28:21
318,2006-11-23,Thu,2,7,13,16,36,37,41,111,3,3,3,1,2,2,1,https://www.mizuhobank.co.jp/takarakuji/check/loto/backnumber/loto60301.html,2026-05-20 04:28:21
319,2006-11-30,Thu,15,20,23,28,37,40,17,163,3,3,0,4,2,2,0,https://www.mizuhobank.co.jp/takarakuji/check/loto/backnumber/loto60301.html,2026-05-20 04:28:21
320,2006-12-07,Thu,1,5,25,27,38,41,9,137,5,1,2,2,2,2,0,https://www.mizuhobank.co.jp/takarakuji/check/loto/backnumber/loto60301.html,2026-05-20 04:28:21
321,2006-12-14,Thu,21,29,31,36,38,41,10,196,4,2,0,2,4,3,0,https://www.mizuhobank.co.jp/takarakuji/check/loto/backnumber/loto60321.html,2026-05-20 04:28:21
322,2006-12-21,Thu,18,19,22,25,35,42,36,161,3,3,0,4,2,2,1,https://www.mizuhobank.co.jp/takarakuji/check/loto/backnumber/loto60321.html,2026-05-20 04:28:21
323,2006-12-28,Thu,9,11,21,23,33,39,26,136,6,0,2,2,2,2,0,https://www.mizuhobank.co.jp/takarakuji/check/loto/backnumber/loto60321.html,2026-05-20 04:28:21
324,2007-01-04,Thu,5,13,27,37,39,41,36,162,6,0,2,1,3,3,0,https://www.mizuhobank.co.jp/takarakuji/check/loto/backnumber/loto60321.html,2026-05-20 04:28:21
325,2007-01-11,Thu,6,7,18,29,33,39,43,132,4,2,2,2,2,2,1,https://www.mizuhobank.co.jp/takarakuji/check/loto/backnumber/loto60321.html,2026-05-20 04:28:21
326,2007-01-18,Thu,1,7,9,14,23,43,19,97,5,1,4,1,1,1,0,https://www.mizuhobank.co.jp/takarakuji/check/loto/backnumber/loto60321.html,2026-05-20 04:28:21
327,2007-01-25,Thu,6,12,14,28,31,36,35,127,1,5,3,1,2,1,0,https://www.mizuhobank.co.jp/takarakuji/check/loto/backnumber/loto60321.html,2026-05-20 04:28:21
328,2007-02-01,Thu,3,7,10,12,19,36,35,87,3,3,4,1,1,1,0,https://www.mizuhobank.co.jp/takarakuji/check/loto/backnumber/loto60321.html,2026-05-20 04:28:21
329,2007-02-08,Thu,6,8,15,17,39,40,37,125,3,3,2,2,2,2,1,https://www.mizuhobank.co.jp/takarakuji/check/loto/backnumber/loto60321.html,2026-05-20 04:28:21
330,2007-02-15,Thu,5,12,16,19,28,39,34,119,3,3,2,3,1,1,0,https://www.mizuhobank.co.jp/takarakuji/check/loto/backnumber/loto60321.html,2026-05-20 04:28:21
331,2007-02-22,Thu,2,8,17,24,32,38,35,121,1,5,2,2,2,2,0,https://www.mizuhobank.co.jp/takarakuji/check/loto/backnumber/loto60321.html,2026-05-20 04:28:21
332,2007-03-01,Thu,7,8,16,24,26,34,19,115,1,5,2,3,1,1,1,https://www.mizuhobank.co.jp/takarakuji/check/loto/backnumber/loto60321.html,2026-05-20 04:28:21
333,2007-03-08,Thu,1,5,7,15,41,42,38,111,5,1,3,1,2,2,1,https://www.mizuhobank.co.jp/takarakuji/check/loto/backnumber/loto60321.html,2026-05-20 04:28:21
334,2007-03-15,Thu,11,14,17,18,34,36,23,130,2,4,2,2,2,2,1,https://www.mizuhobank.co.jp/takarakuji/check/loto/backnumber/loto60321.html,2026-05-20 04:28:21
335,2007-03-22,Thu,4,5,10,23,36,42,8,120,2,4,3,1,2,2,1,https://www.mizuhobank.co.jp/takarakuji/check/loto/backnumber/loto60321.html,2026-05-20 04:28:21
336,2007-03-29,Thu,3,6,13,17,20,29,11,88,4,2,3,3,0,0,0,https://www.mizuhobank.co.jp/takarakuji/check/loto/backnumber/loto60321.html,2026-05-20 04:28:21
337,2007-04-05,Thu,5,15,16,20,34,39,29,129,3,3,1,3,2,2,1,https://www.mizuhobank.co.jp/takarakuji/check/loto/backnumber/loto60321.html,2026-05-20 04:28:21
338,2007-04-12,Thu,8,10,25,31,39,40,35,153,3,3,2,1,3,2,1,https://www.mizuhobank.co.jp/takarakuji/check/loto/backnumber/loto60321.html,2026-05-20 04:28:21
339,2007-04-19,Thu,3,5,9,26,34,36,12,113,3,3,3,1,2,2,0,https://www.mizuhobank.co.jp/takarakuji/check/loto/backnumber/loto60321.html,2026-05-20 04:28:21
340,2007-04-26,Thu,4,10,13,31,35,42,7,135,3,3,3,0,3,2,0,https://www.mizuhobank.co.jp/takarakuji/check/loto/backnumber/loto60321.html,2026-05-20 04:28:21
341,2007-05-03,Thu,4,14,23,25,28,35,41,129,3,3,2,3,1,1,0,https://www.mizuhobank.co.jp/takarakuji/check/loto/backnumber/loto60341.html,2026-05-20 04:28:21
342,2007-05-10,Thu,8,15,26,27,34,38,10,148,2,4,1,3,2,2,1,https://www.mizuhobank.co.jp/takarakuji/check/loto/backnumber/loto60341.html,2026-05-20 04:28:21
343,2007-05-17,Thu,13,28,29,37,38,41,35,186,4,2,1,2,3,3,2,https://www.mizuhobank.co.jp/takarakuji/check/loto/backnumber/loto60341.html,2026-05-20 04:28:21
344,2007-05-24,Thu,8,11,16,20,28,36,42,119,1,5,2,3,1,1,0,https://www.mizuhobank.co.jp/takarakuji/check/loto/backnumber/loto60341.html,2026-05-20 04:28:21
345,2007-05-31,Thu,10,21,22,25,35,37,18,150,4,2,1,3,2,2,1,https://www.mizuhobank.co.jp/takarakuji/check/loto/backnumber/loto60341.html,2026-05-20 04:28:21
346,2007-06-07,Thu,4,9,11,12,32,38,16,106,2,4,4,0,2,2,1,https://www.mizuhobank.co.jp/takarakuji/check/loto/backnumber/loto60341.html,2026-05-20 04:28:21
347,2007-06-14,Thu,8,20,23,27,32,33,13,143,3,3,1,3,2,2,1,https://www.mizuhobank.co.jp/takarakuji/check/loto/backnumber/loto60341.html,2026-05-20 04:28:21
348,2007-06-21,Thu,4,5,6,27,36,38,13,116,2,4,3,1,2,2,2,https://www.mizuhobank.co.jp/takarakuji/check/loto/backnumber/loto60341.html,2026-05-20 04:28:21
349,2007-06-28,Thu,8,13,15,19,20,30,25,105,3,3,2,3,1,0,1,https://www.mizuhobank.co.jp/takarakuji/check/loto/backnumber/loto60341.html,2026-05-20 04:28:21
350,2007-07-05,Thu,13,18,25,26,29,40,6,151,3,3,1,4,1,1,1,https://www.mizuhobank.co.jp/takarakuji/check/loto/backnumber/loto60341.html,2026-05-20 04:28:21
351,2007-07-12,Thu,3,13,16,24,26,43,15,125,3,3,2,3,1,1,0,https://www.mizuhobank.co.jp/takarakuji/check/loto/backnumber/loto60341.html,2026-05-20 04:28:21
352,2007-07-19,Thu,6,8,24,25,34,38,10,135,1,5,2,2,2,2,1,https://www.mizuhobank.co.jp/takarakuji/check/loto/backnumber/loto60341.html,2026-05-20 04:28:21
353,2007-07-26,Thu,1,9,15,16,22,26,29,89,3,3,2,4,0,0,1,https://www.mizuhobank.co.jp/takarakuji/check/loto/backnumber/loto60341.html,2026-05-20 04:28:21
354,2007-08-02,Thu,4,6,22,31,34,41,43,138,2,4,2,1,3,2,0,https://www.mizuhobank.co.jp/takarakuji/check/loto/backnumber/loto60341.html,2026-05-20 04:28:21
355,2007-08-09,Thu,1,11,24,26,36,37,39,135,3,3,2,2,2,2,1,https://www.mizuhobank.co.jp/takarakuji/check/loto/backnumber/loto60341.html,2026-05-20 04:28:21
356,2007-08-16,Thu,1,5,8,12,17,29,28,72,4,2,4,2,0,0,0,https://www.mizuhobank.co.jp/takarakuji/check/loto/backnumber/loto60341.html,2026-05-20 04:28:21
357,2007-08-23,Thu,2,10,11,12,19,38,6,92,2,4,4,1,1,1,2,https://www.mizuhobank.co.jp/takarakuji/check/loto/backnumber/loto60341.html,2026-05-20 04:28:21
358,2007-08-30,Thu,12,31,32,34,39,42,30,190,2,4,1,0,5,4,1,https://www.mizuhobank.co.jp/takarakuji/check/loto/backnumber/loto60341.html,2026-05-20 04:28:21
359,2007-09-06,Thu,3,5,19,20,23,27,40,97,5,1,2,4,0,0,1,https://www.mizuhobank.co.jp/takarakuji/check/loto/backnumber/loto60341.html,2026-05-20 04:28:21
360,2007-09-13,Thu,2,3,6,14,26,42,25,93,1,5,4,1,1,1,1,https://www.mizuhobank.co.jp/takarakuji/check/loto/backnumber/loto60341.html,2026-05-20 04:28:21
361,2007-09-20,Thu,1,21,28,30,37,43,31,160,4,2,1,2,3,2,0,https://www.mizuhobank.co.jp/takarakuji/check/loto/backnumber/loto60361.html,2026-05-20 04:28:21
362,2007-09-27,Thu,7,10,15,20,37,40,28,129,3,3,2,2,2,2,0,https://www.mizuhobank.co.jp/takarakuji/check/loto/backnumber/loto60361.html,2026-05-20 04:28:21
363,2007-10-04,Thu,3,6,7,22,27,31,4,96,4,2,3,2,1,0,1,https://www.mizuhobank.co.jp/takarakuji/check/loto/backnumber/loto60361.html,2026-05-20 04:28:21
364,2007-10-11,Thu,7,11,12,19,33,42,36,124,4,2,3,1,2,2,1,https://www.mizuhobank.co.jp/takarakuji/check/loto/backnumber/loto60361.html,2026-05-20 04:28:21
365,2007-10-18,Thu,6,19,20,28,36,37,11,146,2,4,1,3,2,2,2,https://www.mizuhobank.co.jp/takarakuji/check/loto/backnumber/loto60361.html,2026-05-20 04:28:21
366,2007-10-25,Thu,12,13,15,18,30,41,21,129,3,3,2,2,2,1,1,https://www.mizuhobank.co.jp/takarakuji/check/loto/backnumber/loto60361.html,2026-05-20 04:28:21
367,2007-11-01,Thu,10,13,17,38,41,43,28,162,4,2,2,1,3,3,0,https://www.mizuhobank.co.jp/takarakuji/check/loto/backnumber/loto60361.html,2026-05-20 04:28:21
368,2007-11-08,Thu,7,10,18,21,33,35,13,124,4,2,2,2,2,2,0,https://www.mizuhobank.co.jp/takarakuji/check/loto/backnumber/loto60361.html,2026-05-20 04:28:21
369,2007-11-15,Thu,3,9,12,16,18,37,14,95,3,3,3,2,1,1,0,https://www.mizuhobank.co.jp/takarakuji/check/loto/backnumber/loto60361.html,2026-05-20 04:28:21
370,2007-11-22,Thu,2,11,13,15,16,32,43,89,3,3,3,2,1,1,1,https://www.mizuhobank.co.jp/takarakuji/check/loto/backnumber/loto60361.html,2026-05-20 04:28:21
371,2007-11-29,Thu,14,15,23,24,32,34,31,142,2,4,1,3,2,2,2,https://www.mizuhobank.co.jp/takarakuji/check/loto/backnumber/loto60361.html,2026-05-20 04:28:21
372,2007-12-06,Thu,7,19,28,33,35,39,21,161,5,1,1,2,3,3,0,https://www.mizuhobank.co.jp/takarakuji/check/loto/backnumber/loto60361.html,2026-05-20 04:28:21
373,2007-12-13,Thu,7,14,15,19,35,43,30,133,5,1,2,2,2,2,1,https://www.mizuhobank.co.jp/takarakuji/check/loto/backnumber/loto60361.html,2026-05-20 04:28:21
374,2007-12-20,Thu,4,24,25,26,27,34,28,140,2,4,1,4,1,1,3,https://www.mizuhobank.co.jp/takarakuji/check/loto/backnumber/loto60361.html,2026-05-20 04:28:21
375,2007-12-27,Thu,7,9,14,17,36,37,11,120,4,2,3,1,2,2,1,https://www.mizuhobank.co.jp/takarakuji/check/loto/backnumber/loto60361.html,2026-05-20 04:28:21
376,2008-01-10,Thu,20,21,25,27,34,38,16,165,3,3,0,4,2,2,1,https://www.mizuhobank.co.jp/takarakuji/check/loto/backnumber/loto60361.html,2026-05-20 04:28:21
377,2008-01-17,Thu,2,3,8,20,21,24,13,78,2,4,3,3,0,0,2,https://www.mizuhobank.co.jp/takarakuji/check/loto/backnumber/loto60361.html,2026-05-20 04:28:21
378,2008-01-24,Thu,11,13,19,26,36,43,31,148,4,2,2,2,2,2,0,https://www.mizuhobank.co.jp/takarakuji/check/loto/backnumber/loto60361.html,2026-05-20 04:28:21
379,2008-01-31,Thu,8,13,15,21,33,34,5,124,4,2,2,2,2,2,1,https://www.mizuhobank.co.jp/takarakuji/check/loto/backnumber/loto60361.html,2026-05-20 04:28:21
380,2008-02-07,Thu,17,22,25,26,27,43,16,160,4,2,0,5,1,1,2,https://www.mizuhobank.co.jp/takarakuji/check/loto/backnumber/loto60361.html,2026-05-20 04:28:21
381,2008-02-14,Thu,4,13,15,22,39,41,30,134,4,2,2,2,2,2,0,https://www.mizuhobank.co.jp/takarakuji/check/loto/backnumber/loto60381.html,2026-05-20 04:28:21
382,2008-02-21,Thu,2,6,15,28,29,43,14,123,3,3,2,3,1,1,1,https://www.mizuhobank.co.jp/takarakuji/check/loto/backnumber/loto60381.html,2026-05-20 04:28:21
383,2008-02-28,Thu,7,12,17,18,24,28,43,106,2,4,2,4,0,0,1,https://www.mizuhobank.co.jp/takarakuji/check/loto/backnumber/loto60381.html,2026-05-20 04:28:21
384,2008-03-06,Thu,17,19,20,22,33,41,35,152,4,2,0,4,2,2,1,https://www.mizuhobank.co.jp/takarakuji/check/loto/backnumber/loto60381.html,2026-05-20 04:28:21
385,2008-03-13,Thu,6,31,34,35,37,40,7,183,3,3,1,0,5,4,1,https://www.mizuhobank.co.jp/takarakuji/check/loto/backnumber/loto60381.html,2026-05-20 04:28:21
386,2008-03-20,Thu,2,9,11,15,23,25,27,85,5,1,3,3,0,0,0,https://www.mizuhobank.co.jp/takarakuji/check/loto/backnumber/loto60381.html,2026-05-20 04:28:21
387,2008-03-27,Thu,12,16,19,27,30,32,38,136,2,4,1,3,2,1,0,https://www.mizuhobank.co.jp/takarakuji/check/loto/backnumber/loto60381.html,2026-05-20 04:28:21
388,2008-04-03,Thu,5,12,14,18,20,31,2,100,2,4,3,2,1,0,0,https://www.mizuhobank.co.jp/takarakuji/check/loto/backnumber/loto60381.html,2026-05-20 04:28:21
389,2008-04-10,Thu,6,12,22,25,31,35,28,131,3,3,2,2,2,1,0,https://www.mizuhobank.co.jp/takarakuji/check/loto/backnumber/loto60381.html,2026-05-20 04:28:21
390,2008-04-17,Thu,5,16,17,22,39,43,21,142,4,2,1,3,2,2,1,https://www.mizuhobank.co.jp/takarakuji/check/loto/backnumber/loto60381.html,2026-05-20 04:28:21
391,2008-04-24,Thu,8,20,23,24,29,38,43,142,2,4,1,4,1,1,1,https://www.mizuhobank.co.jp/takarakuji/check/loto/backnumber/loto60381.html,2026-05-20 04:28:21
392,2008-05-01,Thu,10,15,18,30,31,37,11,141,3,3,1,2,3,1,1,https://www.mizuhobank.co.jp/takarakuji/check/loto/backnumber/loto60381.html,2026-05-20 04:28:21
393,2008-05-08,Thu,7,18,27,37,38,43,35,170,4,2,1,2,3,3,1,https://www.mizuhobank.co.jp/takarakuji/check/loto/backnumber/loto60381.html,2026-05-20 04:28:21
394,2008-05-15,Thu,14,27,28,31,37,40,18,177,3,3,1,2,3,2,1,https://www.mizuhobank.co.jp/takarakuji/check/loto/backnumber/loto60381.html,2026-05-20 04:28:21
395,2008-05-22,Thu,15,21,26,28,42,43,39,175,3,3,0,4,2,2,1,https://www.mizuhobank.co.jp/takarakuji/check/loto/backnumber/loto60381.html,2026-05-20 04:28:21
396,2008-05-29,Thu,9,12,21,26,33,40,5,141,3,3,2,2,2,2,0,https://www.mizuhobank.co.jp/takarakuji/check/loto/backnumber/loto60381.html,2026-05-20 04:28:21
397,2008-06-05,Thu,15,16,23,30,39,43,11,166,4,2,0,3,3,2,1,https://www.mizuhobank.co.jp/takarakuji/check/loto/backnumber/loto60381.html,2026-05-20 04:28:21
398,2008-06-12,Thu,2,31,36,37,39,43,13,188,4,2,1,0,5,4,1,https://www.mizuhobank.co.jp/takarakuji/check/loto/backnumber/loto60381.html,2026-05-20 04:28:21
399,2008-06-19,Thu,1,14,17,28,31,37,21,128,4,2,2,2,2,1,0,https://www.mizuhobank.co.jp/takarakuji/check/loto/backnumber/loto60381.html,2026-05-20 04:28:21
400,2008-06-26,Thu,4,9,19,22,23,33,38,110,4,2,2,3,1,1,1,https://www.mizuhobank.co.jp/takarakuji/check/loto/backnumber/loto60381.html,2026-05-20 04:28:21
401,2008-07-03,Thu,14,15,27,34,35,42,37,167,3,3,1,2,3,3,2,https://www.mizuhobank.co.jp/takarakuji/check/loto/backnumber/loto60401.html,2026-05-20 04:28:21
402,2008-07-10,Thu,3,18,23,24,29,33,28,130,4,2,1,4,1,1,1,https://www.mizuhobank.co.jp/takarakuji/check/loto/backnumber/loto60401.html,2026-05-20 04:28:21
403,2008-07-17,Thu,8,10,13,20,24,33,23,108,2,4,3,2,1,1,0,https://www.mizuhobank.co.jp/takarakuji/check/loto/backnumber/loto60401.html,2026-05-20 04:28:21
404,2008-07-24,Thu,3,10,14,18,26,43,33,114,2,4,3,2,1,1,0,https://www.mizuhobank.co.jp/takarakuji/check/loto/backnumber/loto60401.html,2026-05-20 04:28:21
405,2008-07-31,Thu,6,13,19,20,30,31,8,119,3,3,2,2,2,0,2,https://www.mizuhobank.co.jp/takarakuji/check/loto/backnumber/loto60401.html,2026-05-20 04:28:21
406,2008-08-07,Thu,1,2,4,16,36,37,40,96,2,4,3,1,2,2,2,https://www.mizuhobank.co.jp/takarakuji/check/loto/backnumber/loto60401.html,2026-05-20 04:28:21
407,2008-08-14,Thu,11,18,19,30,37,39,38,154,4,2,1,2,3,2,1,https://www.mizuhobank.co.jp/takarakuji/check/loto/backnumber/loto60401.html,2026-05-20 04:28:21
408,2008-08-21,Thu,12,20,23,28,31,32,39,146,2,4,1,3,2,1,1,https://www.mizuhobank.co.jp/takarakuji/check/loto/backnumber/loto60401.html,2026-05-20 04:28:21
409,2008-08-28,Thu,6,13,17,27,28,36,33,127,3,3,2,3,1,1,1,https://www.mizuhobank.co.jp/takarakuji/check/loto/backnumber/loto60401.html,2026-05-20 04:28:21
410,2008-09-04,Thu,2,12,16,20,42,43,28,135,1,5,2,2,2,2,1,https://www.mizuhobank.co.jp/takarakuji/check/loto/backnumber/loto60401.html,2026-05-20 04:28:21
411,2008-09-11,Thu,2,4,6,24,35,39,34,110,2,4,3,1,2,2,0,https://www.mizuhobank.co.jp/takarakuji/check/loto/backnumber/loto60401.html,2026-05-20 04:28:21
412,2008-09-18,Thu,2,6,7,9,16,19,33,59,3,3,4,2,0,0,1,https://www.mizuhobank.co.jp/takarakuji/check/loto/backnumber/loto60401.html,2026-05-20 04:28:21
413,2008-09-25,Thu,2,14,15,26,35,37,25,129,3,3,2,2,2,2,1,https://www.mizuhobank.co.jp/takarakuji/check/loto/backnumber/loto60401.html,2026-05-20 04:28:21
414,2008-10-02,Thu,1,2,4,5,9,25,15,46,4,2,5,1,0,0,2,https://www.mizuhobank.co.jp/takarakuji/check/loto/backnumber/loto60401.html,2026-05-20 04:28:21
415,2008-10-09,Thu,9,28,33,34,37,43,41,184,4,2,1,1,4,4,1,https://www.mizuhobank.co.jp/takarakuji/check/loto/backnumber/loto60401.html,2026-05-20 04:28:21
416,2008-10-16,Thu,12,15,22,24,29,37,6,139,3,3,1,4,1,1,0,https://www.mizuhobank.co.jp/takarakuji/check/loto/backnumber/loto60401.html,2026-05-20 04:28:21
417,2008-10-23,Thu,3,20,23,30,31,37,6,144,4,2,1,2,3,1,1,https://www.mizuhobank.co.jp/takarakuji/check/loto/backnumber/loto60401.html,2026-05-20 04:28:21
418,2008-10-30,Thu,3,12,16,25,32,36,34,124,2,4,2,2,2,2,0,https://www.mizuhobank.co.jp/takarakuji/check/loto/backnumber/loto60401.html,2026-05-20 04:28:21
419,2008-11-06,Thu,5,8,16,25,26,30,1,110,2,4,2,3,1,0,1,https://www.mizuhobank.co.jp/takarakuji/check/loto/backnumber/loto60401.html,2026-05-20 04:28:21
420,2008-11-13,Thu,14,19,21,28,29,31,24,142,4,2,1,4,1,0,1,https://www.mizuhobank.co.jp/takarakuji/check/loto/backnumber/loto60401.html,2026-05-20 04:28:21
421,2008-11-20,Thu,2,6,8,10,25,34,31,85,1,5,4,1,1,1,0,https://www.mizuhobank.co.jp/takarakuji/check/loto/backnumber/loto60421.html,2026-05-20 04:28:21
422,2008-11-27,Thu,5,6,7,8,28,38,36,92,2,4,4,1,1,1,3,https://www.mizuhobank.co.jp/takarakuji/check/loto/backnumber/loto60421.html,2026-05-20 04:28:21
423,2008-12-04,Thu,1,2,3,30,35,36,21,107,3,3,3,0,3,2,3,https://www.mizuhobank.co.jp/takarakuji/check/loto/backnumber/loto60421.html,2026-05-20 04:28:21
424,2008-12-11,Thu,3,13,17,25,40,41,4,139,5,1,2,2,2,2,1,https://www.mizuhobank.co.jp/takarakuji/check/loto/backnumber/loto60421.html,2026-05-20 04:28:21
425,2008-12-18,Thu,2,3,12,20,34,43,4,114,2,4,3,1,2,2,1,https://www.mizuhobank.co.jp/takarakuji/check/loto/backnumber/loto60421.html,2026-05-20 04:28:21
426,2008-12-25,Thu,6,8,9,29,32,37,4,121,3,3,3,1,2,2,1,https://www.mizuhobank.co.jp/takarakuji/check/loto/backnumber/loto60421.html,2026-05-20 04:28:21
427,2009-01-08,Thu,5,12,13,33,39,42,20,144,4,2,3,0,3,3,1,https://www.mizuhobank.co.jp/takarakuji/check/loto/backnumber/loto60421.html,2026-05-20 04:28:21
428,2009-01-15,Thu,8,16,18,35,42,43,13,162,2,4,1,2,3,3,1,https://www.mizuhobank.co.jp/takarakuji/check/loto/backnumber/loto60421.html,2026-05-20 04:28:21
429,2009-01-22,Thu,17,25,29,33,37,42,7,183,5,1,0,3,3,3,0,https://www.mizuhobank.co.jp/takarakuji/check/loto/backnumber/loto60421.html,2026-05-20 04:28:21
430,2009-01-29,Thu,1,8,18,26,34,42,21,129,1,5,2,2,2,2,0,https://www.mizuhobank.co.jp/takarakuji/check/loto/backnumber/loto60421.html,2026-05-20 04:28:21
431,2009-02-05,Thu,1,5,19,20,35,41,33,121,5,1,2,2,2,2,1,https://www.mizuhobank.co.jp/takarakuji/check/loto/backnumber/loto60421.html,2026-05-20 04:28:21
432,2009-02-12,Thu,8,20,23,24,42,43,16,160,2,4,1,3,2,2,2,https://www.mizuhobank.co.jp/takarakuji/check/loto/backnumber/loto60421.html,2026-05-20 04:28:21
433,2009-02-19,Thu,3,9,11,24,26,34,25,107,3,3,3,2,1,1,0,https://www.mizuhobank.co.jp/takarakuji/check/loto/backnumber/loto60421.html,2026-05-20 04:28:21
434,2009-02-26,Thu,3,12,19,33,35,36,37,138,4,2,2,1,3,3,1,https://www.mizuhobank.co.jp/takarakuji/check/loto/backnumber/loto60421.html,2026-05-20 04:28:21
435,2009-03-05,Thu,2,11,12,28,35,37,27,125,3,3,3,1,2,2,1,https://www.mizuhobank.co.jp/takarakuji/check/loto/backnumber/loto60421.html,2026-05-20 04:28:21
436,2009-03-12,Thu,4,12,21,22,27,38,31,124,2,4,2,3,1,1,1,https://www.mizuhobank.co.jp/takarakuji/check/loto/backnumber/loto60421.html,2026-05-20 04:28:21
437,2009-03-19,Thu,2,5,11,21,23,43,15,105,5,1,3,2,1,1,0,https://www.mizuhobank.co.jp/takarakuji/check/loto/backnumber/loto60421.html,2026-05-20 04:28:21
438,2009-03-26,Thu,3,9,16,17,20,31,42,96,4,2,2,3,1,0,1,https://www.mizuhobank.co.jp/takarakuji/check/loto/backnumber/loto60421.html,2026-05-20 04:28:21
439,2009-04-02,Thu,11,14,20,28,32,41,27,146,2,4,2,2,2,2,0,https://www.mizuhobank.co.jp/takarakuji/check/loto/backnumber/loto60421.html,2026-05-20 04:28:21
440,2009-04-09,Thu,9,23,29,30,31,39,18,161,5,1,1,2,3,1,2,https://www.mizuhobank.co.jp/takarakuji/check/loto/backnumber/loto60421.html,2026-05-20 04:28:21
441,2009-04-16,Thu,10,18,33,34,39,41,21,175,3,3,1,1,4,4,1,https://www.mizuhobank.co.jp/takarakuji/check/loto/backnumber/loto60441.html,2026-05-20 04:28:21
442,2009-04-23,Thu,2,23,26,35,41,42,38,169,3,3,1,2,3,3,1,https://www.mizuhobank.co.jp/takarakuji/check/loto/backnumber/loto60441.html,2026-05-20 04:28:21
443,2009-04-30,Thu,6,10,21,22,23,35,5,117,3,3,2,3,1,1,2,https://www.mizuhobank.co.jp/takarakuji/check/loto/backnumber/loto60441.html,2026-05-20 04:28:21
444,2009-05-07,Thu,5,13,16,18,24,32,30,108,2,4,2,3,1,1,0,https://www.mizuhobank.co.jp/takarakuji/check/loto/backnumber/loto60441.html,2026-05-20 04:28:21
445,2009-05-14,Thu,10,20,23,26,37,40,9,156,2,4,1,3,2,2,0,https://www.mizuhobank.co.jp/takarakuji/check/loto/backnumber/loto60441.html,2026-05-20 04:28:21
446,2009-05-21,Thu,3,8,17,26,27,36,13,117,3,3,2,3,1,1,1,https://www.mizuhobank.co.jp/takarakuji/check/loto/backnumber/loto60441.html,2026-05-20 04:28:21
447,2009-05-28,Thu,15,23,29,36,42,43,34,188,4,2,0,3,3,3,1,https://www.mizuhobank.co.jp/takarakuji/check/loto/backnumber/loto60441.html,2026-05-20 04:28:21
448,2009-06-04,Thu,9,23,32,35,39,42,37,180,4,2,1,1,4,4,0,https://www.mizuhobank.co.jp/takarakuji/check/loto/backnumber/loto60441.html,2026-05-20 04:28:21
449,2009-06-11,Thu,19,20,21,23,27,32,24,142,4,2,0,5,1,1,2,https://www.mizuhobank.co.jp/takarakuji/check/loto/backnumber/loto60441.html,2026-05-20 04:28:21
450,2009-06-18,Thu,15,20,21,32,40,42,27,170,2,4,0,3,3,3,1,https://www.mizuhobank.co.jp/takarakuji/check/loto/backnumber/loto60441.html,2026-05-20 04:28:21
451,2009-06-25,Thu,6,14,16,19,26,39,21,120,2,4,2,3,1,1,0,https://www.mizuhobank.co.jp/takarakuji/check/loto/backnumber/loto60441.html,2026-05-20 04:28:21
452,2009-07-02,Thu,1,5,25,27,29,40,19,127,5,1,2,3,1,1,0,https://www.mizuhobank.co.jp/takarakuji/check/loto/backnumber/loto60441.html,2026-05-20 04:28:21
453,2009-07-09,Thu,7,17,19,27,35,40,41,145,5,1,1,3,2,2,0,https://www.mizuhobank.co.jp/takarakuji/check/loto/backnumber/loto60441.html,2026-05-20 04:28:21
454,2009-07-16,Thu,2,16,18,27,42,43,12,148,2,4,1,3,2,2,1,https://www.mizuhobank.co.jp/takarakuji/check/loto/backnumber/loto60441.html,2026-05-20 04:28:21
455,2009-07-23,Thu,11,20,26,28,30,43,24,158,2,4,1,3,2,1,0,https://www.mizuhobank.co.jp/takarakuji/check/loto/backnumber/loto60441.html,2026-05-20 04:28:21
456,2009-07-30,Thu,3,7,15,25,30,39,22,119,5,1,2,2,2,1,0,https://www.mizuhobank.co.jp/takarakuji/check/loto/backnumber/loto60441.html,2026-05-20 04:28:21
457,2009-08-06,Thu,10,12,27,32,34,43,42,158,2,4,2,1,3,3,0,https://www.mizuhobank.co.jp/takarakuji/check/loto/backnumber/loto60441.html,2026-05-20 04:28:21
458,2009-08-13,Thu,1,18,27,30,36,40,5,152,2,4,1,2,3,2,0,https://www.mizuhobank.co.jp/takarakuji/check/loto/backnumber/loto60441.html,2026-05-20 04:28:21
459,2009-08-20,Thu,11,13,27,31,37,43,30,162,6,0,2,1,3,2,0,https://www.mizuhobank.co.jp/takarakuji/check/loto/backnumber/loto60441.html,2026-05-20 04:28:21
460,2009-08-27,Thu,18,22,23,32,35,40,7,170,2,4,0,3,3,3,1,https://www.mizuhobank.co.jp/takarakuji/check/loto/backnumber/loto60441.html,2026-05-20 04:28:21
461,2009-09-03,Thu,8,10,13,30,32,42,12,135,1,5,3,0,3,2,0,https://www.mizuhobank.co.jp/takarakuji/check/loto/backnumber/detail.html?fromto=461_480&type=loto6,2026-05-20 04:28:21
462,2009-09-10,Thu,2,4,6,16,31,33,5,92,2,4,3,1,2,1,0,https://www.mizuhobank.co.jp/takarakuji/check/loto/backnumber/detail.html?fromto=461_480&type=loto6,2026-05-20 04:28:21
463,2009-09-17,Thu,10,13,16,25,30,42,28,136,2,4,2,2,2,1,0,https://www.mizuhobank.co.jp/takarakuji/check/loto/backnumber/detail.html?fromto=461_480&type=loto6,2026-05-20 04:28:21
464,2009-09-24,Thu,10,21,22,25,27,37,36,142,4,2,1,4,1,1,1,https://www.mizuhobank.co.jp/takarakuji/check/loto/backnumber/detail.html?fromto=461_480&type=loto6,2026-05-20 04:28:21
465,2009-10-01,Thu,6,24,27,30,32,38,13,157,1,5,1,2,3,2,0,https://www.mizuhobank.co.jp/takarakuji/check/loto/backnumber/detail.html?fromto=461_480&type=loto6,2026-05-20 04:28:21
466,2009-10-08,Thu,1,4,19,28,34,40,14,126,2,4,2,2,2,2,0,https://www.mizuhobank.co.jp/takarakuji/check/loto/backnumber/detail.html?fromto=461_480&type=loto6,2026-05-20 04:28:21
467,2009-10-15,Thu,18,19,20,24,32,43,41,156,2,4,0,4,2,2,2,https://www.mizuhobank.co.jp/takarakuji/check/loto/backnumber/detail.html?fromto=461_480&type=loto6,2026-05-20 04:28:21
468,2009-10-22,Thu,9,17,26,30,34,40,33,156,2,4,1,2,3,2,0,https://www.mizuhobank.co.jp/takarakuji/check/loto/backnumber/detail.html?fromto=461_480&type=loto6,2026-05-20 04:28:21
469,2009-10-29,Thu,10,12,20,35,40,43,28,160,2,4,2,1,3,3,0,https://www.mizuhobank.co.jp/takarakuji/check/loto/backnumber/detail.html?fromto=461_480&type=loto6,2026-05-20 04:28:21
470,2009-11-05,Thu,1,11,17,23,38,43,18,133,5,1,2,2,2,2,0,https://www.mizuhobank.co.jp/takarakuji/check/loto/backnumber/detail.html?fromto=461_480&type=loto6,2026-05-20 04:28:21
471,2009-11-12,Thu,2,13,14,22,23,32,34,106,2,4,3,2,1,1,2,https://www.mizuhobank.co.jp/takarakuji/check/loto/backnumber/detail.html?fromto=461_480&type=loto6,2026-05-20 04:28:21
472,2009-11-19,Thu,10,17,28,30,36,42,5,163,1,5,1,2,3,2,0,https://www.mizuhobank.co.jp/takarakuji/check/loto/backnumber/detail.html?fromto=461_480&type=loto6,2026-05-20 04:28:21
473,2009-11-26,Thu,6,16,17,22,34,37,26,132,2,4,1,3,2,2,1,https://www.mizuhobank.co.jp/takarakuji/check/loto/backnumber/detail.html?fromto=461_480&type=loto6,2026-05-20 04:28:21
474,2009-12-03,Thu,12,15,19,25,28,41,18,140,4,2,1,4,1,1,0,https://www.mizuhobank.co.jp/takarakuji/check/loto/backnumber/detail.html?fromto=461_480&type=loto6,2026-05-20 04:28:21
475,2009-12-10,Thu,5,9,10,27,33,42,2,126,4,2,3,1,2,2,1,https://www.mizuhobank.co.jp/takarakuji/check/loto/backnumber/detail.html?fromto=461_480&type=loto6,2026-05-20 04:28:21
476,2009-12-17,Thu,7,17,22,30,36,40,2,152,2,4,1,2,3,2,0,https://www.mizuhobank.co.jp/takarakuji/check/loto/backnumber/detail.html?fromto=461_480&type=loto6,2026-05-20 04:28:21
477,2009-12-24,Thu,12,14,16,18,38,41,17,139,1,5,2,2,2,2,0,https://www.mizuhobank.co.jp/takarakuji/check/loto/backnumber/detail.html?fromto=461_480&type=loto6,2026-05-20 04:28:21
478,2010-01-07,Thu,11,14,23,30,31,38,42,147,3,3,2,1,3,1,1,https://www.mizuhobank.co.jp/takarakuji/check/loto/backnumber/detail.html?fromto=461_480&type=loto6,2026-05-20 04:28:21
479,2010-01-14,Thu,5,7,14,17,20,27,3,90,4,2,3,3,0,0,0,https://www.mizuhobank.co.jp/takarakuji/check/loto/backnumber/detail.html?fromto=461_480&type=loto6,2026-05-20 04:28:21
480,2010-01-21,Thu,2,5,17,18,35,38,34,115,3,3,2,2,2,2,1,https://www.mizuhobank.co.jp/takarakuji/check/loto/backnumber/detail.html?fromto=461_480&type=loto6,2026-05-20 04:28:21
481,2010-01-28,Thu,2,9,11,24,25,34,20,105,3,3,3,2,1,1,1,https://www.mizuhobank.co.jp/takarakuji/check/loto/backnumber/detail.html?fromto=481_500&type=loto6,2026-05-20 04:28:21
482,2010-02-04,Thu,4,30,31,36,37,38,19,176,2,4,1,0,5,3,3,https://www.mizuhobank.co.jp/takarakuji/check/loto/backnumber/detail.html?fromto=481_500&type=loto6,2026-05-20 04:28:21
483,2010-02-11,Thu,2,8,15,24,33,35,30,117,3,3,2,2,2,2,0,https://www.mizuhobank.co.jp/takarakuji/check/loto/backnumber/detail.html?fromto=481_500&type=loto6,2026-05-20 04:28:21
484,2010-02-18,Thu,13,19,25,29,32,35,42,153,5,1,1,3,2,2,0,https://www.mizuhobank.co.jp/takarakuji/check/loto/backnumber/detail.html?fromto=481_500&type=loto6,2026-05-20 04:28:21
485,2010-02-25,Thu,14,26,30,33,34,39,19,176,2,4,1,1,4,3,1,https://www.mizuhobank.co.jp/takarakuji/check/loto/backnumber/detail.html?fromto=481_500&type=loto6,2026-05-20 04:28:21
486,2010-03-04,Thu,16,25,27,29,34,41,6,172,4,2,0,4,2,2,0,https://www.mizuhobank.co.jp/takarakuji/check/loto/backnumber/detail.html?fromto=481_500&type=loto6,2026-05-20 04:28:21
487,2010-03-11,Thu,2,6,8,19,22,34,30,91,1,5,3,2,1,1,0,https://www.mizuhobank.co.jp/takarakuji/check/loto/backnumber/detail.html?fromto=481_500&type=loto6,2026-05-20 04:28:21
488,2010-03-18,Thu,5,15,29,34,39,42,6,164,4,2,1,2,3,3,0,https://www.mizuhobank.co.jp/takarakuji/check/loto/backnumber/detail.html?fromto=481_500&type=loto6,2026-05-20 04:28:21
489,2010-03-25,Thu,6,8,12,30,33,43,36,132,2,4,3,0,3,2,0,https://www.mizuhobank.co.jp/takarakuji/check/loto/backnumber/detail.html?fromto=481_500&type=loto6,2026-05-20 04:28:21
490,2010-04-01,Thu,5,9,13,28,34,40,10,129,3,3,3,1,2,2,0,https://www.mizuhobank.co.jp/takarakuji/check/loto/backnumber/detail.html?fromto=481_500&type=loto6,2026-05-20 04:28:21
491,2010-04-08,Thu,7,9,20,27,31,34,33,128,4,2,2,2,2,1,0,https://www.mizuhobank.co.jp/takarakuji/check/loto/backnumber/detail.html?fromto=481_500&type=loto6,2026-05-20 04:28:21
492,2010-04-15,Thu,1,8,12,20,23,37,10,101,3,3,3,2,1,1,0,https://www.mizuhobank.co.jp/takarakuji/check/loto/backnumber/detail.html?fromto=481_500&type=loto6,2026-05-20 04:28:21
493,2010-04-22,Thu,8,26,30,36,41,42,20,183,1,5,1,1,4,3,1,https://www.mizuhobank.co.jp/takarakuji/check/loto/backnumber/detail.html?fromto=481_500&type=loto6,2026-05-20 04:28:21
494,2010-04-29,Thu,8,16,19,23,26,31,6,123,3,3,1,4,1,0,0,https://www.mizuhobank.co.jp/takarakuji/check/loto/backnumber/detail.html?fromto=481_500&type=loto6,2026-05-20 04:28:21
495,2010-05-06,Thu,4,6,20,21,29,33,31,113,3,3,2,3,1,1,1,https://www.mizuhobank.co.jp/takarakuji/check/loto/backnumber/detail.html?fromto=481_500&type=loto6,2026-05-20 04:28:21
496,2010-05-13,Thu,2,6,11,29,32,41,3,121,3,3,3,1,2,2,0,https://www.mizuhobank.co.jp/takarakuji/check/loto/backnumber/detail.html?fromto=481_500&type=loto6,2026-05-20 04:28:21
497,2010-05-20,Thu,6,12,14,17,36,40,34,125,1,5,3,1,2,2,0,https://www.mizuhobank.co.jp/takarakuji/check/loto/backnumber/detail.html?fromto=481_500&type=loto6,2026-05-20 04:28:21
498,2010-05-27,Thu,1,25,36,41,42,43,39,188,4,2,1,1,4,4,2,https://www.mizuhobank.co.jp/takarakuji/check/loto/backnumber/detail.html?fromto=481_500&type=loto6,2026-05-20 04:28:21
499,2010-06-03,Thu,3,9,15,16,22,35,12,100,4,2,2,3,1,1,1,https://www.mizuhobank.co.jp/takarakuji/check/loto/backnumber/detail.html?fromto=481_500&type=loto6,2026-05-20 04:28:21
500,2010-06-10,Thu,6,20,28,31,34,38,10,157,1,5,1,2,3,2,0,https://www.mizuhobank.co.jp/takarakuji/check/loto/backnumber/detail.html?fromto=481_500&type=loto6,2026-05-20 04:28:21
501,2010-06-17,Thu,3,17,21,23,36,38,7,138,4,2,1,3,2,2,0,https://www.mizuhobank.co.jp/takarakuji/check/loto/backnumber/detail.html?fromto=501_520&type=loto6,2026-05-20 04:28:21
502,2010-06-24,Thu,9,12,27,28,29,41,7,146,4,2,2,3,1,1,2,https://www.mizuhobank.co.jp/takarakuji/check/loto/backnumber/detail.html?fromto=501_520&type=loto6,2026-05-20 04:28:21
503,2010-07-01,Thu,1,18,25,27,28,39,11,138,4,2,1,4,1,1,1,https://www.mizuhobank.co.jp/takarakuji/check/loto/backnumber/detail.html?fromto=501_520&type=loto6,2026-05-20 04:28:21
504,2010-07-08,Thu,12,21,22,27,29,31,35,142,4,2,1,4,1,0,1,https://www.mizuhobank.co.jp/takarakuji/check/loto/backnumber/detail.html?fromto=501_520&type=loto6,2026-05-20 04:28:21
505,2010-07-15,Thu,19,21,27,33,34,43,41,177,5,1,0,3,3,3,1,https://www.mizuhobank.co.jp/takarakuji/check/loto/backnumber/detail.html?fromto=501_520&type=loto6,2026-05-20 04:28:21
506,2010-07-22,Thu,5,11,21,27,37,39,26,140,6,0,2,2,2,2,0,https://www.mizuhobank.co.jp/takarakuji/check/loto/backnumber/detail.html?fromto=501_520&type=loto6,2026-05-20 04:28:21
507,2010-07-29,Thu,5,14,19,21,28,31,17,118,4,2,2,3,1,0,0,https://www.mizuhobank.co.jp/takarakuji/check/loto/backnumber/detail.html?fromto=501_520&type=loto6,2026-05-20 04:28:21
508,2010-08-05,Thu,1,7,14,15,24,42,13,103,3,3,3,2,1,1,1,https://www.mizuhobank.co.jp/takarakuji/check/loto/backnumber/detail.html?fromto=501_520&type=loto6,2026-05-20 04:28:21
509,2010-08-12,Thu,3,4,12,18,27,28,40,92,2,4,3,3,0,0,2,https://www.mizuhobank.co.jp/takarakuji/check/loto/backnumber/detail.html?fromto=501_520&type=loto6,2026-05-20 04:28:21
510,2010-08-19,Thu,12,15,26,35,41,43,25,172,4,2,1,2,3,3,0,https://www.mizuhobank.co.jp/takarakuji/check/loto/backnumber/detail.html?fromto=501_520&type=loto6,2026-05-20 04:28:21
511,2010-08-26,Thu,4,22,23,27,38,43,9,157,3,3,1,3,2,2,1,https://www.mizuhobank.co.jp/takarakuji/check/loto/backnumber/detail.html?fromto=501_520&type=loto6,2026-05-20 04:28:21
512,2010-09-02,Thu,14,20,23,25,33,39,34,154,4,2,1,3,2,2,0,https://www.mizuhobank.co.jp/takarakuji/check/loto/backnumber/detail.html?fromto=501_520&type=loto6,2026-05-20 04:28:21
513,2010-09-09,Thu,1,6,12,14,15,19,18,67,3,3,4,2,0,0,1,https://www.mizuhobank.co.jp/takarakuji/check/loto/backnumber/detail.html?fromto=501_520&type=loto6,2026-05-20 04:28:21
514,2010-09-16,Thu,6,7,14,15,19,41,31,102,4,2,3,2,1,1,2,https://www.mizuhobank.co.jp/takarakuji/check/loto/backnumber/detail.html?fromto=501_520&type=loto6,2026-05-20 04:28:21
515,2010-09-23,Thu,2,3,23,25,33,35,34,121,5,1,2,2,2,2,1,https://www.mizuhobank.co.jp/takarakuji/check/loto/backnumber/detail.html?fromto=501_520&type=loto6,2026-05-20 04:28:21
516,2010-09-30,Thu,2,14,16,17,29,30,10,108,2,4,2,3,1,0,2,https://www.mizuhobank.co.jp/takarakuji/check/loto/backnumber/detail.html?fromto=501_520&type=loto6,2026-05-20 04:28:21
517,2010-10-07,Thu,6,10,13,14,28,37,39,108,2,4,4,1,1,1,1,https://www.mizuhobank.co.jp/takarakuji/check/loto/backnumber/detail.html?fromto=501_520&type=loto6,2026-05-20 04:28:21
518,2010-10-14,Thu,14,31,34,35,40,42,25,196,2,4,1,0,5,4,1,https://www.mizuhobank.co.jp/takarakuji/check/loto/backnumber/detail.html?fromto=501_520&type=loto6,2026-05-20 04:28:21
519,2010-10-21,Thu,1,13,25,29,30,33,35,131,5,1,2,2,2,1,1,https://www.mizuhobank.co.jp/takarakuji/check/loto/backnumber/detail.html?fromto=501_520&type=loto6,2026-05-20 04:28:21
520,2010-10-28,Thu,2,4,12,14,26,43,40,101,1,5,4,1,1,1,0,https://www.mizuhobank.co.jp/takarakuji/check/loto/backnumber/detail.html?fromto=501_520&type=loto6,2026-05-20 04:28:21
521,2010-11-04,Thu,1,8,15,21,23,30,33,98,4,2,2,3,1,0,0,https://www.mizuhobank.co.jp/takarakuji/check/loto/backnumber/detail.html?fromto=521_540&type=loto6,2026-05-20 04:28:21
522,2010-11-11,Thu,3,6,16,23,25,43,37,116,4,2,2,3,1,1,0,https://www.mizuhobank.co.jp/takarakuji/check/loto/backnumber/detail.html?fromto=521_540&type=loto6,2026-05-20 04:28:21
523,2010-11-18,Thu,7,8,26,27,41,43,16,152,4,2,2,2,2,2,2,https://www.mizuhobank.co.jp/takarakuji/check/loto/backnumber/detail.html?fromto=521_540&type=loto6,2026-05-20 04:28:21
524,2010-11-25,Thu,7,11,14,18,35,40,43,125,3,3,3,1,2,2,0,https://www.mizuhobank.co.jp/takarakuji/check/loto/backnumber/detail.html?fromto=521_540&type=loto6,2026-05-20 04:28:21
525,2010-12-02,Thu,1,11,17,28,33,38,20,128,4,2,2,2,2,2,0,https://www.mizuhobank.co.jp/takarakuji/check/loto/backnumber/detail.html?fromto=521_540&type=loto6,2026-05-20 04:28:21
526,2010-12-09,Thu,8,14,18,19,26,27,23,112,2,4,2,4,0,0,2,https://www.mizuhobank.co.jp/takarakuji/check/loto/backnumber/detail.html?fromto=521_540&type=loto6,2026-05-20 04:28:21
527,2010-12-16,Thu,5,7,12,23,39,41,9,127,5,1,3,1,2,2,0,https://www.mizuhobank.co.jp/takarakuji/check/loto/backnumber/detail.html?fromto=521_540&type=loto6,2026-05-20 04:28:21
528,2010-12-23,Thu,2,5,12,21,28,32,41,100,2,4,3,2,1,1,0,https://www.mizuhobank.co.jp/takarakuji/check/loto/backnumber/detail.html?fromto=521_540&type=loto6,2026-05-20 04:28:21
529,2010-12-30,Thu,6,19,21,24,31,41,7,142,4,2,1,3,2,1,0,https://www.mizuhobank.co.jp/takarakuji/check/loto/backnumber/detail.html?fromto=521_540&type=loto6,2026-05-20 04:28:21
530,2011-01-06,Thu,1,10,19,30,33,36,35,129,3,3,2,1,3,2,0,https://www.mizuhobank.co.jp/takarakuji/check/loto/backnumber/detail.html?fromto=521_540&type=loto6,2026-05-20 04:28:21
531,2011-01-13,Thu,5,12,16,24,26,33,8,116,2,4,2,3,1,1,0,https://www.mizuhobank.co.jp/takarakuji/check/loto/backnumber/detail.html?fromto=521_540&type=loto6,2026-05-20 04:28:21
532,2011-01-20,Thu,23,28,33,35,37,42,4,198,4,2,0,2,4,4,0,https://www.mizuhobank.co.jp/takarakuji/check/loto/backnumber/detail.html?fromto=521_540&type=loto6,2026-05-20 04:28:21
533,2011-01-27,Thu,6,16,24,31,41,43,7,161,3,3,1,2,3,2,0,https://www.mizuhobank.co.jp/takarakuji/check/loto/backnumber/detail.html?fromto=521_540&type=loto6,2026-05-20 04:28:21
534,2011-02-03,Thu,1,2,19,22,26,37,43,107,3,3,2,3,1,1,1,https://www.mizuhobank.co.jp/takarakuji/check/loto/backnumber/detail.html?fromto=521_540&type=loto6,2026-05-20 04:28:21
535,2011-02-10,Thu,6,14,23,24,27,32,11,126,2,4,2,3,1,1,1,https://www.mizuhobank.co.jp/takarakuji/check/loto/backnumber/detail.html?fromto=521_540&type=loto6,2026-05-20 04:28:21
536,2011-02-17,Thu,4,10,12,14,23,36,2,99,1,5,4,1,1,1,0,https://www.mizuhobank.co.jp/takarakuji/check/loto/backnumber/detail.html?fromto=521_540&type=loto6,2026-05-20 04:28:21
537,2011-02-24,Thu,10,18,22,24,26,37,12,137,1,5,1,4,1,1,0,https://www.mizuhobank.co.jp/takarakuji/check/loto/backnumber/detail.html?fromto=521_540&type=loto6,2026-05-20 04:28:21
538,2011-03-03,Thu,2,11,14,23,26,33,28,109,3,3,3,2,1,1,0,https://www.mizuhobank.co.jp/takarakuji/check/loto/backnumber/detail.html?fromto=521_540&type=loto6,2026-05-20 04:28:21
539,2011-03-10,Thu,3,10,13,17,18,28,24,89,3,3,3,3,0,0,1,https://www.mizuhobank.co.jp/takarakuji/check/loto/backnumber/detail.html?fromto=521_540&type=loto6,2026-05-20 04:28:21
540,2011-03-17,Thu,15,23,29,35,36,41,42,179,5,1,0,3,3,3,1,https://www.mizuhobank.co.jp/takarakuji/check/loto/backnumber/detail.html?fromto=521_540&type=loto6,2026-05-20 04:28:21
541,2011-03-24,Thu,3,4,5,28,34,43,20,117,3,3,3,1,2,2,2,https://www.mizuhobank.co.jp/takarakuji/check/loto/backnumber/detail.html?fromto=541_560&type=loto6,2026-05-20 04:28:21
542,2011-03-31,Thu,10,14,23,35,38,41,17,161,3,3,2,1,3,3,0,https://www.mizuhobank.co.jp/takarakuji/check/loto/backnumber/detail.html?fromto=541_560&type=loto6,2026-05-20 04:28:21
543,2011-04-04,Mon,15,17,18,19,22,31,30,122,4,2,0,5,1,0,2,https://www.mizuhobank.co.jp/takarakuji/check/loto/backnumber/detail.html?fromto=541_560&type=loto6,2026-05-20 04:28:21
544,2011-04-07,Thu,11,14,16,32,41,42,33,156,2,4,2,1,3,3,1,https://www.mizuhobank.co.jp/takarakuji/check/loto/backnumber/detail.html?fromto=541_560&type=loto6,2026-05-20 04:28:21
545,2011-04-11,Mon,16,21,24,28,32,36,35,157,1,5,0,4,2,2,0,https://www.mizuhobank.co.jp/takarakuji/check/loto/backnumber/detail.html?fromto=541_560&type=loto6,2026-05-20 04:28:21
546,2011-04-14,Thu,1,14,30,34,40,43,27,162,2,4,2,0,4,3,0,https://www.mizuhobank.co.jp/takarakuji/check/loto/backnumber/detail.html?fromto=541_560&type=loto6,2026-05-20 04:28:21
547,2011-04-18,Mon,6,10,11,30,32,39,27,128,2,4,3,0,3,2,1,https://www.mizuhobank.co.jp/takarakuji/check/loto/backnumber/detail.html?fromto=541_560&type=loto6,2026-05-20 04:28:21
548,2011-04-21,Thu,12,13,16,28,29,35,5,133,3,3,2,3,1,1,2,https://www.mizuhobank.co.jp/takarakuji/check/loto/backnumber/detail.html?fromto=541_560&type=loto6,2026-05-20 04:28:21
549,2011-04-25,Mon,5,14,27,29,32,33,16,140,4,2,2,2,2,2,1,https://www.mizuhobank.co.jp/takarakuji/check/loto/backnumber/detail.html?fromto=541_560&type=loto6,2026-05-20 04:28:21
550,2011-04-28,Thu,12,15,19,32,36,42,37,156,2,4,1,2,3,3,0,https://www.mizuhobank.co.jp/takarakuji/check/loto/backnumber/detail.html?fromto=541_560&type=loto6,2026-05-20 04:28:21
551,2011-05-02,Mon,15,16,19,21,26,42,10,139,3,3,0,5,1,1,1,https://www.mizuhobank.co.jp/takarakuji/check/loto/backnumber/detail.html?fromto=541_560&type=loto6,2026-05-20 04:28:21
552,2011-05-05,Thu,13,22,26,30,40,41,8,172,2,4,1,2,3,2,1,https://www.mizuhobank.co.jp/takarakuji/check/loto/backnumber/detail.html?fromto=541_560&type=loto6,2026-05-20 04:28:21
553,2011-05-09,Mon,3,9,11,15,27,37,10,102,6,0,3,2,1,1,0,https://www.mizuhobank.co.jp/takarakuji/check/loto/backnumber/detail.html?fromto=541_560&type=loto6,2026-05-20 04:28:21
554,2011-05-12,Thu,16,27,34,35,36,38,37,186,2,4,0,2,4,4,2,https://www.mizuhobank.co.jp/takarakuji/check/loto/backnumber/detail.html?fromto=541_560&type=loto6,2026-05-20 04:28:21
555,2011-05-16,Mon,2,3,7,9,36,42,5,99,3,3,4,0,2,2,1,https://www.mizuhobank.co.jp/takarakuji/check/loto/backnumber/detail.html?fromto=541_560&type=loto6,2026-05-20 04:28:21
556,2011-05-19,Thu,6,9,13,17,29,30,25,104,4,2,3,2,1,0,1,https://www.mizuhobank.co.jp/takarakuji/check/loto/backnumber/detail.html?fromto=541_560&type=loto6,2026-05-20 04:28:21
557,2011-05-23,Mon,6,18,23,32,38,43,37,160,2,4,1,2,3,3,0,https://www.mizuhobank.co.jp/takarakuji/check/loto/backnumber/detail.html?fromto=541_560&type=loto6,2026-05-20 04:28:21
558,2011-05-26,Thu,4,32,33,38,41,43,2,191,3,3,1,0,5,5,1,https://www.mizuhobank.co.jp/takarakuji/check/loto/backnumber/detail.html?fromto=541_560&type=loto6,2026-05-20 04:28:21
559,2011-05-30,Mon,2,7,16,25,26,43,3,119,3,3,2,3,1,1,1,https://www.mizuhobank.co.jp/takarakuji/check/loto/backnumber/detail.html?fromto=541_560&type=loto6,2026-05-20 04:28:21
560,2011-06-02,Thu,4,17,19,37,39,42,16,158,4,2,1,2,3,3,0,https://www.mizuhobank.co.jp/takarakuji/check/loto/backnumber/detail.html?fromto=541_560&type=loto6,2026-05-20 04:28:21
561,2011-06-06,Mon,4,14,30,35,40,41,29,164,2,4,2,0,4,3,1,https://www.mizuhobank.co.jp/takarakuji/check/loto/backnumber/detail.html?fromto=561_580&type=loto6,2026-05-20 04:28:21
562,2011-06-09,Thu,9,10,11,25,30,37,12,122,4,2,3,1,2,1,2,https://www.mizuhobank.co.jp/takarakuji/check/loto/backnumber/detail.html?fromto=561_580&type=loto6,2026-05-20 04:28:21
563,2011-06-13,Mon,4,5,26,28,34,38,8,135,1,5,2,2,2,2,1,https://www.mizuhobank.co.jp/takarakuji/check/loto/backnumber/detail.html?fromto=561_580&type=loto6,2026-05-20 04:28:21
564,2011-06-16,Thu,3,12,18,24,34,39,16,130,2,4,2,2,2,2,0,https://www.mizuhobank.co.jp/takarakuji/check/loto/backnumber/detail.html?fromto=561_580&type=loto6,2026-05-20 04:28:21
565,2011-06-20,Mon,3,6,8,21,28,32,10,98,2,4,3,2,1,1,0,https://www.mizuhobank.co.jp/takarakuji/check/loto/backnumber/detail.html?fromto=561_580&type=loto6,2026-05-20 04:28:21
566,2011-06-23,Thu,10,17,18,29,30,41,7,145,3,3,1,3,2,1,2,https://www.mizuhobank.co.jp/takarakuji/check/loto/backnumber/detail.html?fromto=561_580&type=loto6,2026-05-20 04:28:21
567,2011-06-27,Mon,7,13,17,23,28,34,25,122,4,2,2,3,1,1,0,https://www.mizuhobank.co.jp/takarakuji/check/loto/backnumber/detail.html?fromto=561_580&type=loto6,2026-05-20 04:28:21
568,2011-06-30,Thu,7,10,15,31,32,42,41,137,3,3,2,1,3,2,1,https://www.mizuhobank.co.jp/takarakuji/check/loto/backnumber/detail.html?fromto=561_580&type=loto6,2026-05-20 04:28:21
569,2011-07-04,Mon,4,19,21,25,28,40,38,137,3,3,1,4,1,1,0,https://www.mizuhobank.co.jp/takarakuji/check/loto/backnumber/detail.html?fromto=561_580&type=loto6,2026-05-20 04:28:21
570,2011-07-07,Thu,2,4,10,28,38,43,25,125,1,5,3,1,2,2,0,https://www.mizuhobank.co.jp/takarakuji/check/loto/backnumber/detail.html?fromto=561_580&type=loto6,2026-05-20 04:28:21
571,2011-07-11,Mon,6,20,21,23,33,38,10,141,3,3,1,3,2,2,1,https://www.mizuhobank.co.jp/takarakuji/check/loto/backnumber/detail.html?fromto=561_580&type=loto6,2026-05-20 04:28:21
572,2011-07-14,Thu,10,12,18,38,42,43,40,163,1,5,2,1,3,3,1,https://www.mizuhobank.co.jp/takarakuji/check/loto/backnumber/detail.html?fromto=561_580&type=loto6,2026-05-20 04:28:21
573,2011-07-18,Mon,3,5,21,30,37,38,11,134,4,2,2,1,3,2,1,https://www.mizuhobank.co.jp/takarakuji/check/loto/backnumber/detail.html?fromto=561_580&type=loto6,2026-05-20 04:28:21
574,2011-07-21,Thu,4,11,16,20,26,43,9,120,2,4,2,3,1,1,0,https://www.mizuhobank.co.jp/takarakuji/check/loto/backnumber/detail.html?fromto=561_580&type=loto6,2026-05-20 04:28:21
575,2011-07-25,Mon,4,11,17,21,23,30,18,106,4,2,2,3,1,0,0,https://www.mizuhobank.co.jp/takarakuji/check/loto/backnumber/detail.html?fromto=561_580&type=loto6,2026-05-20 04:28:21
576,2011-07-28,Thu,8,9,21,24,29,37,1,128,4,2,2,3,1,1,1,https://www.mizuhobank.co.jp/takarakuji/check/loto/backnumber/detail.html?fromto=561_580&type=loto6,2026-05-20 04:28:21
577,2011-08-01,Mon,3,12,29,31,36,37,26,148,4,2,2,1,3,2,1,https://www.mizuhobank.co.jp/takarakuji/check/loto/backnumber/detail.html?fromto=561_580&type=loto6,2026-05-20 04:28:21
578,2011-08-04,Thu,16,22,23,27,33,37,36,158,4,2,0,4,2,2,1,https://www.mizuhobank.co.jp/takarakuji/check/loto/backnumber/detail.html?fromto=561_580&type=loto6,2026-05-20 04:28:21
579,2011-08-08,Mon,6,8,17,19,23,42,32,115,3,3,2,3,1,1,0,https://www.mizuhobank.co.jp/takarakuji/check/loto/backnumber/detail.html?fromto=561_580&type=loto6,2026-05-20 04:28:21
580,2011-08-11,Thu,12,15,17,25,35,43,32,147,5,1,1,3,2,2,0,https://www.mizuhobank.co.jp/takarakuji/check/loto/backnumber/detail.html?fromto=561_580&type=loto6,2026-05-20 04:28:21
581,2011-08-15,Mon,5,22,28,29,35,39,21,158,4,2,1,3,2,2,1,https://www.mizuhobank.co.jp/takarakuji/check/loto/backnumber/detail.html?fromto=581_600&type=loto6,2026-05-20 04:28:21
582,2011-08-18,Thu,7,10,14,25,32,38,13,126,2,4,3,1,2,2,0,https://www.mizuhobank.co.jp/takarakuji/check/loto/backnumber/detail.html?fromto=581_600&type=loto6,2026-05-20 04:28:21
583,2011-08-22,Mon,2,12,17,18,40,43,16,132,2,4,2,2,2,2,1,https://www.mizuhobank.co.jp/takarakuji/check/loto/backnumber/detail.html?fromto=581_600&type=loto6,2026-05-20 04:28:21
584,2011-08-25,Thu,10,11,24,26,37,38,21,146,2,4,2,2,2,2,2,https://www.mizuhobank.co.jp/takarakuji/check/loto/backnumber/detail.html?fromto=581_600&type=loto6,2026-05-20 04:28:21
585,2011-08-29,Mon,1,28,32,34,41,42,22,178,2,4,1,1,4,4,1,https://www.mizuhobank.co.jp/takarakuji/check/loto/backnumber/detail.html?fromto=581_600&type=loto6,2026-05-20 04:28:21
586,2011-09-01,Thu,6,7,10,23,36,42,11,124,2,4,3,1,2,2,1,https://www.mizuhobank.co.jp/takarakuji/check/loto/backnumber/detail.html?fromto=581_600&type=loto6,2026-05-20 04:28:21
587,2011-09-05,Mon,10,12,18,27,33,40,42,140,2,4,2,2,2,2,0,https://www.mizuhobank.co.jp/takarakuji/check/loto/backnumber/detail.html?fromto=581_600&type=loto6,2026-05-20 04:28:21
588,2011-09-08,Thu,8,13,18,33,34,36,23,142,2,4,2,1,3,3,1,https://www.mizuhobank.co.jp/takarakuji/check/loto/backnumber/detail.html?fromto=581_600&type=loto6,2026-05-20 04:28:21
589,2011-09-12,Mon,1,9,10,28,41,42,33,131,3,3,3,1,2,2,2,https://www.mizuhobank.co.jp/takarakuji/check/loto/backnumber/detail.html?fromto=581_600&type=loto6,2026-05-20 04:28:21
590,2011-09-15,Thu,20,24,25,27,32,37,2,165,3,3,0,4,2,2,1,https://www.mizuhobank.co.jp/takarakuji/check/loto/backnumber/detail.html?fromto=581_600&type=loto6,2026-05-20 04:28:21
591,2011-09-19,Mon,1,13,16,22,27,33,5,112,4,2,2,3,1,1,0,https://www.mizuhobank.co.jp/takarakuji/check/loto/backnumber/detail.html?fromto=581_600&type=loto6,2026-05-20 04:28:21
592,2011-09-22,Thu,12,14,22,23,34,41,36,146,2,4,2,2,2,2,1,https://www.mizuhobank.co.jp/takarakuji/check/loto/backnumber/detail.html?fromto=581_600&type=loto6,2026-05-20 04:28:21
593,2011-09-26,Mon,2,10,16,26,29,30,4,113,1,5,2,3,1,0,1,https://www.mizuhobank.co.jp/takarakuji/check/loto/backnumber/detail.html?fromto=581_600&type=loto6,2026-05-20 04:28:21
594,2011-09-29,Thu,4,5,15,30,34,38,2,126,2,4,2,1,3,2,1,https://www.mizuhobank.co.jp/takarakuji/check/loto/backnumber/detail.html?fromto=581_600&type=loto6,2026-05-20 04:28:21
595,2011-10-03,Mon,1,5,15,22,39,40,27,122,4,2,2,2,2,2,1,https://www.mizuhobank.co.jp/takarakuji/check/loto/backnumber/detail.html?fromto=581_600&type=loto6,2026-05-20 04:28:21
596,2011-10-06,Thu,2,13,17,24,29,34,12,119,3,3,2,3,1,1,0,https://www.mizuhobank.co.jp/takarakuji/check/loto/backnumber/detail.html?fromto=581_600&type=loto6,2026-05-20 04:28:21
597,2011-10-10,Mon,3,4,7,13,16,23,1,66,4,2,4,2,0,0,1,https://www.mizuhobank.co.jp/takarakuji/check/loto/backnumber/detail.html?fromto=581_600&type=loto6,2026-05-20 04:28:21
598,2011-10-13,Thu,6,10,15,21,36,41,40,129,3,3,2,2,2,2,0,https://www.mizuhobank.co.jp/takarakuji/check/loto/backnumber/detail.html?fromto=581_600&type=loto6,2026-05-20 04:28:21
599,2011-10-17,Mon,1,2,8,13,27,39,36,90,4,2,4,1,1,1,1,https://www.mizuhobank.co.jp/takarakuji/check/loto/backnumber/detail.html?fromto=581_600&type=loto6,2026-05-20 04:28:21
600,2011-10-20,Thu,3,20,23,24,28,35,26,133,3,3,1,4,1,1,1,https://www.mizuhobank.co.jp/takarakuji/check/loto/backnumber/detail.html?fromto=581_600&type=loto6,2026-05-20 04:28:21
601,2011-10-24,Mon,6,22,25,26,30,39,32,148,2,4,1,3,2,1,1,https://www.mizuhobank.co.jp/takarakuji/check/loto/backnumber/detail.html?fromto=601_620&type=loto6,2026-05-20 04:28:21
602,2011-10-27,Thu,8,13,15,18,24,41,27,119,3,3,2,3,1,1,0,https://www.mizuhobank.co.jp/takarakuji/check/loto/backnumber/detail.html?fromto=601_620&type=loto6,2026-05-20 04:28:21
603,2011-10-31,Mon,3,8,18,21,23,42,17,115,3,3,2,3,1,1,0,https://www.mizuhobank.co.jp/takarakuji/check/loto/backnumber/detail.html?fromto=601_620&type=loto6,2026-05-20 04:28:21
604,2011-11-03,Thu,9,15,20,22,28,43,37,137,3,3,1,4,1,1,0,https://www.mizuhobank.co.jp/takarakuji/check/loto/backnumber/detail.html?fromto=601_620&type=loto6,2026-05-20 04:28:21
605,2011-11-07,Mon,1,4,13,25,38,43,11,124,4,2,3,1,2,2,0,https://www.mizuhobank.co.jp/takarakuji/check/loto/backnumber/detail.html?fromto=601_620&type=loto6,2026-05-20 04:28:21
606,2011-11-10,Thu,8,15,24,26,35,42,7,150,2,4,1,3,2,2,0,https://www.mizuhobank.co.jp/takarakuji/check/loto/backnumber/detail.html?fromto=601_620&type=loto6,2026-05-20 04:28:21
607,2011-11-14,Mon,2,3,8,12,20,21,16,66,2,4,4,2,0,0,2,https://www.mizuhobank.co.jp/takarakuji/check/loto/backnumber/detail.html?fromto=601_620&type=loto6,2026-05-20 04:28:21
608,2011-11-17,Thu,4,6,16,17,18,26,40,87,1,5,2,4,0,0,2,https://www.mizuhobank.co.jp/takarakuji/check/loto/backnumber/detail.html?fromto=601_620&type=loto6,2026-05-20 04:28:21
609,2011-11-21,Mon,18,24,36,37,39,41,1,195,3,3,0,2,4,4,1,https://www.mizuhobank.co.jp/takarakuji/check/loto/backnumber/detail.html?fromto=601_620&type=loto6,2026-05-20 04:28:21
610,2011-11-24,Thu,2,5,12,23,26,41,36,109,3,3,3,2,1,1,0,https://www.mizuhobank.co.jp/takarakuji/check/loto/backnumber/detail.html?fromto=601_620&type=loto6,2026-05-20 04:28:21
611,2011-11-28,Mon,10,12,14,24,34,39,16,133,1,5,3,1,2,2,0,https://www.mizuhobank.co.jp/takarakuji/check/loto/backnumber/detail.html?fromto=601_620&type=loto6,2026-05-20 04:28:21
612,2011-12-01,Thu,7,18,31,32,39,40,35,167,3,3,1,1,4,3,2,https://www.mizuhobank.co.jp/takarakuji/check/loto/backnumber/detail.html?fromto=601_620&type=loto6,2026-05-20 04:28:21
613,2011-12-05,Mon,2,6,18,26,32,37,5,121,1,5,2,2,2,2,0,https://www.mizuhobank.co.jp/takarakuji/check/loto/backnumber/detail.html?fromto=601_620&type=loto6,2026-05-20 04:28:21
614,2011-12-08,Thu,2,6,22,25,31,42,1,128,2,4,2,2,2,1,0,https://www.mizuhobank.co.jp/takarakuji/check/loto/backnumber/detail.html?fromto=601_620&type=loto6,2026-05-20 04:28:21
615,2011-12-12,Mon,6,16,24,32,36,43,28,157,1,5,1,2,3,3,0,https://www.mizuhobank.co.jp/takarakuji/check/loto/backnumber/detail.html?fromto=601_620&type=loto6,2026-05-20 04:28:21
616,2011-12-15,Thu,4,7,18,19,24,35,17,107,3,3,2,3,1,1,1,https://www.mizuhobank.co.jp/takarakuji/check/loto/backnumber/detail.html?fromto=601_620&type=loto6,2026-05-20 04:28:21
617,2011-12-19,Mon,5,8,18,28,34,35,10,128,2,4,2,2,2,2,1,https://www.mizuhobank.co.jp/takarakuji/check/loto/backnumber/detail.html?fromto=601_620&type=loto6,2026-05-20 04:28:21
618,2011-12-22,Thu,4,15,21,31,35,42,13,148,4,2,1,2,3,2,0,https://www.mizuhobank.co.jp/takarakuji/check/loto/backnumber/detail.html?fromto=601_620&type=loto6,2026-05-20 04:28:21
619,2011-12-26,Mon,2,11,29,31,33,38,14,144,4,2,2,1,3,2,0,https://www.mizuhobank.co.jp/takarakuji/check/loto/backnumber/detail.html?fromto=601_620&type=loto6,2026-05-20 04:28:21
620,2011-12-29,Thu,7,10,13,19,31,38,12,118,4,2,3,1,2,1,0,https://www.mizuhobank.co.jp/takarakuji/check/loto/backnumber/detail.html?fromto=601_620&type=loto6,2026-05-20 04:28:21
621,2012-01-05,Thu,6,15,16,28,36,40,20,141,1,5,1,3,2,2,1,https://www.mizuhobank.co.jp/takarakuji/check/loto/backnumber/detail.html?fromto=621_640&type=loto6,2026-05-20 04:28:21
622,2012-01-09,Mon,7,16,18,20,27,36,41,124,2,4,1,4,1,1,0,https://www.mizuhobank.co.jp/takarakuji/check/loto/backnumber/detail.html?fromto=621_640&type=loto6,2026-05-20 04:28:21
623,2012-01-12,Thu,7,8,16,35,39,42,9,147,3,3,2,1,3,3,1,https://www.mizuhobank.co.jp/takarakuji/check/loto/backnumber/detail.html?fromto=621_640&type=loto6,2026-05-20 04:28:21
624,2012-01-16,Mon,4,8,12,22,25,30,43,101,1,5,3,2,1,0,0,https://www.mizuhobank.co.jp/takarakuji/check/loto/backnumber/detail.html?fromto=621_640&type=loto6,2026-05-20 04:28:21
625,2012-01-19,Thu,5,17,26,37,39,42,20,166,4,2,1,2,3,3,0,https://www.mizuhobank.co.jp/takarakuji/check/loto/backnumber/detail.html?fromto=621_640&type=loto6,2026-05-20 04:28:21
626,2012-01-23,Mon,6,13,14,22,26,28,10,109,1,5,3,3,0,0,1,https://www.mizuhobank.co.jp/takarakuji/check/loto/backnumber/detail.html?fromto=621_640&type=loto6,2026-05-20 04:28:21
627,2012-01-26,Thu,2,4,7,19,34,42,30,108,2,4,3,1,2,2,0,https://www.mizuhobank.co.jp/takarakuji/check/loto/backnumber/detail.html?fromto=621_640&type=loto6,2026-05-20 04:28:21
628,2012-01-30,Mon,7,13,15,18,29,38,30,120,4,2,2,3,1,1,0,https://www.mizuhobank.co.jp/takarakuji/check/loto/backnumber/detail.html?fromto=621_640&type=loto6,2026-05-20 04:28:21
629,2012-02-02,Thu,6,16,21,30,34,43,36,150,2,4,1,2,3,2,0,https://www.mizuhobank.co.jp/takarakuji/check/loto/backnumber/detail.html?fromto=621_640&type=loto6,2026-05-20 04:28:21
630,2012-02-06,Mon,3,7,13,18,19,41,38,101,5,1,3,2,1,1,1,https://www.mizuhobank.co.jp/takarakuji/check/loto/backnumber/detail.html?fromto=621_640&type=loto6,2026-05-20 04:28:21
631,2012-02-09,Thu,2,5,7,10,36,40,12,100,2,4,4,0,2,2,0,https://www.mizuhobank.co.jp/takarakuji/check/loto/backnumber/detail.html?fromto=621_640&type=loto6,2026-05-20 04:28:21
632,2012-02-13,Mon,3,4,14,21,22,25,26,89,3,3,3,3,0,0,2,https://www.mizuhobank.co.jp/takarakuji/check/loto/backnumber/detail.html?fromto=621_640&type=loto6,2026-05-20 04:28:21
633,2012-02-16,Thu,7,9,11,14,15,18,5,74,4,2,4,2,0,0,1,https://www.mizuhobank.co.jp/takarakuji/check/loto/backnumber/detail.html?fromto=621_640&type=loto6,2026-05-20 04:28:21
634,2012-02-20,Mon,8,10,13,15,20,40,23,106,2,4,3,2,1,1,0,https://www.mizuhobank.co.jp/takarakuji/check/loto/backnumber/detail.html?fromto=621_640&type=loto6,2026-05-20 04:28:21
635,2012-02-23,Thu,8,11,12,15,41,43,22,130,4,2,3,1,2,2,1,https://www.mizuhobank.co.jp/takarakuji/check/loto/backnumber/detail.html?fromto=621_640&type=loto6,2026-05-20 04:28:21
636,2012-02-27,Mon,2,12,21,23,24,26,36,108,2,4,2,4,0,0,1,https://www.mizuhobank.co.jp/takarakuji/check/loto/backnumber/detail.html?fromto=621_640&type=loto6,2026-05-20 04:28:21
637,2012-03-01,Thu,7,12,16,28,31,34,11,128,2,4,2,2,2,1,0,https://www.mizuhobank.co.jp/takarakuji/check/loto/backnumber/detail.html?fromto=621_640&type=loto6,2026-05-20 04:28:21
638,2012-03-05,Mon,6,11,19,28,35,40,14,139,3,3,2,2,2,2,0,https://www.mizuhobank.co.jp/takarakuji/check/loto/backnumber/detail.html?fromto=621_640&type=loto6,2026-05-20 04:28:21
639,2012-03-08,Thu,1,16,20,24,33,34,8,128,2,4,1,3,2,2,1,https://www.mizuhobank.co.jp/takarakuji/check/loto/backnumber/detail.html?fromto=621_640&type=loto6,2026-05-20 04:28:21
640,2012-03-12,Mon,3,11,18,20,33,39,22,124,4,2,2,2,2,2,0,https://www.mizuhobank.co.jp/takarakuji/check/loto/backnumber/detail.html?fromto=621_640&type=loto6,2026-05-20 04:28:21
641,2012-03-15,Thu,3,14,21,24,26,29,32,117,3,3,2,4,0,0,0,https://www.mizuhobank.co.jp/takarakuji/check/loto/backnumber/detail.html?fromto=641_660&type=loto6,2026-05-20 04:28:21
642,2012-03-19,Mon,8,13,14,21,33,41,18,130,4,2,3,1,2,2,1,https://www.mizuhobank.co.jp/takarakuji/check/loto/backnumber/detail.html?fromto=641_660&type=loto6,2026-05-20 04:28:21
643,2012-03-22,Thu,2,6,21,31,35,37,15,132,4,2,2,1,3,2,0,https://www.mizuhobank.co.jp/takarakuji/check/loto/backnumber/detail.html?fromto=641_660&type=loto6,2026-05-20 04:28:21
644,2012-03-26,Mon,4,14,22,23,26,42,2,131,1,5,2,3,1,1,1,https://www.mizuhobank.co.jp/takarakuji/check/loto/backnumber/detail.html?fromto=641_660&type=loto6,2026-05-20 04:28:21
645,2012-03-29,Thu,3,10,12,32,33,43,31,133,3,3,3,0,3,3,1,https://www.mizuhobank.co.jp/takarakuji/check/loto/backnumber/detail.html?fromto=641_660&type=loto6,2026-05-20 04:28:21
646,2012-04-02,Mon,9,12,14,24,28,33,37,120,2,4,3,2,1,1,0,https://www.mizuhobank.co.jp/takarakuji/check/loto/backnumber/detail.html?fromto=641_660&type=loto6,2026-05-20 04:28:21
647,2012-04-05,Thu,2,7,15,22,36,43,27,125,3,3,2,2,2,2,0,https://www.mizuhobank.co.jp/takarakuji/check/loto/backnumber/detail.html?fromto=641_660&type=loto6,2026-05-20 04:28:21
648,2012-04-09,Mon,22,26,27,28,36,43,1,182,2,4,0,4,2,2,2,https://www.mizuhobank.co.jp/takarakuji/check/loto/backnumber/detail.html?fromto=641_660&type=loto6,2026-05-20 04:28:21
649,2012-04-12,Thu,14,22,29,33,36,40,38,174,2,4,1,2,3,3,0,https://www.mizuhobank.co.jp/takarakuji/check/loto/backnumber/detail.html?fromto=641_660&type=loto6,2026-05-20 04:28:21
650,2012-04-16,Mon,12,31,34,40,41,43,6,201,3,3,1,0,5,4,1,https://www.mizuhobank.co.jp/takarakuji/check/loto/backnumber/detail.html?fromto=641_660&type=loto6,2026-05-20 04:28:21
651,2012-04-19,Thu,4,15,17,34,38,40,5,148,2,4,1,2,3,3,0,https://www.mizuhobank.co.jp/takarakuji/check/loto/backnumber/detail.html?fromto=641_660&type=loto6,2026-05-20 04:28:21
652,2012-04-23,Mon,1,10,16,19,20,39,29,105,3,3,2,3,1,1,1,https://www.mizuhobank.co.jp/takarakuji/check/loto/backnumber/detail.html?fromto=641_660&type=loto6,2026-05-20 04:28:21
653,2012-04-26,Thu,13,21,22,26,29,36,31,147,3,3,1,4,1,1,1,https://www.mizuhobank.co.jp/takarakuji/check/loto/backnumber/detail.html?fromto=641_660&type=loto6,2026-05-20 04:28:21
654,2012-04-30,Mon,12,18,21,29,32,38,2,150,2,4,1,3,2,2,0,https://www.mizuhobank.co.jp/takarakuji/check/loto/backnumber/detail.html?fromto=641_660&type=loto6,2026-05-20 04:28:21
655,2012-05-03,Thu,5,10,23,26,28,29,27,121,3,3,2,4,0,0,1,https://www.mizuhobank.co.jp/takarakuji/check/loto/backnumber/detail.html?fromto=641_660&type=loto6,2026-05-20 04:28:21
656,2012-05-07,Mon,2,8,13,17,25,37,30,102,4,2,3,2,1,1,0,https://www.mizuhobank.co.jp/takarakuji/check/loto/backnumber/detail.html?fromto=641_660&type=loto6,2026-05-20 04:28:21
657,2012-05-10,Thu,3,20,29,33,34,40,2,159,3,3,1,2,3,3,1,https://www.mizuhobank.co.jp/takarakuji/check/loto/backnumber/detail.html?fromto=641_660&type=loto6,2026-05-20 04:28:21
658,2012-05-14,Mon,14,24,32,40,41,42,9,193,1,5,1,1,4,4,2,https://www.mizuhobank.co.jp/takarakuji/check/loto/backnumber/detail.html?fromto=641_660&type=loto6,2026-05-20 04:28:21
659,2012-05-17,Thu,21,30,35,39,41,42,3,208,4,2,0,1,5,4,1,https://www.mizuhobank.co.jp/takarakuji/check/loto/backnumber/detail.html?fromto=641_660&type=loto6,2026-05-20 04:28:21
660,2012-05-21,Mon,8,20,31,36,37,38,39,170,2,4,1,1,4,3,2,https://www.mizuhobank.co.jp/takarakuji/check/loto/backnumber/detail.html?fromto=641_660&type=loto6,2026-05-20 04:28:21
661,2012-05-24,Thu,6,9,17,20,33,40,26,125,3,3,2,2,2,2,0,https://www.mizuhobank.co.jp/takarakuji/check/loto/backnumber/detail.html?fromto=661_680&type=loto6,2026-05-20 04:28:21
662,2012-05-28,Mon,12,31,32,34,36,40,6,185,1,5,1,0,5,4,1,https://www.mizuhobank.co.jp/takarakuji/check/loto/backnumber/detail.html?fromto=661_680&type=loto6,2026-05-20 04:28:21
663,2012-05-31,Thu,13,18,21,30,33,40,25,155,3,3,1,2,3,2,0,https://www.mizuhobank.co.jp/takarakuji/check/loto/backnumber/detail.html?fromto=661_680&type=loto6,2026-05-20 04:28:21
664,2012-06-04,Mon,2,8,11,12,26,29,22,88,2,4,4,2,0,0,1,https://www.mizuhobank.co.jp/takarakuji/check/loto/backnumber/detail.html?fromto=661_680&type=loto6,2026-05-20 04:28:21
665,2012-06-07,Thu,13,22,27,29,36,37,40,164,4,2,1,3,2,2,1,https://www.mizuhobank.co.jp/takarakuji/check/loto/backnumber/detail.html?fromto=661_680&type=loto6,2026-05-20 04:28:21
666,2012-06-11,Mon,2,6,28,30,31,41,7,138,2,4,2,1,3,1,1,https://www.mizuhobank.co.jp/takarakuji/check/loto/backnumber/detail.html?fromto=661_680&type=loto6,2026-05-20 04:28:21
667,2012-06-14,Thu,21,31,34,37,39,40,15,202,4,2,0,1,5,4,1,https://www.mizuhobank.co.jp/takarakuji/check/loto/backnumber/detail.html?fromto=661_680&type=loto6,2026-05-20 04:28:21
668,2012-06-18,Mon,7,13,20,27,34,35,22,136,4,2,2,2,2,2,1,https://www.mizuhobank.co.jp/takarakuji/check/loto/backnumber/detail.html?fromto=661_680&type=loto6,2026-05-20 04:28:21
669,2012-06-21,Thu,4,6,10,17,24,33,19,94,2,4,3,2,1,1,0,https://www.mizuhobank.co.jp/takarakuji/check/loto/backnumber/detail.html?fromto=661_680&type=loto6,2026-05-20 04:28:21
670,2012-06-25,Mon,1,4,7,25,32,41,18,110,4,2,3,1,2,2,0,https://www.mizuhobank.co.jp/takarakuji/check/loto/backnumber/detail.html?fromto=661_680&type=loto6,2026-05-20 04:28:21
671,2012-06-28,Thu,5,10,14,16,23,38,21,106,2,4,3,2,1,1,0,https://www.mizuhobank.co.jp/takarakuji/check/loto/backnumber/detail.html?fromto=661_680&type=loto6,2026-05-20 04:28:21
672,2012-07-02,Mon,1,5,23,24,36,43,19,132,4,2,2,2,2,2,1,https://www.mizuhobank.co.jp/takarakuji/check/loto/backnumber/detail.html?fromto=661_680&type=loto6,2026-05-20 04:28:21
673,2012-07-05,Thu,2,6,16,27,28,29,38,108,2,4,2,4,0,0,2,https://www.mizuhobank.co.jp/takarakuji/check/loto/backnumber/detail.html?fromto=661_680&type=loto6,2026-05-20 04:28:21
674,2012-07-09,Mon,8,11,15,22,40,41,39,137,3,3,2,2,2,2,1,https://www.mizuhobank.co.jp/takarakuji/check/loto/backnumber/detail.html?fromto=661_680&type=loto6,2026-05-20 04:28:21
675,2012-07-12,Thu,8,10,15,21,24,34,28,112,2,4,2,3,1,1,0,https://www.mizuhobank.co.jp/takarakuji/check/loto/backnumber/detail.html?fromto=661_680&type=loto6,2026-05-20 04:28:21
676,2012-07-16,Mon,2,8,20,33,38,42,21,143,1,5,2,1,3,3,0,https://www.mizuhobank.co.jp/takarakuji/check/loto/backnumber/detail.html?fromto=661_680&type=loto6,2026-05-20 04:28:21
677,2012-07-19,Thu,4,11,22,31,32,35,23,135,3,3,2,1,3,2,1,https://www.mizuhobank.co.jp/takarakuji/check/loto/backnumber/detail.html?fromto=661_680&type=loto6,2026-05-20 04:28:21
678,2012-07-23,Mon,8,24,25,29,32,40,28,158,2,4,1,3,2,2,1,https://www.mizuhobank.co.jp/takarakuji/check/loto/backnumber/detail.html?fromto=661_680&type=loto6,2026-05-20 04:28:21
679,2012-07-26,Thu,4,5,7,37,41,42,39,136,4,2,3,0,3,3,2,https://www.mizuhobank.co.jp/takarakuji/check/loto/backnumber/detail.html?fromto=661_680&type=loto6,2026-05-20 04:28:21
680,2012-07-30,Mon,8,9,23,34,38,41,6,153,3,3,2,1,3,3,1,https://www.mizuhobank.co.jp/takarakuji/check/loto/backnumber/detail.html?fromto=661_680&type=loto6,2026-05-20 04:28:21
681,2012-08-02,Thu,1,11,13,30,37,41,27,133,5,1,3,0,3,2,0,https://www.mizuhobank.co.jp/takarakuji/check/loto/backnumber/detail.html?fromto=681_700&type=loto6,2026-05-20 04:28:21
682,2012-08-06,Mon,3,5,7,18,19,41,34,93,5,1,3,2,1,1,1,https://www.mizuhobank.co.jp/takarakuji/check/loto/backnumber/detail.html?fromto=681_700&type=loto6,2026-05-20 04:28:21
683,2012-08-09,Thu,16,24,29,32,35,38,37,174,2,4,0,3,3,3,0,https://www.mizuhobank.co.jp/takarakuji/check/loto/backnumber/detail.html?fromto=681_700&type=loto6,2026-05-20 04:28:21
684,2012-08-13,Mon,6,7,13,18,27,33,16,104,4,2,3,2,1,1,1,https://www.mizuhobank.co.jp/takarakuji/check/loto/backnumber/detail.html?fromto=681_700&type=loto6,2026-05-20 04:28:21
685,2012-08-16,Thu,12,23,27,32,39,43,15,176,4,2,1,2,3,3,0,https://www.mizuhobank.co.jp/takarakuji/check/loto/backnumber/detail.html?fromto=681_700&type=loto6,2026-05-20 04:28:21
686,2012-08-20,Mon,21,24,26,35,37,38,16,181,3,3,0,3,3,3,1,https://www.mizuhobank.co.jp/takarakuji/check/loto/backnumber/detail.html?fromto=681_700&type=loto6,2026-05-20 04:28:21
687,2012-08-23,Thu,16,20,27,33,40,42,34,178,2,4,0,3,3,3,0,https://www.mizuhobank.co.jp/takarakuji/check/loto/backnumber/detail.html?fromto=681_700&type=loto6,2026-05-20 04:28:21
688,2012-08-27,Mon,9,12,16,33,34,35,1,139,3,3,2,1,3,3,2,https://www.mizuhobank.co.jp/takarakuji/check/loto/backnumber/detail.html?fromto=681_700&type=loto6,2026-05-20 04:28:21
689,2012-08-30,Thu,6,8,12,17,24,31,38,98,2,4,3,2,1,0,0,https://www.mizuhobank.co.jp/takarakuji/check/loto/backnumber/detail.html?fromto=681_700&type=loto6,2026-05-20 04:28:21
690,2012-09-03,Mon,7,8,10,21,34,38,30,118,2,4,3,1,2,2,1,https://www.mizuhobank.co.jp/takarakuji/check/loto/backnumber/detail.html?fromto=681_700&type=loto6,2026-05-20 04:28:21
691,2012-09-06,Thu,4,7,8,15,16,42,23,92,2,4,3,2,1,1,2,https://www.mizuhobank.co.jp/takarakuji/check/loto/backnumber/detail.html?fromto=681_700&type=loto6,2026-05-20 04:28:21
692,2012-09-10,Mon,9,10,12,19,21,42,15,113,3,3,3,2,1,1,1,https://www.mizuhobank.co.jp/takarakuji/check/loto/backnumber/detail.html?fromto=681_700&type=loto6,2026-05-20 04:28:21
693,2012-09-13,Thu,4,14,18,22,32,35,10,125,1,5,2,2,2,2,0,https://www.mizuhobank.co.jp/takarakuji/check/loto/backnumber/detail.html?fromto=681_700&type=loto6,2026-05-20 04:28:21
694,2012-09-17,Mon,8,23,27,31,38,40,3,167,3,3,1,2,3,2,0,https://www.mizuhobank.co.jp/takarakuji/check/loto/backnumber/detail.html?fromto=681_700&type=loto6,2026-05-20 04:28:21
695,2012-09-20,Thu,4,7,11,12,13,19,27,66,4,2,5,1,0,0,2,https://www.mizuhobank.co.jp/takarakuji/check/loto/backnumber/detail.html?fromto=681_700&type=loto6,2026-05-20 04:28:21
696,2012-09-24,Mon,2,10,14,19,36,39,9,120,2,4,3,1,2,2,0,https://www.mizuhobank.co.jp/takarakuji/check/loto/backnumber/detail.html?fromto=681_700&type=loto6,2026-05-20 04:28:21
697,2012-09-27,Thu,2,12,14,18,40,41,6,127,1,5,3,1,2,2,1,https://www.mizuhobank.co.jp/takarakuji/check/loto/backnumber/detail.html?fromto=681_700&type=loto6,2026-05-20 04:28:21
698,2012-10-01,Mon,5,20,21,26,30,33,27,135,3,3,1,3,2,1,1,https://www.mizuhobank.co.jp/takarakuji/check/loto/backnumber/detail.html?fromto=681_700&type=loto6,2026-05-20 04:28:21
699,2012-10-04,Thu,12,13,21,25,29,32,20,132,4,2,2,3,1,1,1,https://www.mizuhobank.co.jp/takarakuji/check/loto/backnumber/detail.html?fromto=681_700&type=loto6,2026-05-20 04:28:21
700,2012-10-08,Mon,1,8,17,24,33,35,11,118,4,2,2,2,2,2,0,https://www.mizuhobank.co.jp/takarakuji/check/loto/backnumber/detail.html?fromto=681_700&type=loto6,2026-05-20 04:28:21
701,2012-10-11,Thu,20,22,24,32,36,39,29,173,1,5,0,3,3,3,0,https://www.mizuhobank.co.jp/takarakuji/check/loto/backnumber/detail.html?fromto=701_720&type=loto6,2026-05-20 04:28:21
702,2012-10-15,Mon,1,20,23,37,38,40,4,159,3,3,1,2,3,3,1,https://www.mizuhobank.co.jp/takarakuji/check/loto/backnumber/detail.html?fromto=701_720&type=loto6,2026-05-20 04:28:21
703,2012-10-18,Thu,20,24,27,28,38,41,4,178,2,4,0,4,2,2,1,https://www.mizuhobank.co.jp/takarakuji/check/loto/backnumber/detail.html?fromto=701_720&type=loto6,2026-05-20 04:28:21
704,2012-10-22,Mon,7,10,16,18,19,37,20,107,3,3,2,3,1,1,1,https://www.mizuhobank.co.jp/takarakuji/check/loto/backnumber/detail.html?fromto=701_720&type=loto6,2026-05-20 04:28:21
705,2012-10-25,Thu,14,15,16,18,20,33,3,116,2,4,1,4,1,1,2,https://www.mizuhobank.co.jp/takarakuji/check/loto/backnumber/detail.html?fromto=701_720&type=loto6,2026-05-20 04:28:21
706,2012-10-29,Mon,2,8,29,31,34,37,9,141,3,3,2,1,3,2,0,https://www.mizuhobank.co.jp/takarakuji/check/loto/backnumber/detail.html?fromto=701_720&type=loto6,2026-05-20 04:28:21
707,2012-11-01,Thu,8,15,21,32,40,41,7,157,3,3,1,2,3,3,1,https://www.mizuhobank.co.jp/takarakuji/check/loto/backnumber/detail.html?fromto=701_720&type=loto6,2026-05-20 04:28:21
708,2012-11-05,Mon,2,13,20,22,25,38,35,120,2,4,2,3,1,1,0,https://www.mizuhobank.co.jp/takarakuji/check/loto/backnumber/detail.html?fromto=701_720&type=loto6,2026-05-20 04:28:21
709,2012-11-08,Thu,1,11,13,29,37,39,8,130,6,0,3,1,2,2,0,https://www.mizuhobank.co.jp/takarakuji/check/loto/backnumber/detail.html?fromto=701_720&type=loto6,2026-05-20 04:28:21
710,2012-11-12,Mon,4,5,9,20,33,37,35,108,4,2,3,1,2,2,1,https://www.mizuhobank.co.jp/takarakuji/check/loto/backnumber/detail.html?fromto=701_720&type=loto6,2026-05-20 04:28:21
711,2012-11-15,Thu,5,11,15,24,34,39,37,128,4,2,2,2,2,2,0,https://www.mizuhobank.co.jp/takarakuji/check/loto/backnumber/detail.html?fromto=701_720&type=loto6,2026-05-20 04:28:21
712,2012-11-19,Mon,2,5,8,9,14,25,18,63,3,3,5,1,0,0,1,https://www.mizuhobank.co.jp/takarakuji/check/loto/backnumber/detail.html?fromto=701_720&type=loto6,2026-05-20 04:28:21
713,2012-11-22,Thu,19,20,21,24,25,26,35,135,3,3,0,6,0,0,4,https://www.mizuhobank.co.jp/takarakuji/check/loto/backnumber/detail.html?fromto=701_720&type=loto6,2026-05-20 04:28:21
714,2012-11-26,Mon,2,14,26,28,29,42,13,141,1,5,2,3,1,1,1,https://www.mizuhobank.co.jp/takarakuji/check/loto/backnumber/detail.html?fromto=701_720&type=loto6,2026-05-20 04:28:21
715,2012-11-29,Thu,5,10,12,25,28,31,36,111,3,3,3,2,1,0,0,https://www.mizuhobank.co.jp/takarakuji/check/loto/backnumber/detail.html?fromto=701_720&type=loto6,2026-05-20 04:28:21
716,2012-12-03,Mon,5,7,14,24,25,35,32,110,4,2,3,2,1,1,1,https://www.mizuhobank.co.jp/takarakuji/check/loto/backnumber/detail.html?fromto=701_720&type=loto6,2026-05-20 04:28:21
717,2012-12-06,Thu,13,14,16,21,29,42,20,135,3,3,2,3,1,1,1,https://www.mizuhobank.co.jp/takarakuji/check/loto/backnumber/detail.html?fromto=701_720&type=loto6,2026-05-20 04:28:21
718,2012-12-10,Mon,15,20,27,29,33,43,18,167,5,1,0,4,2,2,0,https://www.mizuhobank.co.jp/takarakuji/check/loto/backnumber/detail.html?fromto=701_720&type=loto6,2026-05-20 04:28:21
719,2012-12-13,Thu,11,14,27,31,34,42,13,159,3,3,2,1,3,2,0,https://www.mizuhobank.co.jp/takarakuji/check/loto/backnumber/detail.html?fromto=701_720&type=loto6,2026-05-20 04:28:21
720,2012-12-17,Mon,25,26,27,28,35,38,19,179,3,3,0,4,2,2,3,https://www.mizuhobank.co.jp/takarakuji/check/loto/backnumber/detail.html?fromto=701_720&type=loto6,2026-05-20 04:28:21
721,2012-12-20,Thu,1,14,23,24,27,40,10,129,3,3,2,3,1,1,1,https://www.mizuhobank.co.jp/takarakuji/check/loto/backnumber/detail.html?fromto=721_740&type=loto6,2026-05-20 04:28:21
722,2012-12-24,Mon,6,11,32,34,35,39,18,157,3,3,2,0,4,4,1,https://www.mizuhobank.co.jp/takarakuji/check/loto/backnumber/detail.html?fromto=721_740&type=loto6,2026-05-20 04:28:21
723,2012-12-27,Thu,16,27,28,36,39,42,2,188,2,4,0,3,3,3,1,https://www.mizuhobank.co.jp/takarakuji/check/loto/backnumber/detail.html?fromto=721_740&type=loto6,2026-05-20 04:28:21
724,2013-01-07,Mon,4,9,32,37,38,39,31,159,3,3,2,0,4,4,2,https://www.mizuhobank.co.jp/takarakuji/check/loto/backnumber/detail.html?fromto=721_740&type=loto6,2026-05-20 04:28:21
725,2013-01-10,Thu,5,6,7,20,31,41,22,110,4,2,3,1,2,1,2,https://www.mizuhobank.co.jp/takarakuji/check/loto/backnumber/detail.html?fromto=721_740&type=loto6,2026-05-20 04:28:21
726,2013-01-14,Mon,13,21,30,31,37,40,14,172,4,2,1,1,4,2,1,https://www.mizuhobank.co.jp/takarakuji/check/loto/backnumber/detail.html?fromto=721_740&type=loto6,2026-05-20 04:28:21
727,2013-01-17,Thu,3,24,26,27,39,41,4,160,4,2,1,3,2,2,1,https://www.mizuhobank.co.jp/takarakuji/check/loto/backnumber/detail.html?fromto=721_740&type=loto6,2026-05-20 04:28:21
728,2013-01-21,Mon,10,15,22,23,38,42,12,150,2,4,1,3,2,2,1,https://www.mizuhobank.co.jp/takarakuji/check/loto/backnumber/detail.html?fromto=721_740&type=loto6,2026-05-20 04:28:21
729,2013-01-24,Thu,2,10,16,18,27,42,22,115,1,5,2,3,1,1,0,https://www.mizuhobank.co.jp/takarakuji/check/loto/backnumber/detail.html?fromto=721_740&type=loto6,2026-05-20 04:28:21
730,2013-01-28,Mon,10,15,21,22,33,35,1,136,4,2,1,3,2,2,1,https://www.mizuhobank.co.jp/takarakuji/check/loto/backnumber/detail.html?fromto=721_740&type=loto6,2026-05-20 04:28:21
731,2013-01-31,Thu,6,7,23,25,38,42,21,141,3,3,2,2,2,2,1,https://www.mizuhobank.co.jp/takarakuji/check/loto/backnumber/detail.html?fromto=721_740&type=loto6,2026-05-20 04:28:21
732,2013-02-04,Mon,20,33,35,36,37,38,29,199,3,3,0,1,5,5,3,https://www.mizuhobank.co.jp/takarakuji/check/loto/backnumber/detail.html?fromto=721_740&type=loto6,2026-05-20 04:28:21
733,2013-02-07,Thu,5,13,14,26,37,38,28,133,3,3,3,1,2,2,2,https://www.mizuhobank.co.jp/takarakuji/check/loto/backnumber/detail.html?fromto=721_740&type=loto6,2026-05-20 04:28:21
734,2013-02-11,Mon,10,19,22,27,29,39,21,146,4,2,1,4,1,1,0,https://www.mizuhobank.co.jp/takarakuji/check/loto/backnumber/detail.html?fromto=721_740&type=loto6,2026-05-20 04:28:21
735,2013-02-14,Thu,5,12,19,22,32,39,14,129,3,3,2,2,2,2,0,https://www.mizuhobank.co.jp/takarakuji/check/loto/backnumber/detail.html?fromto=721_740&type=loto6,2026-05-20 04:28:21
736,2013-02-18,Mon,2,14,17,19,38,43,6,133,3,3,2,2,2,2,0,https://www.mizuhobank.co.jp/takarakuji/check/loto/backnumber/detail.html?fromto=721_740&type=loto6,2026-05-20 04:28:21
737,2013-02-21,Thu,6,10,21,24,27,39,11,127,3,3,2,3,1,1,0,https://www.mizuhobank.co.jp/takarakuji/check/loto/backnumber/detail.html?fromto=721_740&type=loto6,2026-05-20 04:28:21
738,2013-02-25,Mon,14,21,22,32,33,41,9,163,3,3,1,2,3,3,2,https://www.mizuhobank.co.jp/takarakuji/check/loto/backnumber/detail.html?fromto=721_740&type=loto6,2026-05-20 04:28:21
739,2013-02-28,Thu,11,13,18,20,28,38,31,128,2,4,2,3,1,1,0,https://www.mizuhobank.co.jp/takarakuji/check/loto/backnumber/detail.html?fromto=721_740&type=loto6,2026-05-20 04:28:21
740,2013-03-04,Mon,8,9,15,26,37,40,18,135,3,3,2,2,2,2,1,https://www.mizuhobank.co.jp/takarakuji/check/loto/backnumber/detail.html?fromto=721_740&type=loto6,2026-05-20 04:28:21
741,2013-03-07,Thu,8,11,15,29,36,43,18,142,4,2,2,2,2,2,0,https://www.mizuhobank.co.jp/takarakuji/check/loto/backnumber/detail.html?fromto=741_760&type=loto6,2026-05-20 04:28:21
742,2013-03-11,Mon,2,12,13,14,22,35,4,98,2,4,4,1,1,1,2,https://www.mizuhobank.co.jp/takarakuji/check/loto/backnumber/detail.html?fromto=741_760&type=loto6,2026-05-20 04:28:21
743,2013-03-14,Thu,3,4,8,10,14,37,32,76,2,4,5,0,1,1,1,https://www.mizuhobank.co.jp/takarakuji/check/loto/backnumber/detail.html?fromto=741_760&type=loto6,2026-05-20 04:28:21
744,2013-03-18,Mon,2,5,12,14,30,42,3,105,1,5,4,0,2,1,0,https://www.mizuhobank.co.jp/takarakuji/check/loto/backnumber/detail.html?fromto=741_760&type=loto6,2026-05-20 04:28:21
745,2013-03-21,Thu,8,12,16,23,33,34,6,126,2,4,2,2,2,2,1,https://www.mizuhobank.co.jp/takarakuji/check/loto/backnumber/detail.html?fromto=741_760&type=loto6,2026-05-20 04:28:21
746,2013-03-25,Mon,6,9,10,29,31,35,28,120,4,2,3,1,2,1,1,https://www.mizuhobank.co.jp/takarakuji/check/loto/backnumber/detail.html?fromto=741_760&type=loto6,2026-05-20 04:28:21
747,2013-03-28,Thu,8,19,20,23,24,35,5,129,3,3,1,4,1,1,2,https://www.mizuhobank.co.jp/takarakuji/check/loto/backnumber/detail.html?fromto=741_760&type=loto6,2026-05-20 04:28:21
748,2013-04-01,Mon,2,14,16,27,28,30,21,117,1,5,2,3,1,0,1,https://www.mizuhobank.co.jp/takarakuji/check/loto/backnumber/detail.html?fromto=741_760&type=loto6,2026-05-20 04:28:21
749,2013-04-04,Thu,7,8,11,13,23,40,25,102,4,2,4,1,1,1,1,https://www.mizuhobank.co.jp/takarakuji/check/loto/backnumber/detail.html?fromto=741_760&type=loto6,2026-05-20 04:28:21
750,2013-04-08,Mon,4,6,13,16,18,39,34,96,2,4,3,2,1,1,0,https://www.mizuhobank.co.jp/takarakuji/check/loto/backnumber/detail.html?fromto=741_760&type=loto6,2026-05-20 04:28:21
751,2013-04-11,Thu,13,16,21,25,31,38,43,144,4,2,1,3,2,1,0,https://www.mizuhobank.co.jp/takarakuji/check/loto/backnumber/detail.html?fromto=741_760&type=loto6,2026-05-20 04:28:21
752,2013-04-15,Mon,3,5,13,18,22,37,14,98,4,2,3,2,1,1,0,https://www.mizuhobank.co.jp/takarakuji/check/loto/backnumber/detail.html?fromto=741_760&type=loto6,2026-05-20 04:28:21
753,2013-04-18,Thu,2,4,11,15,20,38,18,90,2,4,3,2,1,1,0,https://www.mizuhobank.co.jp/takarakuji/check/loto/backnumber/detail.html?fromto=741_760&type=loto6,2026-05-20 04:28:21
754,2013-04-22,Mon,16,27,33,35,39,41,42,191,5,1,0,2,4,4,0,https://www.mizuhobank.co.jp/takarakuji/check/loto/backnumber/detail.html?fromto=741_760&type=loto6,2026-05-20 04:28:21
755,2013-04-25,Thu,10,16,20,25,29,39,2,139,3,3,1,4,1,1,0,https://www.mizuhobank.co.jp/takarakuji/check/loto/backnumber/detail.html?fromto=741_760&type=loto6,2026-05-20 04:28:21
756,2013-04-29,Mon,8,10,24,26,27,28,32,123,1,5,2,4,0,0,2,https://www.mizuhobank.co.jp/takarakuji/check/loto/backnumber/detail.html?fromto=741_760&type=loto6,2026-05-20 04:28:21
757,2013-05-02,Thu,4,10,14,19,35,38,17,120,2,4,3,1,2,2,0,https://www.mizuhobank.co.jp/takarakuji/check/loto/backnumber/detail.html?fromto=741_760&type=loto6,2026-05-20 04:28:21
758,2013-05-06,Mon,11,19,20,25,38,40,33,153,3,3,1,3,2,2,1,https://www.mizuhobank.co.jp/takarakuji/check/loto/backnumber/detail.html?fromto=741_760&type=loto6,2026-05-20 04:28:21
759,2013-05-09,Thu,14,22,25,28,37,41,31,167,3,3,1,3,2,2,0,https://www.mizuhobank.co.jp/takarakuji/check/loto/backnumber/detail.html?fromto=741_760&type=loto6,2026-05-20 04:28:21
760,2013-05-13,Mon,3,4,6,15,32,40,34,100,2,4,3,1,2,2,1,https://www.mizuhobank.co.jp/takarakuji/check/loto/backnumber/detail.html?fromto=741_760&type=loto6,2026-05-20 04:28:21
761,2013-05-16,Thu,8,10,11,12,20,40,42,101,1,5,4,1,1,1,2,https://www.mizuhobank.co.jp/takarakuji/check/loto/backnumber/detail.html?fromto=761_780&type=loto6,2026-05-20 04:28:21
762,2013-05-20,Mon,6,8,9,20,24,27,40,94,2,4,3,3,0,0,1,https://www.mizuhobank.co.jp/takarakuji/check/loto/backnumber/detail.html?fromto=761_780&type=loto6,2026-05-20 04:28:21
763,2013-05-23,Thu,6,8,10,21,39,42,36,126,2,4,3,1,2,2,0,https://www.mizuhobank.co.jp/takarakuji/check/loto/backnumber/detail.html?fromto=761_780&type=loto6,2026-05-20 04:28:21
764,2013-05-27,Mon,6,7,24,34,42,43,14,156,2,4,2,1,3,3,2,https://www.mizuhobank.co.jp/takarakuji/check/loto/backnumber/detail.html?fromto=761_780&type=loto6,2026-05-20 04:28:21
765,2013-05-30,Thu,4,14,17,22,26,41,6,124,2,4,2,3,1,1,0,https://www.mizuhobank.co.jp/takarakuji/check/loto/backnumber/detail.html?fromto=761_780&type=loto6,2026-05-20 04:28:21
766,2013-06-03,Mon,6,10,12,32,37,39,33,136,2,4,3,0,3,3,0,https://www.mizuhobank.co.jp/takarakuji/check/loto/backnumber/detail.html?fromto=761_780&type=loto6,2026-05-20 04:28:21
767,2013-06-06,Thu,2,6,11,27,29,37,14,112,4,2,3,2,1,1,0,https://www.mizuhobank.co.jp/takarakuji/check/loto/backnumber/detail.html?fromto=761_780&type=loto6,2026-05-20 04:28:21
768,2013-06-10,Mon,1,8,19,25,32,38,39,123,3,3,2,2,2,2,0,https://www.mizuhobank.co.jp/takarakuji/check/loto/backnumber/detail.html?fromto=761_780&type=loto6,2026-05-20 04:28:21
769,2013-06-13,Thu,1,2,4,16,17,38,8,78,2,4,3,2,1,1,2,https://www.mizuhobank.co.jp/takarakuji/check/loto/backnumber/detail.html?fromto=761_780&type=loto6,2026-05-20 04:28:21
770,2013-06-17,Mon,17,19,21,22,36,37,25,152,4,2,0,4,2,2,2,https://www.mizuhobank.co.jp/takarakuji/check/loto/backnumber/detail.html?fromto=761_780&type=loto6,2026-05-20 04:28:21
771,2013-06-20,Thu,15,21,31,32,33,34,27,166,4,2,0,2,4,3,3,https://www.mizuhobank.co.jp/takarakuji/check/loto/backnumber/detail.html?fromto=761_780&type=loto6,2026-05-20 04:28:21
772,2013-06-24,Mon,7,11,16,19,20,23,30,96,4,2,2,4,0,0,1,https://www.mizuhobank.co.jp/takarakuji/check/loto/backnumber/detail.html?fromto=761_780&type=loto6,2026-05-20 04:28:21
773,2013-06-27,Thu,4,7,10,11,12,32,9,76,2,4,5,0,1,1,2,https://www.mizuhobank.co.jp/takarakuji/check/loto/backnumber/detail.html?fromto=761_780&type=loto6,2026-05-20 04:28:21
774,2013-07-01,Mon,2,4,9,13,16,33,15,77,3,3,4,1,1,1,0,https://www.mizuhobank.co.jp/takarakuji/check/loto/backnumber/detail.html?fromto=761_780&type=loto6,2026-05-20 04:28:21
775,2013-07-04,Thu,1,2,21,22,37,38,17,121,3,3,2,2,2,2,3,https://www.mizuhobank.co.jp/takarakuji/check/loto/backnumber/detail.html?fromto=761_780&type=loto6,2026-05-20 04:28:21
776,2013-07-08,Mon,2,8,14,23,28,42,25,117,1,5,3,2,1,1,0,https://www.mizuhobank.co.jp/takarakuji/check/loto/backnumber/detail.html?fromto=761_780&type=loto6,2026-05-20 04:28:21
777,2013-07-11,Thu,15,16,23,29,37,39,42,159,5,1,0,4,2,2,1,https://www.mizuhobank.co.jp/takarakuji/check/loto/backnumber/detail.html?fromto=761_780&type=loto6,2026-05-20 04:28:21
778,2013-07-15,Mon,5,11,17,24,35,41,3,133,5,1,2,2,2,2,0,https://www.mizuhobank.co.jp/takarakuji/check/loto/backnumber/detail.html?fromto=761_780&type=loto6,2026-05-20 04:28:21
779,2013-07-18,Thu,10,13,27,34,36,39,7,159,3,3,2,1,3,3,0,https://www.mizuhobank.co.jp/takarakuji/check/loto/backnumber/detail.html?fromto=761_780&type=loto6,2026-05-20 04:28:21
780,2013-07-22,Mon,6,7,12,26,39,43,4,133,3,3,3,1,2,2,1,https://www.mizuhobank.co.jp/takarakuji/check/loto/backnumber/detail.html?fromto=761_780&type=loto6,2026-05-20 04:28:21
781,2013-07-25,Thu,5,6,15,23,40,43,39,132,4,2,2,2,2,2,1,https://www.mizuhobank.co.jp/takarakuji/check/loto/backnumber/detail.html?fromto=781_800&type=loto6,2026-05-20 04:28:21
782,2013-07-29,Mon,19,21,23,24,27,43,10,157,5,1,0,5,1,1,1,https://www.mizuhobank.co.jp/takarakuji/check/loto/backnumber/detail.html?fromto=781_800&type=loto6,2026-05-20 04:28:21
783,2013-08-01,Thu,9,14,22,24,25,32,13,126,2,4,2,3,1,1,1,https://www.mizuhobank.co.jp/takarakuji/check/loto/backnumber/detail.html?fromto=781_800&type=loto6,2026-05-20 04:28:21
784,2013-08-05,Mon,1,9,23,29,37,41,22,140,6,0,2,2,2,2,0,https://www.mizuhobank.co.jp/takarakuji/check/loto/backnumber/detail.html?fromto=781_800&type=loto6,2026-05-20 04:28:21
785,2013-08-08,Thu,1,9,18,20,24,29,15,101,3,3,2,4,0,0,0,https://www.mizuhobank.co.jp/takarakuji/check/loto/backnumber/detail.html?fromto=781_800&type=loto6,2026-05-20 04:28:21
786,2013-08-12,Mon,10,11,17,31,35,39,23,143,5,1,2,1,3,2,1,https://www.mizuhobank.co.jp/takarakuji/check/loto/backnumber/detail.html?fromto=781_800&type=loto6,2026-05-20 04:28:21
787,2013-08-15,Thu,4,5,13,21,33,34,15,110,4,2,3,1,2,2,2,https://www.mizuhobank.co.jp/takarakuji/check/loto/backnumber/detail.html?fromto=781_800&type=loto6,2026-05-20 04:28:21
788,2013-08-19,Mon,2,8,13,27,31,32,16,113,3,3,3,1,2,1,1,https://www.mizuhobank.co.jp/takarakuji/check/loto/backnumber/detail.html?fromto=781_800&type=loto6,2026-05-20 04:28:21
789,2013-08-22,Thu,12,17,29,32,38,40,28,168,2,4,1,2,3,3,0,https://www.mizuhobank.co.jp/takarakuji/check/loto/backnumber/detail.html?fromto=781_800&type=loto6,2026-05-20 04:28:21
790,2013-08-26,Mon,9,13,19,27,34,38,8,140,4,2,2,2,2,2,0,https://www.mizuhobank.co.jp/takarakuji/check/loto/backnumber/detail.html?fromto=781_800&type=loto6,2026-05-20 04:28:21
791,2013-08-29,Thu,1,10,22,24,34,37,20,128,2,4,2,2,2,2,0,https://www.mizuhobank.co.jp/takarakuji/check/loto/backnumber/detail.html?fromto=781_800&type=loto6,2026-05-20 04:28:21
792,2013-09-02,Mon,1,7,14,25,37,43,4,127,5,1,3,1,2,2,0,https://www.mizuhobank.co.jp/takarakuji/check/loto/backnumber/detail.html?fromto=781_800&type=loto6,2026-05-20 04:28:21
793,2013-09-05,Thu,10,13,14,19,26,43,12,125,3,3,3,2,1,1,1,https://www.mizuhobank.co.jp/takarakuji/check/loto/backnumber/detail.html?fromto=781_800&type=loto6,2026-05-20 04:28:21
794,2013-09-09,Mon,15,22,25,29,34,42,2,167,3,3,0,4,2,2,0,https://www.mizuhobank.co.jp/takarakuji/check/loto/backnumber/detail.html?fromto=781_800&type=loto6,2026-05-20 04:28:21
795,2013-09-12,Thu,13,19,24,28,33,38,29,155,3,3,1,3,2,2,0,https://www.mizuhobank.co.jp/takarakuji/check/loto/backnumber/detail.html?fromto=781_800&type=loto6,2026-05-20 04:28:21
796,2013-09-16,Mon,1,7,11,14,22,34,2,89,3,3,4,1,1,1,0,https://www.mizuhobank.co.jp/takarakuji/check/loto/backnumber/detail.html?fromto=781_800&type=loto6,2026-05-20 04:28:21
797,2013-09-19,Thu,1,4,13,18,23,39,35,98,4,2,3,2,1,1,0,https://www.mizuhobank.co.jp/takarakuji/check/loto/backnumber/detail.html?fromto=781_800&type=loto6,2026-05-20 04:28:21
798,2013-09-23,Mon,1,3,5,25,39,41,34,114,6,0,3,1,2,2,0,https://www.mizuhobank.co.jp/takarakuji/check/loto/backnumber/detail.html?fromto=781_800&type=loto6,2026-05-20 04:28:21
799,2013-09-26,Thu,4,6,8,10,19,28,25,75,1,5,4,2,0,0,0,https://www.mizuhobank.co.jp/takarakuji/check/loto/backnumber/detail.html?fromto=781_800&type=loto6,2026-05-20 04:28:21
800,2013-09-30,Mon,8,12,22,23,25,35,43,125,3,3,2,3,1,1,1,https://www.mizuhobank.co.jp/takarakuji/check/loto/backnumber/detail.html?fromto=781_800&type=loto6,2026-05-20 04:28:21
801,2013-10-03,Thu,2,18,19,20,25,31,32,115,3,3,1,4,1,0,2,https://www.mizuhobank.co.jp/takarakuji/check/loto/backnumber/detail.html?fromto=801_820&type=loto6,2026-05-20 04:28:21
802,2013-10-07,Mon,9,13,18,19,25,30,15,114,4,2,2,3,1,0,1,https://www.mizuhobank.co.jp/takarakuji/check/loto/backnumber/detail.html?fromto=801_820&type=loto6,2026-05-20 04:28:21
803,2013-10-10,Thu,9,29,33,34,35,41,27,181,5,1,1,1,4,4,2,https://www.mizuhobank.co.jp/takarakuji/check/loto/backnumber/detail.html?fromto=801_820&type=loto6,2026-05-20 04:28:21
804,2013-10-14,Mon,6,20,23,25,31,33,30,138,4,2,1,3,2,1,0,https://www.mizuhobank.co.jp/takarakuji/check/loto/backnumber/detail.html?fromto=801_820&type=loto6,2026-05-20 04:28:21
805,2013-10-17,Thu,2,14,19,22,24,43,6,124,2,4,2,3,1,1,0,https://www.mizuhobank.co.jp/takarakuji/check/loto/backnumber/detail.html?fromto=801_820&type=loto6,2026-05-20 04:28:21
806,2013-10-21,Mon,3,16,19,25,39,40,29,142,4,2,1,3,2,2,1,https://www.mizuhobank.co.jp/takarakuji/check/loto/backnumber/detail.html?fromto=801_820&type=loto6,2026-05-20 04:28:21
807,2013-10-24,Thu,1,6,12,20,22,23,27,84,2,4,3,3,0,0,1,https://www.mizuhobank.co.jp/takarakuji/check/loto/backnumber/detail.html?fromto=801_820&type=loto6,2026-05-20 04:28:21
808,2013-10-28,Mon,13,18,22,28,41,42,26,164,2,4,1,3,2,2,1,https://www.mizuhobank.co.jp/takarakuji/check/loto/backnumber/detail.html?fromto=801_820&type=loto6,2026-05-20 04:28:21
809,2013-10-31,Thu,2,11,20,31,32,37,17,133,3,3,2,1,3,2,1,https://www.mizuhobank.co.jp/takarakuji/check/loto/backnumber/detail.html?fromto=801_820&type=loto6,2026-05-20 04:28:21
810,2013-11-04,Mon,3,31,32,38,39,40,37,183,3,3,1,0,5,4,3,https://www.mizuhobank.co.jp/takarakuji/check/loto/backnumber/detail.html?fromto=801_820&type=loto6,2026-05-20 04:28:21
811,2013-11-07,Thu,2,6,20,24,31,40,34,123,1,5,2,2,2,1,0,https://www.mizuhobank.co.jp/takarakuji/check/loto/backnumber/detail.html?fromto=801_820&type=loto6,2026-05-20 04:28:21
812,2013-11-11,Mon,1,12,15,26,34,40,22,128,2,4,2,2,2,2,0,https://www.mizuhobank.co.jp/takarakuji/check/loto/backnumber/detail.html?fromto=801_820&type=loto6,2026-05-20 04:28:21
813,2013-11-14,Thu,9,10,12,13,28,38,39,110,2,4,4,1,1,1,2,https://www.mizuhobank.co.jp/takarakuji/check/loto/backnumber/detail.html?fromto=801_820&type=loto6,2026-05-20 04:28:21
814,2013-11-18,Mon,4,7,15,23,38,42,1,129,3,3,2,2,2,2,0,https://www.mizuhobank.co.jp/takarakuji/check/loto/backnumber/detail.html?fromto=801_820&type=loto6,2026-05-20 04:28:21
815,2013-11-21,Thu,1,2,6,24,25,41,29,99,3,3,3,2,1,1,2,https://www.mizuhobank.co.jp/takarakuji/check/loto/backnumber/detail.html?fromto=801_820&type=loto6,2026-05-20 04:28:21
816,2013-11-25,Mon,5,14,19,24,27,37,9,126,4,2,2,3,1,1,0,https://www.mizuhobank.co.jp/takarakuji/check/loto/backnumber/detail.html?fromto=801_820&type=loto6,2026-05-20 04:28:21
817,2013-11-28,Thu,16,21,27,32,34,43,42,173,3,3,0,3,3,3,0,https://www.mizuhobank.co.jp/takarakuji/check/loto/backnumber/detail.html?fromto=801_820&type=loto6,2026-05-20 04:28:21
818,2013-12-02,Mon,5,21,24,34,37,38,16,159,3,3,1,2,3,3,1,https://www.mizuhobank.co.jp/takarakuji/check/loto/backnumber/detail.html?fromto=801_820&type=loto6,2026-05-20 04:28:21
819,2013-12-05,Thu,10,19,23,25,30,40,14,147,3,3,1,3,2,1,0,https://www.mizuhobank.co.jp/takarakuji/check/loto/backnumber/detail.html?fromto=801_820&type=loto6,2026-05-20 04:28:21
820,2013-12-09,Mon,1,11,19,28,39,43,16,141,5,1,2,2,2,2,0,https://www.mizuhobank.co.jp/takarakuji/check/loto/backnumber/detail.html?fromto=801_820&type=loto6,2026-05-20 04:28:21
821,2013-12-12,Thu,7,10,12,34,40,43,16,146,2,4,3,0,3,3,0,https://www.mizuhobank.co.jp/takarakuji/check/loto/backnumber/detail.html?fromto=821_840&type=loto6,2026-05-20 04:28:21
822,2013-12-16,Mon,6,11,15,24,27,33,29,116,4,2,2,3,1,1,0,https://www.mizuhobank.co.jp/takarakuji/check/loto/backnumber/detail.html?fromto=821_840&type=loto6,2026-05-20 04:28:21
823,2013-12-19,Thu,5,6,23,30,37,38,28,139,3,3,2,1,3,2,2,https://www.mizuhobank.co.jp/takarakuji/check/loto/backnumber/detail.html?fromto=821_840&type=loto6,2026-05-20 04:28:21
824,2013-12-23,Mon,16,19,26,27,29,32,4,149,3,3,0,5,1,1,1,https://www.mizuhobank.co.jp/takarakuji/check/loto/backnumber/detail.html?fromto=821_840&type=loto6,2026-05-20 04:28:21
825,2013-12-26,Thu,6,10,12,16,39,40,20,123,1,5,3,1,2,2,1,https://www.mizuhobank.co.jp/takarakuji/check/loto/backnumber/detail.html?fromto=821_840&type=loto6,2026-05-20 04:28:21
826,2013-12-30,Mon,5,15,22,24,29,36,2,131,3,3,1,4,1,1,0,https://www.mizuhobank.co.jp/takarakuji/check/loto/backnumber/detail.html?fromto=821_840&type=loto6,2026-05-20 04:28:21
827,2014-01-06,Mon,2,4,23,24,33,41,5,127,3,3,2,2,2,2,1,https://www.mizuhobank.co.jp/takarakuji/check/loto/backnumber/detail.html?fromto=821_840&type=loto6,2026-05-20 04:28:21
828,2014-01-09,Thu,2,9,10,24,25,43,26,113,3,3,3,2,1,1,2,https://www.mizuhobank.co.jp/takarakuji/check/loto/backnumber/detail.html?fromto=821_840&type=loto6,2026-05-20 04:28:21
829,2014-01-13,Mon,2,3,23,32,36,39,20,135,3,3,2,1,3,3,1,https://www.mizuhobank.co.jp/takarakuji/check/loto/backnumber/detail.html?fromto=821_840&type=loto6,2026-05-20 04:28:21
830,2014-01-16,Thu,5,6,9,18,28,40,22,106,2,4,3,2,1,1,1,https://www.mizuhobank.co.jp/takarakuji/check/loto/backnumber/detail.html?fromto=821_840&type=loto6,2026-05-20 04:28:21
831,2014-01-20,Mon,3,4,7,13,22,31,19,80,4,2,4,1,1,0,1,https://www.mizuhobank.co.jp/takarakuji/check/loto/backnumber/detail.html?fromto=821_840&type=loto6,2026-05-20 04:28:21
832,2014-01-23,Thu,19,24,27,31,32,33,17,166,4,2,0,3,3,2,2,https://www.mizuhobank.co.jp/takarakuji/check/loto/backnumber/detail.html?fromto=821_840&type=loto6,2026-05-20 04:28:21
833,2014-01-27,Mon,5,6,13,20,22,28,2,94,2,4,3,3,0,0,1,https://www.mizuhobank.co.jp/takarakuji/check/loto/backnumber/detail.html?fromto=821_840&type=loto6,2026-05-20 04:28:21
834,2014-01-30,Thu,4,17,27,39,41,42,8,170,4,2,1,2,3,3,1,https://www.mizuhobank.co.jp/takarakuji/check/loto/backnumber/detail.html?fromto=821_840&type=loto6,2026-05-20 04:28:21
835,2014-02-03,Mon,5,9,10,28,39,40,24,131,3,3,3,1,2,2,2,https://www.mizuhobank.co.jp/takarakuji/check/loto/backnumber/detail.html?fromto=821_840&type=loto6,2026-05-20 04:28:21
836,2014-02-06,Thu,7,11,31,34,38,43,28,164,4,2,2,0,4,3,0,https://www.mizuhobank.co.jp/takarakuji/check/loto/backnumber/detail.html?fromto=821_840&type=loto6,2026-05-20 04:28:21
837,2014-02-10,Mon,5,17,34,37,39,42,28,174,4,2,1,1,4,4,0,https://www.mizuhobank.co.jp/takarakuji/check/loto/backnumber/detail.html?fromto=821_840&type=loto6,2026-05-20 04:28:21
838,2014-02-13,Thu,12,28,32,36,38,43,13,189,1,5,1,1,4,4,0,https://www.mizuhobank.co.jp/takarakuji/check/loto/backnumber/detail.html?fromto=821_840&type=loto6,2026-05-20 04:28:21
839,2014-02-17,Mon,1,3,5,12,13,38,37,72,4,2,5,0,1,1,1,https://www.mizuhobank.co.jp/takarakuji/check/loto/backnumber/detail.html?fromto=821_840&type=loto6,2026-05-20 04:28:21
840,2014-02-20,Thu,3,4,17,24,27,34,39,109,3,3,2,3,1,1,1,https://www.mizuhobank.co.jp/takarakuji/check/loto/backnumber/detail.html?fromto=821_840&type=loto6,2026-05-20 04:28:21
841,2014-02-24,Mon,8,22,24,28,31,36,38,149,1,5,1,3,2,1,0,https://www.mizuhobank.co.jp/takarakuji/check/loto/backnumber/detail.html?fromto=841_860&type=loto6,2026-05-20 04:28:21
842,2014-02-27,Thu,8,11,17,26,33,43,24,138,4,2,2,2,2,2,0,https://www.mizuhobank.co.jp/takarakuji/check/loto/backnumber/detail.html?fromto=841_860&type=loto6,2026-05-20 04:28:21
843,2014-03-03,Mon,3,7,8,26,42,43,11,129,3,3,3,1,2,2,2,https://www.mizuhobank.co.jp/takarakuji/check/loto/backnumber/detail.html?fromto=841_860&type=loto6,2026-05-20 04:28:21
844,2014-03-06,Thu,2,5,18,27,35,38,24,125,3,3,2,2,2,2,0,https://www.mizuhobank.co.jp/takarakuji/check/loto/backnumber/detail.html?fromto=841_860&type=loto6,2026-05-20 04:28:21
845,2014-03-10,Mon,2,12,13,22,24,34,20,107,1,5,3,2,1,1,1,https://www.mizuhobank.co.jp/takarakuji/check/loto/backnumber/detail.html?fromto=841_860&type=loto6,2026-05-20 04:28:21
846,2014-03-13,Thu,9,14,18,28,30,33,4,132,2,4,2,2,2,1,0,https://www.mizuhobank.co.jp/takarakuji/check/loto/backnumber/detail.html?fromto=841_860&type=loto6,2026-05-20 04:28:21
847,2014-03-17,Mon,9,10,23,31,35,36,38,144,4,2,2,1,3,2,2,https://www.mizuhobank.co.jp/takarakuji/check/loto/backnumber/detail.html?fromto=841_860&type=loto6,2026-05-20 04:28:21
848,2014-03-20,Thu,6,7,13,15,35,39,33,115,5,1,3,1,2,2,1,https://www.mizuhobank.co.jp/takarakuji/check/loto/backnumber/detail.html?fromto=841_860&type=loto6,2026-05-20 04:28:21
849,2014-03-24,Mon,1,3,4,10,15,40,34,73,3,3,4,1,1,1,1,https://www.mizuhobank.co.jp/takarakuji/check/loto/backnumber/detail.html?fromto=841_860&type=loto6,2026-05-20 04:28:21
850,2014-03-27,Thu,2,11,30,32,38,41,4,154,2,4,2,0,4,3,0,https://www.mizuhobank.co.jp/takarakuji/check/loto/backnumber/detail.html?fromto=841_860&type=loto6,2026-05-20 04:28:21
851,2014-03-31,Mon,5,8,14,20,26,27,7,100,2,4,3,3,0,0,1,https://www.mizuhobank.co.jp/takarakuji/check/loto/backnumber/detail.html?fromto=841_860&type=loto6,2026-05-20 04:28:21
852,2014-04-03,Thu,3,17,22,23,27,40,35,132,4,2,1,4,1,1,1,https://www.mizuhobank.co.jp/takarakuji/check/loto/backnumber/detail.html?fromto=841_860&type=loto6,2026-05-20 04:28:21
853,2014-04-07,Mon,2,9,22,26,31,35,7,125,3,3,2,2,2,1,0,https://www.mizuhobank.co.jp/takarakuji/check/loto/backnumber/detail.html?fromto=841_860&type=loto6,2026-05-20 04:28:21
854,2014-04-10,Thu,4,11,14,18,25,37,42,109,3,3,3,2,1,1,0,https://www.mizuhobank.co.jp/takarakuji/check/loto/backnumber/detail.html?fromto=841_860&type=loto6,2026-05-20 04:28:21
855,2014-04-14,Mon,10,13,15,25,37,42,30,142,4,2,2,2,2,2,0,https://www.mizuhobank.co.jp/takarakuji/check/loto/backnumber/detail.html?fromto=841_860&type=loto6,2026-05-20 04:28:21
856,2014-04-17,Thu,10,24,32,34,38,40,43,178,0,6,1,1,4,4,0,https://www.mizuhobank.co.jp/takarakuji/check/loto/backnumber/detail.html?fromto=841_860&type=loto6,2026-05-20 04:28:21
857,2014-04-21,Mon,1,3,6,17,28,42,24,97,3,3,3,2,1,1,0,https://www.mizuhobank.co.jp/takarakuji/check/loto/backnumber/detail.html?fromto=841_860&type=loto6,2026-05-20 04:28:21
858,2014-04-24,Thu,3,14,29,32,33,42,40,153,3,3,2,1,3,3,1,https://www.mizuhobank.co.jp/takarakuji/check/loto/backnumber/detail.html?fromto=841_860&type=loto6,2026-05-20 04:28:21
859,2014-04-28,Mon,1,12,15,17,21,36,24,102,4,2,2,3,1,1,0,https://www.mizuhobank.co.jp/takarakuji/check/loto/backnumber/detail.html?fromto=841_860&type=loto6,2026-05-20 04:28:21
860,2014-05-01,Thu,14,16,32,35,38,41,6,176,2,4,1,1,4,4,0,https://www.mizuhobank.co.jp/takarakuji/check/loto/backnumber/detail.html?fromto=841_860&type=loto6,2026-05-20 04:28:21
861,2014-05-05,Mon,4,17,21,28,35,42,29,147,3,3,1,3,2,2,0,https://www.mizuhobank.co.jp/takarakuji/check/loto/backnumber/detail.html?fromto=861_880&type=loto6,2026-05-20 04:28:21
862,2014-05-08,Thu,5,10,16,34,36,39,43,140,2,4,2,1,3,3,0,https://www.mizuhobank.co.jp/takarakuji/check/loto/backnumber/detail.html?fromto=861_880&type=loto6,2026-05-20 04:28:21
863,2014-05-12,Mon,4,14,18,26,35,36,2,133,1,5,2,2,2,2,1,https://www.mizuhobank.co.jp/takarakuji/check/loto/backnumber/detail.html?fromto=861_880&type=loto6,2026-05-20 04:28:21
864,2014-05-15,Thu,19,21,24,28,32,40,12,164,2,4,0,4,2,2,0,https://www.mizuhobank.co.jp/takarakuji/check/loto/backnumber/detail.html?fromto=861_880&type=loto6,2026-05-20 04:28:21
865,2014-05-19,Mon,5,7,8,12,23,25,26,80,4,2,4,2,0,0,1,https://www.mizuhobank.co.jp/takarakuji/check/loto/backnumber/detail.html?fromto=861_880&type=loto6,2026-05-20 04:28:21
866,2014-05-22,Thu,1,3,10,21,29,43,39,107,5,1,3,2,1,1,0,https://www.mizuhobank.co.jp/takarakuji/check/loto/backnumber/detail.html?fromto=861_880&type=loto6,2026-05-20 04:28:21
867,2014-05-26,Mon,2,14,21,26,37,38,18,138,2,4,2,2,2,2,1,https://www.mizuhobank.co.jp/takarakuji/check/loto/backnumber/detail.html?fromto=861_880&type=loto6,2026-05-20 04:28:21
868,2014-05-29,Thu,5,18,19,26,31,43,10,142,4,2,1,3,2,1,1,https://www.mizuhobank.co.jp/takarakuji/check/loto/backnumber/detail.html?fromto=861_880&type=loto6,2026-05-20 04:28:21
869,2014-06-02,Mon,5,7,23,24,37,38,40,134,4,2,2,2,2,2,2,https://www.mizuhobank.co.jp/takarakuji/check/loto/backnumber/detail.html?fromto=861_880&type=loto6,2026-05-20 04:28:21
870,2014-06-05,Thu,1,11,14,21,23,39,26,109,5,1,3,2,1,1,0,https://www.mizuhobank.co.jp/takarakuji/check/loto/backnumber/detail.html?fromto=861_880&type=loto6,2026-05-20 04:28:21
871,2014-06-09,Mon,3,10,11,13,20,27,25,84,4,2,4,2,0,0,1,https://www.mizuhobank.co.jp/takarakuji/check/loto/backnumber/detail.html?fromto=861_880&type=loto6,2026-05-20 04:28:21
872,2014-06-12,Thu,6,10,17,18,19,24,7,94,2,4,2,4,0,0,2,https://www.mizuhobank.co.jp/takarakuji/check/loto/backnumber/detail.html?fromto=861_880&type=loto6,2026-05-20 04:28:21
873,2014-06-16,Mon,4,22,26,27,32,43,20,154,2,4,1,3,2,2,1,https://www.mizuhobank.co.jp/takarakuji/check/loto/backnumber/detail.html?fromto=861_880&type=loto6,2026-05-20 04:28:21
874,2014-06-19,Thu,2,8,21,27,33,37,42,128,4,2,2,2,2,2,0,https://www.mizuhobank.co.jp/takarakuji/check/loto/backnumber/detail.html?fromto=861_880&type=loto6,2026-05-20 04:28:21
875,2014-06-23,Mon,4,5,11,13,22,25,43,80,4,2,4,2,0,0,1,https://www.mizuhobank.co.jp/takarakuji/check/loto/backnumber/detail.html?fromto=861_880&type=loto6,2026-05-20 04:28:21
876,2014-06-26,Thu,11,12,18,25,35,39,9,140,4,2,2,2,2,2,1,https://www.mizuhobank.co.jp/takarakuji/check/loto/backnumber/detail.html?fromto=861_880&type=loto6,2026-05-20 04:28:21
877,2014-06-30,Mon,3,14,17,32,35,43,10,144,4,2,2,1,3,3,0,https://www.mizuhobank.co.jp/takarakuji/check/loto/backnumber/detail.html?fromto=861_880&type=loto6,2026-05-20 04:28:21
878,2014-07-03,Thu,5,14,16,22,25,40,43,122,2,4,2,3,1,1,0,https://www.mizuhobank.co.jp/takarakuji/check/loto/backnumber/detail.html?fromto=861_880&type=loto6,2026-05-20 04:28:21
879,2014-07-07,Mon,24,27,34,35,36,43,25,199,3,3,0,2,4,4,2,https://www.mizuhobank.co.jp/takarakuji/check/loto/backnumber/detail.html?fromto=861_880&type=loto6,2026-05-20 04:28:21
880,2014-07-10,Thu,1,8,11,16,25,32,19,93,3,3,3,2,1,1,0,https://www.mizuhobank.co.jp/takarakuji/check/loto/backnumber/detail.html?fromto=861_880&type=loto6,2026-05-20 04:28:21
881,2014-07-14,Mon,4,6,12,18,28,41,35,109,1,5,3,2,1,1,0,https://www.mizuhobank.co.jp/takarakuji/check/loto/backnumber/detail.html?fromto=881_900&type=loto6,2026-05-20 04:28:21
882,2014-07-17,Thu,5,15,23,26,30,36,6,135,3,3,1,3,2,1,0,https://www.mizuhobank.co.jp/takarakuji/check/loto/backnumber/detail.html?fromto=881_900&type=loto6,2026-05-20 04:28:21
883,2014-07-21,Mon,10,16,25,29,38,42,23,160,2,4,1,3,2,2,0,https://www.mizuhobank.co.jp/takarakuji/check/loto/backnumber/detail.html?fromto=881_900&type=loto6,2026-05-20 04:28:21
884,2014-07-24,Thu,2,7,25,26,38,42,19,140,2,4,2,2,2,2,1,https://www.mizuhobank.co.jp/takarakuji/check/loto/backnumber/detail.html?fromto=881_900&type=loto6,2026-05-20 04:28:21
885,2014-07-28,Mon,22,28,33,36,37,41,14,197,3,3,0,2,4,4,1,https://www.mizuhobank.co.jp/takarakuji/check/loto/backnumber/detail.html?fromto=881_900&type=loto6,2026-05-20 04:28:21
886,2014-07-31,Thu,7,10,13,23,34,39,11,126,4,2,3,1,2,2,0,https://www.mizuhobank.co.jp/takarakuji/check/loto/backnumber/detail.html?fromto=881_900&type=loto6,2026-05-20 04:28:21
887,2014-08-04,Mon,3,4,6,18,32,37,7,100,2,4,3,1,2,2,1,https://www.mizuhobank.co.jp/takarakuji/check/loto/backnumber/detail.html?fromto=881_900&type=loto6,2026-05-20 04:28:21
888,2014-08-07,Thu,2,4,9,36,37,39,43,127,3,3,3,0,3,3,1,https://www.mizuhobank.co.jp/takarakuji/check/loto/backnumber/detail.html?fromto=881_900&type=loto6,2026-05-20 04:28:21
889,2014-08-11,Mon,2,10,21,28,41,43,12,145,3,3,2,2,2,2,0,https://www.mizuhobank.co.jp/takarakuji/check/loto/backnumber/detail.html?fromto=881_900&type=loto6,2026-05-20 04:28:21
890,2014-08-14,Thu,1,4,6,14,28,31,21,84,2,4,4,1,1,0,0,https://www.mizuhobank.co.jp/takarakuji/check/loto/backnumber/detail.html?fromto=881_900&type=loto6,2026-05-20 04:28:21
891,2014-08-18,Mon,7,9,14,30,42,43,24,145,3,3,3,0,3,2,1,https://www.mizuhobank.co.jp/takarakuji/check/loto/backnumber/detail.html?fromto=881_900&type=loto6,2026-05-20 04:28:21
892,2014-08-21,Thu,14,19,31,35,40,43,38,182,4,2,1,1,4,3,0,https://www.mizuhobank.co.jp/takarakuji/check/loto/backnumber/detail.html?fromto=881_900&type=loto6,2026-05-20 04:28:21
893,2014-08-25,Mon,10,12,26,28,29,37,34,142,2,4,2,3,1,1,1,https://www.mizuhobank.co.jp/takarakuji/check/loto/backnumber/detail.html?fromto=881_900&type=loto6,2026-05-20 04:28:21
894,2014-08-28,Thu,4,5,9,20,21,32,40,91,3,3,3,2,1,1,2,https://www.mizuhobank.co.jp/takarakuji/check/loto/backnumber/detail.html?fromto=881_900&type=loto6,2026-05-20 04:28:21
895,2014-09-01,Mon,5,12,24,25,37,38,39,141,3,3,2,2,2,2,2,https://www.mizuhobank.co.jp/takarakuji/check/loto/backnumber/detail.html?fromto=881_900&type=loto6,2026-05-20 04:28:21
896,2014-09-04,Thu,5,6,21,27,32,38,34,129,3,3,2,2,2,2,1,https://www.mizuhobank.co.jp/takarakuji/check/loto/backnumber/detail.html?fromto=881_900&type=loto6,2026-05-20 04:28:21
897,2014-09-08,Mon,8,10,14,15,27,30,12,104,2,4,3,2,1,0,1,https://www.mizuhobank.co.jp/takarakuji/check/loto/backnumber/detail.html?fromto=881_900&type=loto6,2026-05-20 04:28:21
898,2014-09-11,Thu,13,17,21,25,29,37,23,142,6,0,1,4,1,1,0,https://www.mizuhobank.co.jp/takarakuji/check/loto/backnumber/detail.html?fromto=881_900&type=loto6,2026-05-20 04:28:21
899,2014-09-15,Mon,3,10,15,18,27,40,38,113,3,3,2,3,1,1,0,https://www.mizuhobank.co.jp/takarakuji/check/loto/backnumber/detail.html?fromto=881_900&type=loto6,2026-05-20 04:28:21
900,2014-09-18,Thu,8,12,21,22,31,35,2,129,3,3,2,2,2,1,1,https://www.mizuhobank.co.jp/takarakuji/check/loto/backnumber/detail.html?fromto=881_900&type=loto6,2026-05-20 04:28:21
901,2014-09-22,Mon,6,13,22,28,29,37,14,135,3,3,2,3,1,1,1,https://www.mizuhobank.co.jp/takarakuji/check/loto/backnumber/detail.html?fromto=901_920&type=loto6,2026-05-20 04:28:21
902,2014-09-25,Thu,11,21,26,31,32,33,22,154,4,2,1,2,3,2,2,https://www.mizuhobank.co.jp/takarakuji/check/loto/backnumber/detail.html?fromto=901_920&type=loto6,2026-05-20 04:28:21
903,2014-09-29,Mon,1,3,6,7,16,19,12,52,4,2,4,2,0,0,1,https://www.mizuhobank.co.jp/takarakuji/check/loto/backnumber/detail.html?fromto=901_920&type=loto6,2026-05-20 04:28:21
904,2014-10-02,Thu,2,4,6,15,21,41,29,89,3,3,3,2,1,1,0,https://www.mizuhobank.co.jp/takarakuji/check/loto/backnumber/detail.html?fromto=901_920&type=loto6,2026-05-20 04:28:21
905,2014-10-06,Mon,4,15,24,40,41,42,31,166,2,4,1,2,3,3,2,https://www.mizuhobank.co.jp/takarakuji/check/loto/backnumber/detail.html?fromto=901_920&type=loto6,2026-05-20 04:28:21
906,2014-10-09,Thu,6,9,12,13,30,40,31,110,2,4,4,0,2,1,1,https://www.mizuhobank.co.jp/takarakuji/check/loto/backnumber/detail.html?fromto=901_920&type=loto6,2026-05-20 04:28:21
907,2014-10-13,Mon,5,13,18,22,27,41,19,126,4,2,2,3,1,1,0,https://www.mizuhobank.co.jp/takarakuji/check/loto/backnumber/detail.html?fromto=901_920&type=loto6,2026-05-20 04:28:21
908,2014-10-16,Thu,6,14,21,22,23,30,32,116,2,4,2,3,1,0,2,https://www.mizuhobank.co.jp/takarakuji/check/loto/backnumber/detail.html?fromto=901_920&type=loto6,2026-05-20 04:28:21
909,2014-10-20,Mon,12,15,21,27,30,35,28,140,4,2,1,3,2,1,0,https://www.mizuhobank.co.jp/takarakuji/check/loto/backnumber/detail.html?fromto=901_920&type=loto6,2026-05-20 04:28:21
910,2014-10-23,Thu,11,12,13,17,25,33,14,111,5,1,3,2,1,1,2,https://www.mizuhobank.co.jp/takarakuji/check/loto/backnumber/detail.html?fromto=901_920&type=loto6,2026-05-20 04:28:21
911,2014-10-27,Mon,8,16,18,22,27,35,3,126,2,4,1,4,1,1,0,https://www.mizuhobank.co.jp/takarakuji/check/loto/backnumber/detail.html?fromto=901_920&type=loto6,2026-05-20 04:28:21
912,2014-10-30,Thu,5,14,19,20,32,42,11,132,2,4,2,2,2,2,1,https://www.mizuhobank.co.jp/takarakuji/check/loto/backnumber/detail.html?fromto=901_920&type=loto6,2026-05-20 04:28:21
913,2014-11-03,Mon,5,8,20,31,36,41,16,141,3,3,2,1,3,2,0,https://www.mizuhobank.co.jp/takarakuji/check/loto/backnumber/detail.html?fromto=901_920&type=loto6,2026-05-20 04:28:21
914,2014-11-06,Thu,2,3,26,33,36,40,19,140,2,4,2,1,3,3,1,https://www.mizuhobank.co.jp/takarakuji/check/loto/backnumber/detail.html?fromto=901_920&type=loto6,2026-05-20 04:28:21
915,2014-11-10,Mon,7,12,21,33,38,40,42,151,3,3,2,1,3,3,0,https://www.mizuhobank.co.jp/takarakuji/check/loto/backnumber/detail.html?fromto=901_920&type=loto6,2026-05-20 04:28:21
916,2014-11-13,Thu,6,14,25,27,38,43,21,153,3,3,2,2,2,2,0,https://www.mizuhobank.co.jp/takarakuji/check/loto/backnumber/detail.html?fromto=901_920&type=loto6,2026-05-20 04:28:21
917,2014-11-17,Mon,2,6,25,26,41,42,18,142,2,4,2,2,2,2,2,https://www.mizuhobank.co.jp/takarakuji/check/loto/backnumber/detail.html?fromto=901_920&type=loto6,2026-05-20 04:28:21
918,2014-11-20,Thu,10,15,25,29,34,36,39,149,3,3,1,3,2,2,0,https://www.mizuhobank.co.jp/takarakuji/check/loto/backnumber/detail.html?fromto=901_920&type=loto6,2026-05-20 04:28:21
919,2014-11-24,Mon,2,9,12,17,33,42,26,115,3,3,3,1,2,2,0,https://www.mizuhobank.co.jp/takarakuji/check/loto/backnumber/detail.html?fromto=901_920&type=loto6,2026-05-20 04:28:21
920,2014-11-27,Thu,9,17,27,30,35,38,6,156,4,2,1,2,3,2,0,https://www.mizuhobank.co.jp/takarakuji/check/loto/backnumber/detail.html?fromto=901_920&type=loto6,2026-05-20 04:28:21
921,2014-12-01,Mon,5,7,26,36,38,39,32,151,3,3,2,1,3,3,1,https://www.mizuhobank.co.jp/takarakuji/check/loto/backnumber/detail.html?fromto=921_940&type=loto6,2026-05-20 04:28:21
922,2014-12-04,Thu,4,6,19,32,33,38,1,132,2,4,2,1,3,3,1,https://www.mizuhobank.co.jp/takarakuji/check/loto/backnumber/detail.html?fromto=921_940&type=loto6,2026-05-20 04:28:21
923,2014-12-08,Mon,5,13,30,31,32,35,29,146,4,2,2,0,4,2,2,https://www.mizuhobank.co.jp/takarakuji/check/loto/backnumber/detail.html?fromto=921_940&type=loto6,2026-05-20 04:28:21
924,2014-12-11,Thu,13,20,24,32,35,42,43,166,2,4,1,2,3,3,0,https://www.mizuhobank.co.jp/takarakuji/check/loto/backnumber/detail.html?fromto=921_940&type=loto6,2026-05-20 04:28:21
925,2014-12-15,Mon,25,26,27,28,32,37,40,175,3,3,0,4,2,2,3,https://www.mizuhobank.co.jp/takarakuji/check/loto/backnumber/detail.html?fromto=921_940&type=loto6,2026-05-20 04:28:21
926,2014-12-18,Thu,16,26,32,35,37,39,25,185,3,3,0,2,4,4,0,https://www.mizuhobank.co.jp/takarakuji/check/loto/backnumber/detail.html?fromto=921_940&type=loto6,2026-05-20 04:28:21
927,2014-12-22,Mon,2,29,30,31,33,34,37,159,3,3,1,1,4,2,3,https://www.mizuhobank.co.jp/takarakuji/check/loto/backnumber/detail.html?fromto=921_940&type=loto6,2026-05-20 04:28:21
928,2014-12-25,Thu,1,21,23,26,31,33,14,135,5,1,1,3,2,1,0,https://www.mizuhobank.co.jp/takarakuji/check/loto/backnumber/detail.html?fromto=921_940&type=loto6,2026-05-20 04:28:21
929,2014-12-29,Mon,10,12,15,25,31,34,26,127,3,3,2,2,2,1,0,https://www.mizuhobank.co.jp/takarakuji/check/loto/backnumber/detail.html?fromto=921_940&type=loto6,2026-05-20 04:28:21
930,2015-01-05,Mon,10,12,37,39,40,43,11,181,3,3,2,0,4,4,1,https://www.mizuhobank.co.jp/takarakuji/check/loto/backnumber/detail.html?fromto=921_940&type=loto6,2026-05-20 04:28:21
931,2015-01-08,Thu,14,18,19,24,25,33,21,133,3,3,1,4,1,1,2,https://www.mizuhobank.co.jp/takarakuji/check/loto/backnumber/detail.html?fromto=921_940&type=loto6,2026-05-20 04:28:21
932,2015-01-12,Mon,4,15,30,37,42,43,32,171,3,3,1,1,4,3,1,https://www.mizuhobank.co.jp/takarakuji/check/loto/backnumber/detail.html?fromto=921_940&type=loto6,2026-05-20 04:28:21
933,2015-01-15,Thu,5,9,20,21,31,41,26,127,5,1,2,2,2,1,1,https://www.mizuhobank.co.jp/takarakuji/check/loto/backnumber/detail.html?fromto=921_940&type=loto6,2026-05-20 04:28:21
934,2015-01-19,Mon,3,7,16,17,20,32,12,95,3,3,2,3,1,1,1,https://www.mizuhobank.co.jp/takarakuji/check/loto/backnumber/detail.html?fromto=921_940&type=loto6,2026-05-20 04:28:21
935,2015-01-22,Thu,2,12,14,26,38,43,8,135,1,5,3,1,2,2,0,https://www.mizuhobank.co.jp/takarakuji/check/loto/backnumber/detail.html?fromto=921_940&type=loto6,2026-05-20 04:28:21
936,2015-01-26,Mon,1,3,12,16,20,35,5,87,3,3,3,2,1,1,0,https://www.mizuhobank.co.jp/takarakuji/check/loto/backnumber/detail.html?fromto=921_940&type=loto6,2026-05-20 04:28:21
937,2015-01-29,Thu,13,15,21,25,36,41,8,151,5,1,1,3,2,2,0,https://www.mizuhobank.co.jp/takarakuji/check/loto/backnumber/detail.html?fromto=921_940&type=loto6,2026-05-20 04:28:21
938,2015-02-02,Mon,5,9,12,19,30,35,29,110,4,2,3,1,2,1,0,https://www.mizuhobank.co.jp/takarakuji/check/loto/backnumber/detail.html?fromto=921_940&type=loto6,2026-05-20 04:28:21
939,2015-02-05,Thu,8,11,15,17,26,43,32,120,4,2,2,3,1,1,0,https://www.mizuhobank.co.jp/takarakuji/check/loto/backnumber/detail.html?fromto=921_940&type=loto6,2026-05-20 04:28:21
940,2015-02-09,Mon,1,18,28,31,35,37,39,150,4,2,1,2,3,2,0,https://www.mizuhobank.co.jp/takarakuji/check/loto/backnumber/detail.html?fromto=921_940&type=loto6,2026-05-20 04:28:21
941,2015-02-12,Thu,5,12,22,29,38,39,19,145,3,3,2,2,2,2,1,https://www.mizuhobank.co.jp/takarakuji/check/loto/backnumber/detail.html?fromto=941_960&type=loto6,2026-05-20 04:28:21
942,2015-02-16,Mon,2,3,14,27,28,38,8,112,2,4,3,2,1,1,2,https://www.mizuhobank.co.jp/takarakuji/check/loto/backnumber/detail.html?fromto=941_960&type=loto6,2026-05-20 04:28:21
943,2015-02-19,Thu,9,10,14,15,39,43,25,130,4,2,3,1,2,2,2,https://www.mizuhobank.co.jp/takarakuji/check/loto/backnumber/detail.html?fromto=941_960&type=loto6,2026-05-20 04:28:21
944,2015-02-23,Mon,7,20,25,29,33,37,27,151,5,1,1,3,2,2,0,https://www.mizuhobank.co.jp/takarakuji/check/loto/backnumber/detail.html?fromto=941_960&type=loto6,2026-05-20 04:28:21
945,2015-02-26,Thu,3,10,15,23,36,37,31,124,4,2,2,2,2,2,1,https://www.mizuhobank.co.jp/takarakuji/check/loto/backnumber/detail.html?fromto=941_960&type=loto6,2026-05-20 04:28:21
946,2015-03-02,Mon,2,9,12,16,31,36,41,106,2,4,3,1,2,1,0,https://www.mizuhobank.co.jp/takarakuji/check/loto/backnumber/detail.html?fromto=941_960&type=loto6,2026-05-20 04:28:21
947,2015-03-05,Thu,1,6,21,23,27,40,9,118,4,2,2,3,1,1,0,https://www.mizuhobank.co.jp/takarakuji/check/loto/backnumber/detail.html?fromto=941_960&type=loto6,2026-05-20 04:28:21
948,2015-03-09,Mon,7,16,17,28,39,43,24,150,4,2,1,3,2,2,1,https://www.mizuhobank.co.jp/takarakuji/check/loto/backnumber/detail.html?fromto=941_960&type=loto6,2026-05-20 04:28:21
949,2015-03-12,Thu,5,19,26,36,39,43,9,168,4,2,1,2,3,3,0,https://www.mizuhobank.co.jp/takarakuji/check/loto/backnumber/detail.html?fromto=941_960&type=loto6,2026-05-20 04:28:21
950,2015-03-16,Mon,2,6,16,24,30,41,18,119,1,5,2,2,2,1,0,https://www.mizuhobank.co.jp/takarakuji/check/loto/backnumber/detail.html?fromto=941_960&type=loto6,2026-05-20 04:28:21
951,2015-03-19,Thu,11,15,22,23,26,30,37,127,3,3,1,4,1,0,1,https://www.mizuhobank.co.jp/takarakuji/check/loto/backnumber/detail.html?fromto=941_960&type=loto6,2026-05-20 04:28:21
952,2015-03-23,Mon,10,16,22,25,31,39,27,143,3,3,1,3,2,1,0,https://www.mizuhobank.co.jp/takarakuji/check/loto/backnumber/detail.html?fromto=941_960&type=loto6,2026-05-20 04:28:21
953,2015-03-26,Thu,2,9,17,38,39,42,20,147,3,3,2,1,3,3,1,https://www.mizuhobank.co.jp/takarakuji/check/loto/backnumber/detail.html?fromto=941_960&type=loto6,2026-05-20 04:28:21
954,2015-03-30,Mon,3,23,24,28,29,42,41,149,3,3,1,4,1,1,2,https://www.mizuhobank.co.jp/takarakuji/check/loto/backnumber/detail.html?fromto=941_960&type=loto6,2026-05-20 04:28:21
955,2015-04-02,Thu,14,19,27,28,37,42,24,167,3,3,1,3,2,2,1,https://www.mizuhobank.co.jp/takarakuji/check/loto/backnumber/detail.html?fromto=941_960&type=loto6,2026-05-20 04:28:21
956,2015-04-06,Mon,1,4,6,22,24,38,34,95,1,5,3,2,1,1,0,https://www.mizuhobank.co.jp/takarakuji/check/loto/backnumber/detail.html?fromto=941_960&type=loto6,2026-05-20 04:28:21
957,2015-04-09,Thu,2,11,22,32,36,42,20,145,1,5,2,1,3,3,0,https://www.mizuhobank.co.jp/takarakuji/check/loto/backnumber/detail.html?fromto=941_960&type=loto6,2026-05-20 04:28:21
958,2015-04-13,Mon,9,18,23,24,26,30,21,130,2,4,1,4,1,0,1,https://www.mizuhobank.co.jp/takarakuji/check/loto/backnumber/detail.html?fromto=941_960&type=loto6,2026-05-20 04:28:21
959,2015-04-16,Thu,1,16,18,28,36,38,42,137,1,5,1,3,2,2,0,https://www.mizuhobank.co.jp/takarakuji/check/loto/backnumber/detail.html?fromto=941_960&type=loto6,2026-05-20 04:28:21
960,2015-04-20,Mon,5,18,23,32,35,39,10,152,4,2,1,2,3,3,0,https://www.mizuhobank.co.jp/takarakuji/check/loto/backnumber/detail.html?fromto=941_960&type=loto6,2026-05-20 04:28:21
961,2015-04-23,Thu,5,11,17,18,19,25,34,95,5,1,2,4,0,0,2,https://www.mizuhobank.co.jp/takarakuji/check/loto/backnumber/detail.html?fromto=961_980&type=loto6,2026-05-20 04:28:21
962,2015-04-27,Mon,4,6,10,24,32,37,35,113,1,5,3,1,2,2,0,https://www.mizuhobank.co.jp/takarakuji/check/loto/backnumber/detail.html?fromto=961_980&type=loto6,2026-05-20 04:28:21
963,2015-04-30,Thu,4,23,29,31,32,35,17,154,4,2,1,2,3,2,1,https://www.mizuhobank.co.jp/takarakuji/check/loto/backnumber/detail.html?fromto=961_980&type=loto6,2026-05-20 04:28:21
964,2015-05-04,Mon,2,21,23,29,30,43,26,148,4,2,1,3,2,1,1,https://www.mizuhobank.co.jp/takarakuji/check/loto/backnumber/detail.html?fromto=961_980&type=loto6,2026-05-20 04:28:21
965,2015-05-07,Thu,10,12,19,20,21,22,13,104,2,4,2,4,0,0,3,https://www.mizuhobank.co.jp/takarakuji/check/loto/backnumber/detail.html?fromto=961_980&type=loto6,2026-05-20 04:28:21
966,2015-05-11,Mon,10,22,31,34,36,43,30,176,2,4,1,1,4,3,0,https://www.mizuhobank.co.jp/takarakuji/check/loto/backnumber/detail.html?fromto=961_980&type=loto6,2026-05-20 04:28:21
967,2015-05-14,Thu,1,11,26,30,32,40,8,140,2,4,2,1,3,2,0,https://www.mizuhobank.co.jp/takarakuji/check/loto/backnumber/detail.html?fromto=961_980&type=loto6,2026-05-20 04:28:21
968,2015-05-18,Mon,6,10,15,20,23,26,17,100,2,4,2,4,0,0,0,https://www.mizuhobank.co.jp/takarakuji/check/loto/backnumber/detail.html?fromto=961_980&type=loto6,2026-05-20 04:28:21
969,2015-05-21,Thu,3,9,19,22,23,40,10,116,4,2,2,3,1,1,1,https://www.mizuhobank.co.jp/takarakuji/check/loto/backnumber/detail.html?fromto=961_980&type=loto6,2026-05-20 04:28:21
970,2015-05-25,Mon,2,4,18,23,31,38,1,116,2,4,2,2,2,1,0,https://www.mizuhobank.co.jp/takarakuji/check/loto/backnumber/detail.html?fromto=961_980&type=loto6,2026-05-20 04:28:21
971,2015-05-28,Thu,2,3,4,12,22,29,11,72,2,4,4,2,0,0,2,https://www.mizuhobank.co.jp/takarakuji/check/loto/backnumber/detail.html?fromto=961_980&type=loto6,2026-05-20 04:28:21
972,2015-06-01,Mon,2,7,17,18,21,40,29,105,3,3,2,3,1,1,1,https://www.mizuhobank.co.jp/takarakuji/check/loto/backnumber/detail.html?fromto=961_980&type=loto6,2026-05-20 04:28:21
973,2015-06-04,Thu,1,5,6,12,30,31,24,85,3,3,4,0,2,0,2,https://www.mizuhobank.co.jp/takarakuji/check/loto/backnumber/detail.html?fromto=961_980&type=loto6,2026-05-20 04:28:21
974,2015-06-08,Mon,2,3,29,30,32,43,26,139,3,3,2,1,3,2,2,https://www.mizuhobank.co.jp/takarakuji/check/loto/backnumber/detail.html?fromto=961_980&type=loto6,2026-05-20 04:28:21
975,2015-06-11,Thu,3,11,13,27,29,36,15,119,5,1,3,2,1,1,0,https://www.mizuhobank.co.jp/takarakuji/check/loto/backnumber/detail.html?fromto=961_980&type=loto6,2026-05-20 04:28:21
976,2015-06-15,Mon,6,13,22,28,42,43,29,154,2,4,2,2,2,2,1,https://www.mizuhobank.co.jp/takarakuji/check/loto/backnumber/detail.html?fromto=961_980&type=loto6,2026-05-20 04:28:21
977,2015-06-18,Thu,10,15,17,27,42,43,33,154,4,2,1,3,2,2,1,https://www.mizuhobank.co.jp/takarakuji/check/loto/backnumber/detail.html?fromto=961_980&type=loto6,2026-05-20 04:28:21
978,2015-06-22,Mon,3,11,19,30,38,42,31,143,3,3,2,1,3,2,0,https://www.mizuhobank.co.jp/takarakuji/check/loto/backnumber/detail.html?fromto=961_980&type=loto6,2026-05-20 04:28:21
979,2015-06-25,Thu,9,12,16,18,27,38,10,120,2,4,2,3,1,1,0,https://www.mizuhobank.co.jp/takarakuji/check/loto/backnumber/detail.html?fromto=961_980&type=loto6,2026-05-20 04:28:21
980,2015-06-29,Mon,15,20,23,35,38,42,13,173,3,3,0,3,3,3,0,https://www.mizuhobank.co.jp/takarakuji/check/loto/backnumber/detail.html?fromto=961_980&type=loto6,2026-05-20 04:28:21
981,2015-07-02,Thu,14,19,22,23,31,37,21,146,4,2,1,3,2,1,1,https://www.mizuhobank.co.jp/takarakuji/check/loto/backnumber/detail.html?fromto=981_1000&type=loto6,2026-05-20 04:28:21
982,2015-07-06,Mon,15,19,21,22,29,40,42,146,4,2,0,5,1,1,1,https://www.mizuhobank.co.jp/takarakuji/check/loto/backnumber/detail.html?fromto=981_1000&type=loto6,2026-05-20 04:28:21
983,2015-07-09,Thu,15,19,32,35,36,38,31,175,3,3,0,2,4,4,1,https://www.mizuhobank.co.jp/takarakuji/check/loto/backnumber/detail.html?fromto=981_1000&type=loto6,2026-05-20 04:28:21
984,2015-07-13,Mon,14,23,24,28,37,38,20,164,2,4,1,3,2,2,2,https://www.mizuhobank.co.jp/takarakuji/check/loto/backnumber/detail.html?fromto=981_1000&type=loto6,2026-05-20 04:28:21
985,2015-07-16,Thu,3,11,19,26,29,38,31,126,4,2,2,3,1,1,0,https://www.mizuhobank.co.jp/takarakuji/check/loto/backnumber/detail.html?fromto=981_1000&type=loto6,2026-05-20 04:28:21
986,2015-07-20,Mon,4,11,17,30,36,43,5,141,3,3,2,1,3,2,0,https://www.mizuhobank.co.jp/takarakuji/check/loto/backnumber/detail.html?fromto=981_1000&type=loto6,2026-05-20 04:28:21
987,2015-07-23,Thu,3,14,15,24,25,36,33,117,3,3,2,3,1,1,2,https://www.mizuhobank.co.jp/takarakuji/check/loto/backnumber/detail.html?fromto=981_1000&type=loto6,2026-05-20 04:28:21
988,2015-07-27,Mon,5,6,10,22,34,41,19,118,2,4,3,1,2,2,1,https://www.mizuhobank.co.jp/takarakuji/check/loto/backnumber/detail.html?fromto=981_1000&type=loto6,2026-05-20 04:28:21
989,2015-07-30,Thu,5,7,31,33,36,39,21,151,5,1,2,0,4,3,0,https://www.mizuhobank.co.jp/takarakuji/check/loto/backnumber/detail.html?fromto=981_1000&type=loto6,2026-05-20 04:28:21
990,2015-08-03,Mon,4,12,16,27,28,41,42,128,2,4,2,3,1,1,1,https://www.mizuhobank.co.jp/takarakuji/check/loto/backnumber/detail.html?fromto=981_1000&type=loto6,2026-05-20 04:28:21
991,2015-08-06,Thu,3,18,21,25,29,37,35,133,5,1,1,4,1,1,0,https://www.mizuhobank.co.jp/takarakuji/check/loto/backnumber/detail.html?fromto=981_1000&type=loto6,2026-05-20 04:28:21
992,2015-08-10,Mon,4,6,8,22,27,38,34,105,1,5,3,2,1,1,0,https://www.mizuhobank.co.jp/takarakuji/check/loto/backnumber/detail.html?fromto=981_1000&type=loto6,2026-05-20 04:28:21
993,2015-08-13,Thu,1,5,10,32,38,40,18,126,2,4,3,0,3,3,0,https://www.mizuhobank.co.jp/takarakuji/check/loto/backnumber/detail.html?fromto=981_1000&type=loto6,2026-05-20 04:28:21
994,2015-08-17,Mon,18,22,29,31,39,43,9,182,4,2,0,3,3,2,0,https://www.mizuhobank.co.jp/takarakuji/check/loto/backnumber/detail.html?fromto=981_1000&type=loto6,2026-05-20 04:28:21
995,2015-08-20,Thu,7,11,17,21,37,39,36,132,6,0,2,2,2,2,0,https://www.mizuhobank.co.jp/takarakuji/check/loto/backnumber/detail.html?fromto=981_1000&type=loto6,2026-05-20 04:28:21
996,2015-08-24,Mon,1,3,14,26,27,42,25,113,3,3,3,2,1,1,1,https://www.mizuhobank.co.jp/takarakuji/check/loto/backnumber/detail.html?fromto=981_1000&type=loto6,2026-05-20 04:28:21
997,2015-08-27,Thu,3,5,8,11,33,43,23,103,5,1,4,0,2,2,0,https://www.mizuhobank.co.jp/takarakuji/check/loto/backnumber/detail.html?fromto=981_1000&type=loto6,2026-05-20 04:28:21
998,2015-08-31,Mon,1,3,12,19,26,29,28,90,4,2,3,3,0,0,0,https://www.mizuhobank.co.jp/takarakuji/check/loto/backnumber/detail.html?fromto=981_1000&type=loto6,2026-05-20 04:28:21
999,2015-09-03,Thu,8,15,17,30,32,36,43,138,2,4,1,2,3,2,0,https://www.mizuhobank.co.jp/takarakuji/check/loto/backnumber/detail.html?fromto=981_1000&type=loto6,2026-05-20 04:28:21
1000,2015-09-07,Mon,1,15,21,22,26,29,37,114,4,2,1,5,0,0,1,https://www.mizuhobank.co.jp/takarakuji/check/loto/backnumber/detail.html?fromto=981_1000&type=loto6,2026-05-20 04:28:21
1001,2015-09-10,Thu,9,12,15,16,18,35,2,105,3,3,2,3,1,1,1,https://www.mizuhobank.co.jp/takarakuji/check/loto/backnumber/detail.html?fromto=1001_1020&type=loto6,2026-05-20 04:28:21
1002,2015-09-14,Mon,8,14,22,25,27,41,11,137,3,3,2,3,1,1,0,https://www.mizuhobank.co.jp/takarakuji/check/loto/backnumber/detail.html?fromto=1001_1020&type=loto6,2026-05-20 04:28:21
1003,2015-09-17,Thu,13,22,26,34,38,43,42,176,2,4,1,2,3,3,0,https://www.mizuhobank.co.jp/takarakuji/check/loto/backnumber/detail.html?fromto=1001_1020&type=loto6,2026-05-20 04:28:21
1004,2015-09-21,Mon,3,21,23,24,27,32,36,130,4,2,1,4,1,1,1,https://www.mizuhobank.co.jp/takarakuji/check/loto/backnumber/detail.html?fromto=1001_1020&type=loto6,2026-05-20 04:28:21
1005,2015-09-24,Thu,5,13,20,24,25,27,42,114,4,2,2,4,0,0,1,https://www.mizuhobank.co.jp/takarakuji/check/loto/backnumber/detail.html?fromto=1001_1020&type=loto6,2026-05-20 04:28:21
1006,2015-09-28,Mon,7,8,16,31,32,33,12,127,3,3,2,1,3,2,3,https://www.mizuhobank.co.jp/takarakuji/check/loto/backnumber/detail.html?fromto=1001_1020&type=loto6,2026-05-20 04:28:21
1007,2015-10-01,Thu,3,8,17,25,28,43,42,124,4,2,2,3,1,1,0,https://www.mizuhobank.co.jp/takarakuji/check/loto/backnumber/detail.html?fromto=1001_1020&type=loto6,2026-05-20 04:28:21
1008,2015-10-05,Mon,11,14,16,21,24,39,36,125,3,3,2,3,1,1,0,https://www.mizuhobank.co.jp/takarakuji/check/loto/backnumber/detail.html?fromto=1001_1020&type=loto6,2026-05-20 04:28:21
1009,2015-10-08,Thu,3,19,34,36,40,43,28,175,3,3,1,1,4,4,0,https://www.mizuhobank.co.jp/takarakuji/check/loto/backnumber/detail.html?fromto=1001_1020&type=loto6,2026-05-20 04:28:21
1010,2015-10-12,Mon,6,12,16,24,25,37,17,120,2,4,2,3,1,1,1,https://www.mizuhobank.co.jp/takarakuji/check/loto/backnumber/detail.html?fromto=1001_1020&type=loto6,2026-05-20 04:28:21
1011,2015-10-15,Thu,23,26,27,29,30,43,6,178,4,2,0,4,2,1,2,https://www.mizuhobank.co.jp/takarakuji/check/loto/backnumber/detail.html?fromto=1001_1020&type=loto6,2026-05-20 04:28:21
1012,2015-10-19,Mon,9,11,19,22,27,38,2,126,4,2,2,3,1,1,0,https://www.mizuhobank.co.jp/takarakuji/check/loto/backnumber/detail.html?fromto=1001_1020&type=loto6,2026-05-20 04:28:21
1013,2015-10-22,Thu,3,20,36,38,39,41,22,177,3,3,1,1,4,4,1,https://www.mizuhobank.co.jp/takarakuji/check/loto/backnumber/detail.html?fromto=1001_1020&type=loto6,2026-05-20 04:28:21
1014,2015-10-26,Mon,2,3,9,19,40,42,6,115,3,3,3,1,2,2,1,https://www.mizuhobank.co.jp/takarakuji/check/loto/backnumber/detail.html?fromto=1001_1020&type=loto6,2026-05-20 04:28:21
1015,2015-10-29,Thu,9,14,20,23,27,32,22,125,3,3,2,3,1,1,0,https://www.mizuhobank.co.jp/takarakuji/check/loto/backnumber/detail.html?fromto=1001_1020&type=loto6,2026-05-20 04:28:21
1016,2015-11-02,Mon,1,14,31,32,39,42,34,159,3,3,2,0,4,3,1,https://www.mizuhobank.co.jp/takarakuji/check/loto/backnumber/detail.html?fromto=1001_1020&type=loto6,2026-05-20 04:28:21
1017,2015-11-05,Thu,1,4,24,30,39,40,5,138,2,4,2,1,3,2,1,https://www.mizuhobank.co.jp/takarakuji/check/loto/backnumber/detail.html?fromto=1001_1020&type=loto6,2026-05-20 04:28:21
1018,2015-11-09,Mon,3,22,25,28,32,39,21,149,3,3,1,3,2,2,0,https://www.mizuhobank.co.jp/takarakuji/check/loto/backnumber/detail.html?fromto=1001_1020&type=loto6,2026-05-20 04:28:21
1019,2015-11-12,Thu,8,14,15,22,25,40,19,124,2,4,2,3,1,1,1,https://www.mizuhobank.co.jp/takarakuji/check/loto/backnumber/detail.html?fromto=1001_1020&type=loto6,2026-05-20 04:28:21
1020,2015-11-16,Mon,2,25,27,28,35,42,6,159,3,3,1,3,2,2,1,https://www.mizuhobank.co.jp/takarakuji/check/loto/backnumber/detail.html?fromto=1001_1020&type=loto6,2026-05-20 04:28:21
1021,2015-11-19,Thu,3,30,32,33,34,39,28,171,3,3,1,0,5,4,2,https://www.mizuhobank.co.jp/takarakuji/check/loto/backnumber/detail.html?fromto=1021_1040&type=loto6,2026-05-20 04:28:21
1022,2015-11-23,Mon,3,15,19,30,34,37,12,138,4,2,1,2,3,2,0,https://www.mizuhobank.co.jp/takarakuji/check/loto/backnumber/detail.html?fromto=1021_1040&type=loto6,2026-05-20 04:28:21
1023,2015-11-26,Thu,9,17,24,25,33,40,43,148,4,2,1,3,2,2,1,https://www.mizuhobank.co.jp/takarakuji/check/loto/backnumber/detail.html?fromto=1021_1040&type=loto6,2026-05-20 04:28:21
1024,2015-11-30,Mon,2,4,5,20,37,43,32,111,3,3,3,1,2,2,1,https://www.mizuhobank.co.jp/takarakuji/check/loto/backnumber/detail.html?fromto=1021_1040&type=loto6,2026-05-20 04:28:21
1025,2015-12-03,Thu,10,17,20,21,36,43,34,147,3,3,1,3,2,2,1,https://www.mizuhobank.co.jp/takarakuji/check/loto/backnumber/detail.html?fromto=1021_1040&type=loto6,2026-05-20 04:28:21
1026,2015-12-07,Mon,1,8,11,17,22,26,31,85,3,3,3,3,0,0,0,https://www.mizuhobank.co.jp/takarakuji/check/loto/backnumber/detail.html?fromto=1021_1040&type=loto6,2026-05-20 04:28:21
1027,2015-12-10,Thu,13,16,17,19,20,38,18,123,3,3,1,4,1,1,2,https://www.mizuhobank.co.jp/takarakuji/check/loto/backnumber/detail.html?fromto=1021_1040&type=loto6,2026-05-20 04:28:21
1028,2015-12-14,Mon,7,10,18,21,28,36,40,120,2,4,2,3,1,1,0,https://www.mizuhobank.co.jp/takarakuji/check/loto/backnumber/detail.html?fromto=1021_1040&type=loto6,2026-05-20 04:28:21
1029,2015-12-17,Thu,5,13,22,31,37,39,4,147,5,1,2,1,3,2,0,https://www.mizuhobank.co.jp/takarakuji/check/loto/backnumber/detail.html?fromto=1021_1040&type=loto6,2026-05-20 04:28:21
1030,2015-12-21,Mon,4,9,17,20,23,42,19,115,3,3,2,3,1,1,0,https://www.mizuhobank.co.jp/takarakuji/check/loto/backnumber/detail.html?fromto=1021_1040&type=loto6,2026-05-20 04:28:21
1031,2015-12-24,Thu,2,4,7,22,32,35,1,102,2,4,3,1,2,2,0,https://www.mizuhobank.co.jp/takarakuji/check/loto/backnumber/detail.html?fromto=1021_1040&type=loto6,2026-05-20 04:28:21
1032,2015-12-28,Mon,11,20,21,30,36,43,17,161,3,3,1,2,3,2,1,https://www.mizuhobank.co.jp/takarakuji/check/loto/backnumber/detail.html?fromto=1021_1040&type=loto6,2026-05-20 04:28:21
1033,2016-01-04,Mon,1,15,21,24,37,41,7,139,5,1,1,3,2,2,0,https://www.mizuhobank.co.jp/takarakuji/check/loto/backnumber/detail.html?fromto=1021_1040&type=loto6,2026-05-20 04:28:21
1034,2016-01-07,Thu,14,20,24,25,31,32,29,146,2,4,1,3,2,1,2,https://www.mizuhobank.co.jp/takarakuji/check/loto/backnumber/detail.html?fromto=1021_1040&type=loto6,2026-05-20 04:28:21
1035,2016-01-11,Mon,9,15,17,19,27,33,40,120,6,0,1,4,1,1,0,https://www.mizuhobank.co.jp/takarakuji/check/loto/backnumber/detail.html?fromto=1021_1040&type=loto6,2026-05-20 04:28:21
1036,2016-01-14,Thu,2,8,17,27,30,31,13,115,3,3,2,2,2,0,1,https://www.mizuhobank.co.jp/takarakuji/check/loto/backnumber/detail.html?fromto=1021_1040&type=loto6,2026-05-20 04:28:21
1037,2016-01-18,Mon,1,3,12,13,21,32,41,82,4,2,4,1,1,1,1,https://www.mizuhobank.co.jp/takarakuji/check/loto/backnumber/detail.html?fromto=1021_1040&type=loto6,2026-05-20 04:28:21
1038,2016-01-21,Thu,3,7,24,25,27,39,20,125,5,1,2,3,1,1,1,https://www.mizuhobank.co.jp/takarakuji/check/loto/backnumber/detail.html?fromto=1021_1040&type=loto6,2026-05-20 04:28:21
1039,2016-01-25,Mon,6,9,20,34,37,41,25,147,3,3,2,1,3,3,0,https://www.mizuhobank.co.jp/takarakuji/check/loto/backnumber/detail.html?fromto=1021_1040&type=loto6,2026-05-20 04:28:21
1040,2016-01-28,Thu,7,13,15,21,23,34,12,113,5,1,2,3,1,1,0,https://www.mizuhobank.co.jp/takarakuji/check/loto/backnumber/detail.html?fromto=1021_1040&type=loto6,2026-05-20 04:28:21
1041,2016-02-01,Mon,14,22,27,29,33,37,24,162,4,2,1,3,2,2,0,https://www.mizuhobank.co.jp/takarakuji/check/loto/backnumber/detail.html?fromto=1041_1060&type=loto6,2026-05-20 04:28:21
1042,2016-02-04,Thu,4,10,11,12,18,25,36,80,2,4,4,2,0,0,2,https://www.mizuhobank.co.jp/takarakuji/check/loto/backnumber/detail.html?fromto=1041_1060&type=loto6,2026-05-20 04:28:21
1043,2016-02-08,Mon,21,29,30,32,38,42,16,192,2,4,0,2,4,3,1,https://www.mizuhobank.co.jp/takarakuji/check/loto/backnumber/detail.html?fromto=1041_1060&type=loto6,2026-05-20 04:28:21
1044,2016-02-11,Thu,3,7,16,26,34,39,23,125,3,3,2,2,2,2,0,https://www.mizuhobank.co.jp/takarakuji/check/loto/backnumber/detail.html?fromto=1041_1060&type=loto6,2026-05-20 04:28:21
1045,2016-02-15,Mon,1,19,21,30,31,43,18,145,5,1,1,2,3,1,1,https://www.mizuhobank.co.jp/takarakuji/check/loto/backnumber/detail.html?fromto=1041_1060&type=loto6,2026-05-20 04:28:21
1046,2016-02-18,Thu,6,13,17,18,27,43,21,124,4,2,2,3,1,1,1,https://www.mizuhobank.co.jp/takarakuji/check/loto/backnumber/detail.html?fromto=1041_1060&type=loto6,2026-05-20 04:28:21
1047,2016-02-22,Mon,5,9,13,31,32,35,26,125,5,1,3,0,3,2,1,https://www.mizuhobank.co.jp/takarakuji/check/loto/backnumber/detail.html?fromto=1041_1060&type=loto6,2026-05-20 04:28:21
1048,2016-02-25,Thu,26,27,30,31,34,40,20,188,2,4,0,2,4,2,2,https://www.mizuhobank.co.jp/takarakuji/check/loto/backnumber/detail.html?fromto=1041_1060&type=loto6,2026-05-20 04:28:21
1049,2016-02-29,Mon,3,6,15,23,24,31,11,102,4,2,2,3,1,0,1,https://www.mizuhobank.co.jp/takarakuji/check/loto/backnumber/detail.html?fromto=1041_1060&type=loto6,2026-05-20 04:28:21
1050,2016-03-03,Thu,3,8,14,28,31,43,35,127,3,3,3,1,2,1,0,https://www.mizuhobank.co.jp/takarakuji/check/loto/backnumber/detail.html?fromto=1041_1060&type=loto6,2026-05-20 04:28:21
1051,2016-03-07,Mon,5,13,20,28,30,32,16,128,2,4,2,2,2,1,0,https://www.mizuhobank.co.jp/takarakuji/check/loto/backnumber/detail.html?fromto=1041_1060&type=loto6,2026-05-20 04:28:21
1052,2016-03-10,Thu,6,26,34,37,42,43,13,188,2,4,1,1,4,4,1,https://www.mizuhobank.co.jp/takarakuji/check/loto/backnumber/detail.html?fromto=1041_1060&type=loto6,2026-05-20 04:28:21
1053,2016-03-14,Mon,4,11,23,27,35,42,15,142,4,2,2,2,2,2,0,https://www.mizuhobank.co.jp/takarakuji/check/loto/backnumber/detail.html?fromto=1041_1060&type=loto6,2026-05-20 04:28:21
1054,2016-03-17,Thu,7,9,10,19,28,33,36,106,4,2,3,2,1,1,1,https://www.mizuhobank.co.jp/takarakuji/check/loto/backnumber/detail.html?fromto=1041_1060&type=loto6,2026-05-20 04:28:21
1055,2016-03-21,Mon,5,11,20,25,26,32,6,119,3,3,2,3,1,1,1,https://www.mizuhobank.co.jp/takarakuji/check/loto/backnumber/detail.html?fromto=1041_1060&type=loto6,2026-05-20 04:28:21
1056,2016-03-24,Thu,14,16,19,29,32,37,24,147,3,3,1,3,2,2,0,https://www.mizuhobank.co.jp/takarakuji/check/loto/backnumber/detail.html?fromto=1041_1060&type=loto6,2026-05-20 04:28:21
1057,2016-03-28,Mon,2,11,19,21,28,38,25,119,3,3,2,3,1,1,0,https://www.mizuhobank.co.jp/takarakuji/check/loto/backnumber/detail.html?fromto=1041_1060&type=loto6,2026-05-20 04:28:21
1058,2016-03-31,Thu,11,12,17,23,29,43,37,135,5,1,2,3,1,1,1,https://www.mizuhobank.co.jp/takarakuji/check/loto/backnumber/detail.html?fromto=1041_1060&type=loto6,2026-05-20 04:28:21
1059,2016-04-04,Mon,8,26,27,29,35,43,6,168,4,2,1,3,2,2,1,https://www.mizuhobank.co.jp/takarakuji/check/loto/backnumber/detail.html?fromto=1041_1060&type=loto6,2026-05-20 04:28:21
1060,2016-04-07,Thu,5,10,16,17,32,37,36,117,3,3,2,2,2,2,1,https://www.mizuhobank.co.jp/takarakuji/check/loto/backnumber/detail.html?fromto=1041_1060&type=loto6,2026-05-20 04:28:21
1061,2016-04-11,Mon,1,12,14,16,20,29,4,92,2,4,3,3,0,0,0,https://www.mizuhobank.co.jp/takarakuji/check/loto/backnumber/detail.html?fromto=1061_1080&type=loto6,2026-05-20 04:28:21
1062,2016-04-14,Thu,2,7,28,39,42,43,41,161,3,3,2,1,3,3,1,https://www.mizuhobank.co.jp/takarakuji/check/loto/backnumber/detail.html?fromto=1061_1080&type=loto6,2026-05-20 04:28:21
1063,2016-04-18,Mon,6,12,13,34,38,42,41,145,1,5,3,0,3,3,1,https://www.mizuhobank.co.jp/takarakuji/check/loto/backnumber/detail.html?fromto=1061_1080&type=loto6,2026-05-20 04:28:21
1064,2016-04-21,Thu,4,13,18,27,30,39,34,131,3,3,2,2,2,1,0,https://www.mizuhobank.co.jp/takarakuji/check/loto/backnumber/detail.html?fromto=1061_1080&type=loto6,2026-05-20 04:28:21
1065,2016-04-25,Mon,11,13,27,37,41,42,40,171,5,1,2,1,3,3,1,https://www.mizuhobank.co.jp/takarakuji/check/loto/backnumber/detail.html?fromto=1061_1080&type=loto6,2026-05-20 04:28:21
1066,2016-04-28,Thu,2,11,29,36,40,42,17,160,2,4,2,1,3,3,0,https://www.mizuhobank.co.jp/takarakuji/check/loto/backnumber/detail.html?fromto=1061_1080&type=loto6,2026-05-20 04:28:21
1067,2016-05-02,Mon,5,9,25,27,28,33,10,127,5,1,2,3,1,1,1,https://www.mizuhobank.co.jp/takarakuji/check/loto/backnumber/detail.html?fromto=1061_1080&type=loto6,2026-05-20 04:28:21
1068,2016-05-05,Thu,3,9,21,34,35,42,4,144,4,2,2,1,3,3,1,https://www.mizuhobank.co.jp/takarakuji/check/loto/backnumber/detail.html?fromto=1061_1080&type=loto6,2026-05-20 04:28:21
1069,2016-05-09,Mon,12,17,26,30,33,40,8,158,2,4,1,2,3,2,0,https://www.mizuhobank.co.jp/takarakuji/check/loto/backnumber/detail.html?fromto=1061_1080&type=loto6,2026-05-20 04:28:21
1070,2016-05-12,Thu,11,21,25,34,35,36,15,162,4,2,1,2,3,3,2,https://www.mizuhobank.co.jp/takarakuji/check/loto/backnumber/detail.html?fromto=1061_1080&type=loto6,2026-05-20 04:28:21
1071,2016-05-16,Mon,1,10,25,27,31,40,3,134,4,2,2,2,2,1,0,https://www.mizuhobank.co.jp/takarakuji/check/loto/backnumber/detail.html?fromto=1061_1080&type=loto6,2026-05-20 04:28:21
1072,2016-05-19,Thu,3,17,20,32,36,43,4,151,3,3,1,2,3,3,0,https://www.mizuhobank.co.jp/takarakuji/check/loto/backnumber/detail.html?fromto=1061_1080&type=loto6,2026-05-20 04:28:21
1073,2016-05-23,Mon,1,3,5,8,20,39,30,76,4,2,4,1,1,1,0,https://www.mizuhobank.co.jp/takarakuji/check/loto/backnumber/detail.html?fromto=1061_1080&type=loto6,2026-05-20 04:28:21
1074,2016-05-26,Thu,8,9,16,27,30,33,19,123,3,3,2,2,2,1,1,https://www.mizuhobank.co.jp/takarakuji/check/loto/backnumber/detail.html?fromto=1061_1080&type=loto6,2026-05-20 04:28:21
1075,2016-05-30,Mon,7,8,21,24,34,42,1,136,2,4,2,2,2,2,1,https://www.mizuhobank.co.jp/takarakuji/check/loto/backnumber/detail.html?fromto=1061_1080&type=loto6,2026-05-20 04:28:21
1076,2016-06-02,Thu,21,22,24,30,31,43,19,171,3,3,0,3,3,1,2,https://www.mizuhobank.co.jp/takarakuji/check/loto/backnumber/detail.html?fromto=1061_1080&type=loto6,2026-05-20 04:28:21
1077,2016-06-06,Mon,1,4,9,23,30,36,5,103,3,3,3,1,2,1,0,https://www.mizuhobank.co.jp/takarakuji/check/loto/backnumber/detail.html?fromto=1061_1080&type=loto6,2026-05-20 04:28:21
1078,2016-06-09,Thu,3,12,20,33,35,41,34,144,4,2,2,1,3,3,0,https://www.mizuhobank.co.jp/takarakuji/check/loto/backnumber/detail.html?fromto=1061_1080&type=loto6,2026-05-20 04:28:21
1079,2016-06-13,Mon,8,12,19,24,30,36,42,129,1,5,2,2,2,1,0,https://www.mizuhobank.co.jp/takarakuji/check/loto/backnumber/detail.html?fromto=1061_1080&type=loto6,2026-05-20 04:28:21
1080,2016-06-16,Thu,6,15,16,19,38,41,23,135,3,3,1,3,2,2,1,https://www.mizuhobank.co.jp/takarakuji/check/loto/backnumber/detail.html?fromto=1061_1080&type=loto6,2026-05-20 04:28:21
1081,2016-06-20,Mon,6,8,13,17,18,20,28,82,2,4,3,3,0,0,1,https://www.mizuhobank.co.jp/takarakuji/check/loto/backnumber/detail.html?fromto=1081_1100&type=loto6,2026-05-20 04:28:21
1082,2016-06-23,Thu,9,12,19,21,39,40,16,140,4,2,2,2,2,2,1,https://www.mizuhobank.co.jp/takarakuji/check/loto/backnumber/detail.html?fromto=1081_1100&type=loto6,2026-05-20 04:28:21
1083,2016-06-27,Mon,10,13,15,18,25,38,20,119,3,3,2,3,1,1,0,https://www.mizuhobank.co.jp/takarakuji/check/loto/backnumber/detail.html?fromto=1081_1100&type=loto6,2026-05-20 04:28:21
1084,2016-06-30,Thu,1,7,20,28,34,38,16,128,2,4,2,2,2,2,0,https://www.mizuhobank.co.jp/takarakuji/check/loto/backnumber/detail.html?fromto=1081_1100&type=loto6,2026-05-20 04:28:21
1085,2016-07-04,Mon,3,20,21,30,34,35,23,143,3,3,1,2,3,2,2,https://www.mizuhobank.co.jp/takarakuji/check/loto/backnumber/detail.html?fromto=1081_1100&type=loto6,2026-05-20 04:28:21
1086,2016-07-07,Thu,3,7,9,31,38,43,29,131,5,1,3,0,3,2,0,https://www.mizuhobank.co.jp/takarakuji/check/loto/backnumber/detail.html?fromto=1081_1100&type=loto6,2026-05-20 04:28:21
1087,2016-07-11,Mon,10,13,26,27,30,36,6,142,2,4,2,2,2,1,1,https://www.mizuhobank.co.jp/takarakuji/check/loto/backnumber/detail.html?fromto=1081_1100&type=loto6,2026-05-20 04:28:21
1088,2016-07-14,Thu,5,8,16,24,32,33,22,118,2,4,2,2,2,2,1,https://www.mizuhobank.co.jp/takarakuji/check/loto/backnumber/detail.html?fromto=1081_1100&type=loto6,2026-05-20 04:28:21
1089,2016-07-18,Mon,5,17,19,22,41,42,4,146,4,2,1,3,2,2,1,https://www.mizuhobank.co.jp/takarakuji/check/loto/backnumber/detail.html?fromto=1081_1100&type=loto6,2026-05-20 04:28:21
1090,2016-07-21,Thu,3,10,15,22,27,40,23,117,3,3,2,3,1,1,0,https://www.mizuhobank.co.jp/takarakuji/check/loto/backnumber/detail.html?fromto=1081_1100&type=loto6,2026-05-20 04:28:21
1091,2016-07-25,Mon,21,22,24,26,28,30,38,151,1,5,0,5,1,0,1,https://www.mizuhobank.co.jp/takarakuji/check/loto/backnumber/detail.html?fromto=1081_1100&type=loto6,2026-05-20 04:28:21
1092,2016-07-28,Thu,2,11,18,27,30,33,14,121,3,3,2,2,2,1,0,https://www.mizuhobank.co.jp/takarakuji/check/loto/backnumber/detail.html?fromto=1081_1100&type=loto6,2026-05-20 04:28:21
1093,2016-08-01,Mon,4,19,26,40,42,43,9,174,2,4,1,2,3,3,1,https://www.mizuhobank.co.jp/takarakuji/check/loto/backnumber/detail.html?fromto=1081_1100&type=loto6,2026-05-20 04:28:21
1094,2016-08-04,Thu,6,7,20,24,28,43,11,128,2,4,2,3,1,1,1,https://www.mizuhobank.co.jp/takarakuji/check/loto/backnumber/detail.html?fromto=1081_1100&type=loto6,2026-05-20 04:28:21
1095,2016-08-08,Mon,3,6,15,18,23,27,38,92,4,2,2,4,0,0,0,https://www.mizuhobank.co.jp/takarakuji/check/loto/backnumber/detail.html?fromto=1081_1100&type=loto6,2026-05-20 04:28:21
1096,2016-08-11,Thu,6,19,21,31,38,41,40,156,4,2,1,2,3,2,0,https://www.mizuhobank.co.jp/takarakuji/check/loto/backnumber/detail.html?fromto=1081_1100&type=loto6,2026-05-20 04:28:21
1097,2016-08-15,Mon,1,5,8,14,19,21,4,68,4,2,4,2,0,0,0,https://www.mizuhobank.co.jp/takarakuji/check/loto/backnumber/detail.html?fromto=1081_1100&type=loto6,2026-05-20 04:28:21
1098,2016-08-18,Thu,1,19,31,33,35,43,29,162,6,0,1,1,4,3,0,https://www.mizuhobank.co.jp/takarakuji/check/loto/backnumber/detail.html?fromto=1081_1100&type=loto6,2026-05-20 04:28:21
1099,2016-08-22,Mon,6,8,12,17,18,24,35,85,1,5,3,3,0,0,1,https://www.mizuhobank.co.jp/takarakuji/check/loto/backnumber/detail.html?fromto=1081_1100&type=loto6,2026-05-20 04:28:21
1100,2016-08-25,Thu,2,6,16,23,32,35,37,114,2,4,2,2,2,2,0,https://www.mizuhobank.co.jp/takarakuji/check/loto/backnumber/detail.html?fromto=1081_1100&type=loto6,2026-05-20 04:28:21
1101,2016-08-29,Mon,4,5,7,10,13,16,1,55,3,3,5,1,0,0,1,https://www.mizuhobank.co.jp/takarakuji/check/loto/backnumber/detail.html?fromto=1101_1120&type=loto6,2026-05-20 04:28:21
1102,2016-09-01,Thu,3,6,9,13,36,37,32,104,4,2,4,0,2,2,1,https://www.mizuhobank.co.jp/takarakuji/check/loto/backnumber/detail.html?fromto=1101_1120&type=loto6,2026-05-20 04:28:21
1103,2016-09-05,Mon,8,13,14,18,24,38,25,115,1,5,3,2,1,1,1,https://www.mizuhobank.co.jp/takarakuji/check/loto/backnumber/detail.html?fromto=1101_1120&type=loto6,2026-05-20 04:28:21
1104,2016-09-08,Thu,15,25,32,33,36,38,40,179,3,3,0,2,4,4,1,https://www.mizuhobank.co.jp/takarakuji/check/loto/backnumber/detail.html?fromto=1101_1120&type=loto6,2026-05-20 04:28:21
1105,2016-09-12,Mon,12,15,25,31,39,40,26,162,4,2,1,2,3,2,1,https://www.mizuhobank.co.jp/takarakuji/check/loto/backnumber/detail.html?fromto=1101_1120&type=loto6,2026-05-20 04:28:21
1106,2016-09-15,Thu,1,4,8,10,18,33,15,74,2,4,4,1,1,1,0,https://www.mizuhobank.co.jp/takarakuji/check/loto/backnumber/detail.html?fromto=1101_1120&type=loto6,2026-05-20 04:28:21
1107,2016-09-19,Mon,6,7,12,22,30,33,36,110,2,4,3,1,2,1,1,https://www.mizuhobank.co.jp/takarakuji/check/loto/backnumber/detail.html?fromto=1101_1120&type=loto6,2026-05-20 04:28:21
1108,2016-09-22,Thu,12,25,29,32,38,43,35,179,3,3,1,2,3,3,0,https://www.mizuhobank.co.jp/takarakuji/check/loto/backnumber/detail.html?fromto=1101_1120&type=loto6,2026-05-20 04:28:21
1109,2016-09-26,Mon,6,8,14,27,36,42,28,133,1,5,3,1,2,2,0,https://www.mizuhobank.co.jp/takarakuji/check/loto/backnumber/detail.html?fromto=1101_1120&type=loto6,2026-05-20 04:28:21
1110,2016-09-29,Thu,1,6,21,34,36,39,29,137,3,3,2,1,3,3,0,https://www.mizuhobank.co.jp/takarakuji/check/loto/backnumber/detail.html?fromto=1101_1120&type=loto6,2026-05-20 04:28:21
1111,2016-10-03,Mon,6,16,17,27,33,41,42,140,4,2,1,3,2,2,1,https://www.mizuhobank.co.jp/takarakuji/check/loto/backnumber/detail.html?fromto=1101_1120&type=loto6,2026-05-20 04:28:21
1112,2016-10-06,Thu,6,9,15,19,39,42,34,130,4,2,2,2,2,2,0,https://www.mizuhobank.co.jp/takarakuji/check/loto/backnumber/detail.html?fromto=1101_1120&type=loto6,2026-05-20 04:28:21
1113,2016-10-10,Mon,1,12,14,26,34,41,6,128,2,4,3,1,2,2,0,https://www.mizuhobank.co.jp/takarakuji/check/loto/backnumber/detail.html?fromto=1101_1120&type=loto6,2026-05-20 04:28:21
1114,2016-10-13,Thu,2,7,9,28,38,39,26,123,3,3,3,1,2,2,1,https://www.mizuhobank.co.jp/takarakuji/check/loto/backnumber/detail.html?fromto=1101_1120&type=loto6,2026-05-20 04:28:21
1115,2016-10-17,Mon,3,10,12,26,38,42,4,131,1,5,3,1,2,2,0,https://www.mizuhobank.co.jp/takarakuji/check/loto/backnumber/detail.html?fromto=1101_1120&type=loto6,2026-05-20 04:28:21
1116,2016-10-20,Thu,1,11,33,34,35,38,29,152,4,2,2,0,4,4,2,https://www.mizuhobank.co.jp/takarakuji/check/loto/backnumber/detail.html?fromto=1101_1120&type=loto6,2026-05-20 04:28:21
1117,2016-10-24,Mon,2,6,7,9,19,23,21,66,4,2,4,2,0,0,1,https://www.mizuhobank.co.jp/takarakuji/check/loto/backnumber/detail.html?fromto=1101_1120&type=loto6,2026-05-20 04:28:21
1118,2016-10-27,Thu,1,11,21,25,34,36,28,128,4,2,2,2,2,2,0,https://www.mizuhobank.co.jp/takarakuji/check/loto/backnumber/detail.html?fromto=1101_1120&type=loto6,2026-05-20 04:28:21
1119,2016-10-31,Mon,3,6,15,21,42,43,11,130,4,2,2,2,2,2,1,https://www.mizuhobank.co.jp/takarakuji/check/loto/backnumber/detail.html?fromto=1101_1120&type=loto6,2026-05-20 04:28:21
1120,2016-11-03,Thu,10,12,13,29,35,39,33,138,4,2,3,1,2,2,1,https://www.mizuhobank.co.jp/takarakuji/check/loto/backnumber/detail.html?fromto=1101_1120&type=loto6,2026-05-20 04:28:21
1121,2016-11-07,Mon,2,8,31,38,40,42,41,161,1,5,2,0,4,3,0,https://www.mizuhobank.co.jp/takarakuji/check/loto/backnumber/detail.html?fromto=1121_1140&type=loto6,2026-05-20 04:28:21
1122,2016-11-10,Thu,22,24,29,31,32,34,40,172,2,4,0,3,3,2,1,https://www.mizuhobank.co.jp/takarakuji/check/loto/backnumber/detail.html?fromto=1121_1140&type=loto6,2026-05-20 04:28:21
1123,2016-11-14,Mon,4,8,23,29,34,35,15,133,3,3,2,2,2,2,1,https://www.mizuhobank.co.jp/takarakuji/check/loto/backnumber/detail.html?fromto=1121_1140&type=loto6,2026-05-20 04:28:21
1124,2016-11-17,Thu,1,16,24,28,40,42,33,151,1,5,1,3,2,2,0,https://www.mizuhobank.co.jp/takarakuji/check/loto/backnumber/detail.html?fromto=1121_1140&type=loto6,2026-05-20 04:28:21
1125,2016-11-21,Mon,2,16,19,20,24,36,27,117,1,5,1,4,1,1,1,https://www.mizuhobank.co.jp/takarakuji/check/loto/backnumber/detail.html?fromto=1121_1140&type=loto6,2026-05-20 04:28:21
1126,2016-11-24,Thu,4,5,26,30,34,42,27,141,1,5,2,1,3,2,1,https://www.mizuhobank.co.jp/takarakuji/check/loto/backnumber/detail.html?fromto=1121_1140&type=loto6,2026-05-20 04:28:21
1127,2016-11-28,Mon,9,15,17,21,23,42,24,127,5,1,1,4,1,1,0,https://www.mizuhobank.co.jp/takarakuji/check/loto/backnumber/detail.html?fromto=1121_1140&type=loto6,2026-05-20 04:28:21
1128,2016-12-01,Thu,3,15,21,29,30,35,39,133,5,1,1,3,2,1,1,https://www.mizuhobank.co.jp/takarakuji/check/loto/backnumber/detail.html?fromto=1121_1140&type=loto6,2026-05-20 04:28:21
1129,2016-12-05,Mon,6,11,19,28,30,43,32,137,3,3,2,2,2,1,0,https://www.mizuhobank.co.jp/takarakuji/check/loto/backnumber/detail.html?fromto=1121_1140&type=loto6,2026-05-20 04:28:21
1130,2016-12-08,Thu,1,11,37,38,39,42,26,168,4,2,2,0,4,4,2,https://www.mizuhobank.co.jp/takarakuji/check/loto/backnumber/detail.html?fromto=1121_1140&type=loto6,2026-05-20 04:28:21
1131,2016-12-12,Mon,6,12,25,36,38,41,18,158,2,4,2,1,3,3,0,https://www.mizuhobank.co.jp/takarakuji/check/loto/backnumber/detail.html?fromto=1121_1140&type=loto6,2026-05-20 04:28:21
1132,2016-12-15,Thu,4,5,24,29,33,35,40,130,4,2,2,2,2,2,1,https://www.mizuhobank.co.jp/takarakuji/check/loto/backnumber/detail.html?fromto=1121_1140&type=loto6,2026-05-20 04:28:21
1133,2016-12-19,Mon,3,18,19,20,37,38,9,135,3,3,1,3,2,2,3,https://www.mizuhobank.co.jp/takarakuji/check/loto/backnumber/detail.html?fromto=1121_1140&type=loto6,2026-05-20 04:28:21
1134,2016-12-22,Thu,5,6,12,14,30,38,29,105,1,5,4,0,2,1,1,https://www.mizuhobank.co.jp/takarakuji/check/loto/backnumber/detail.html?fromto=1121_1140&type=loto6,2026-05-20 04:28:21
1135,2016-12-26,Mon,20,22,28,29,32,41,14,172,2,4,0,4,2,2,1,https://www.mizuhobank.co.jp/takarakuji/check/loto/backnumber/detail.html?fromto=1121_1140&type=loto6,2026-05-20 04:28:21
1136,2016-12-29,Thu,3,4,7,8,22,33,18,77,3,3,4,1,1,1,2,https://www.mizuhobank.co.jp/takarakuji/check/loto/backnumber/detail.html?fromto=1121_1140&type=loto6,2026-05-20 04:28:21
1137,2017-01-05,Thu,1,18,21,31,37,41,20,149,5,1,1,2,3,2,0,https://www.mizuhobank.co.jp/takarakuji/check/loto/backnumber/detail.html?fromto=1121_1140&type=loto6,2026-05-20 04:28:21
1138,2017-01-09,Mon,8,15,21,24,35,38,22,141,3,3,1,3,2,2,0,https://www.mizuhobank.co.jp/takarakuji/check/loto/backnumber/detail.html?fromto=1121_1140&type=loto6,2026-05-20 04:28:21
1139,2017-01-12,Thu,4,6,14,17,23,33,26,97,3,3,3,2,1,1,0,https://www.mizuhobank.co.jp/takarakuji/check/loto/backnumber/detail.html?fromto=1121_1140&type=loto6,2026-05-20 04:28:21
1140,2017-01-16,Mon,11,21,30,31,36,37,23,166,4,2,1,1,4,2,2,https://www.mizuhobank.co.jp/takarakuji/check/loto/backnumber/detail.html?fromto=1121_1140&type=loto6,2026-05-20 04:28:21
1141,2017-01-19,Thu,1,4,10,14,24,26,29,79,1,5,4,2,0,0,0,https://www.mizuhobank.co.jp/takarakuji/check/loto/backnumber/detail.html?fromto=1141_1160&type=loto6,2026-05-20 04:28:21
1142,2017-01-23,Mon,12,13,19,23,28,35,31,130,4,2,2,3,1,1,1,https://www.mizuhobank.co.jp/takarakuji/check/loto/backnumber/detail.html?fromto=1141_1160&type=loto6,2026-05-20 04:28:21
1143,2017-01-26,Thu,19,21,31,39,42,43,29,195,5,1,0,2,4,3,1,https://www.mizuhobank.co.jp/takarakuji/check/loto/backnumber/detail.html?fromto=1141_1160&type=loto6,2026-05-20 04:28:21
1144,2017-01-30,Mon,7,13,14,33,39,43,29,149,5,1,3,0,3,3,1,https://www.mizuhobank.co.jp/takarakuji/check/loto/backnumber/detail.html?fromto=1141_1160&type=loto6,2026-05-20 04:28:21
1145,2017-02-02,Thu,1,4,15,18,25,28,36,91,3,3,2,4,0,0,0,https://www.mizuhobank.co.jp/takarakuji/check/loto/backnumber/detail.html?fromto=1141_1160&type=loto6,2026-05-20 04:28:21
1146,2017-02-06,Mon,1,10,19,23,26,34,27,113,3,3,2,3,1,1,0,https://www.mizuhobank.co.jp/takarakuji/check/loto/backnumber/detail.html?fromto=1141_1160&type=loto6,2026-05-20 04:28:21
1147,2017-02-09,Thu,2,3,10,16,26,27,23,84,2,4,3,3,0,0,2,https://www.mizuhobank.co.jp/takarakuji/check/loto/backnumber/detail.html?fromto=1141_1160&type=loto6,2026-05-20 04:28:21
1148,2017-02-13,Mon,3,5,16,23,31,43,39,121,5,1,2,2,2,1,0,https://www.mizuhobank.co.jp/takarakuji/check/loto/backnumber/detail.html?fromto=1141_1160&type=loto6,2026-05-20 04:28:21
1149,2017-02-16,Thu,2,14,22,23,35,43,31,139,3,3,2,2,2,2,1,https://www.mizuhobank.co.jp/takarakuji/check/loto/backnumber/detail.html?fromto=1141_1160&type=loto6,2026-05-20 04:28:21
1150,2017-02-20,Mon,7,11,17,27,32,40,18,134,4,2,2,2,2,2,0,https://www.mizuhobank.co.jp/takarakuji/check/loto/backnumber/detail.html?fromto=1141_1160&type=loto6,2026-05-20 04:28:21
1151,2017-02-23,Thu,5,23,25,26,29,31,19,139,5,1,1,4,1,0,1,https://www.mizuhobank.co.jp/takarakuji/check/loto/backnumber/detail.html?fromto=1141_1160&type=loto6,2026-05-20 04:28:21
1152,2017-02-27,Mon,6,8,10,33,35,43,22,135,3,3,3,0,3,3,0,https://www.mizuhobank.co.jp/takarakuji/check/loto/backnumber/detail.html?fromto=1141_1160&type=loto6,2026-05-20 04:28:21
1153,2017-03-02,Thu,4,15,20,24,26,30,29,119,1,5,1,4,1,0,0,https://www.mizuhobank.co.jp/takarakuji/check/loto/backnumber/detail.html?fromto=1141_1160&type=loto6,2026-05-20 04:28:21
1154,2017-03-06,Mon,8,12,30,36,41,42,4,169,1,5,2,0,4,3,1,https://www.mizuhobank.co.jp/takarakuji/check/loto/backnumber/detail.html?fromto=1141_1160&type=loto6,2026-05-20 04:28:21
1155,2017-03-09,Thu,14,19,22,23,28,43,25,149,3,3,1,4,1,1,1,https://www.mizuhobank.co.jp/takarakuji/check/loto/backnumber/detail.html?fromto=1141_1160&type=loto6,2026-05-20 04:28:21
1156,2017-03-13,Mon,3,6,19,31,35,40,12,134,4,2,2,1,3,2,0,https://www.mizuhobank.co.jp/takarakuji/check/loto/backnumber/detail.html?fromto=1141_1160&type=loto6,2026-05-20 04:28:21
1157,2017-03-16,Thu,5,17,20,28,39,42,1,151,3,3,1,3,2,2,0,https://www.mizuhobank.co.jp/takarakuji/check/loto/backnumber/detail.html?fromto=1141_1160&type=loto6,2026-05-20 04:28:21
1158,2017-03-20,Mon,22,24,27,30,32,40,23,175,1,5,0,3,3,2,0,https://www.mizuhobank.co.jp/takarakuji/check/loto/backnumber/detail.html?fromto=1141_1160&type=loto6,2026-05-20 04:28:21
1159,2017-03-23,Thu,1,4,15,16,23,30,17,89,3,3,2,3,1,0,1,https://www.mizuhobank.co.jp/takarakuji/check/loto/backnumber/detail.html?fromto=1141_1160&type=loto6,2026-05-20 04:28:21
1160,2017-03-27,Mon,9,22,31,32,34,43,24,171,3,3,1,1,4,3,1,https://www.mizuhobank.co.jp/takarakuji/check/loto/backnumber/detail.html?fromto=1141_1160&type=loto6,2026-05-20 04:28:21
1161,2017-03-30,Thu,1,2,12,16,19,40,18,90,2,4,3,2,1,1,1,https://www.mizuhobank.co.jp/takarakuji/check/loto/backnumber/detail.html?fromto=1161_1180&type=loto6,2026-05-20 04:28:21
1162,2017-04-03,Mon,3,4,8,12,24,37,10,88,2,4,4,1,1,1,1,https://www.mizuhobank.co.jp/takarakuji/check/loto/backnumber/detail.html?fromto=1161_1180&type=loto6,2026-05-20 04:28:21
1163,2017-04-06,Thu,11,17,19,24,33,41,9,145,5,1,1,3,2,2,0,https://www.mizuhobank.co.jp/takarakuji/check/loto/backnumber/detail.html?fromto=1161_1180&type=loto6,2026-05-20 04:28:21
1164,2017-04-10,Mon,4,7,11,33,34,37,24,126,4,2,3,0,3,3,1,https://www.mizuhobank.co.jp/takarakuji/check/loto/backnumber/detail.html?fromto=1161_1180&type=loto6,2026-05-20 04:28:21
1165,2017-04-13,Thu,18,20,21,24,40,42,25,165,1,5,0,4,2,2,1,https://www.mizuhobank.co.jp/takarakuji/check/loto/backnumber/detail.html?fromto=1161_1180&type=loto6,2026-05-20 04:28:21
1166,2017-04-17,Mon,4,8,17,20,29,41,3,119,3,3,2,3,1,1,0,https://www.mizuhobank.co.jp/takarakuji/check/loto/backnumber/detail.html?fromto=1161_1180&type=loto6,2026-05-20 04:28:21
1167,2017-04-20,Thu,6,13,20,25,36,42,28,142,2,4,2,2,2,2,0,https://www.mizuhobank.co.jp/takarakuji/check/loto/backnumber/detail.html?fromto=1161_1180&type=loto6,2026-05-20 04:28:21
1168,2017-04-24,Mon,1,3,8,14,35,39,18,100,4,2,4,0,2,2,0,https://www.mizuhobank.co.jp/takarakuji/check/loto/backnumber/detail.html?fromto=1161_1180&type=loto6,2026-05-20 04:28:21
1169,2017-04-27,Thu,19,24,25,36,37,43,10,184,4,2,0,3,3,3,2,https://www.mizuhobank.co.jp/takarakuji/check/loto/backnumber/detail.html?fromto=1161_1180&type=loto6,2026-05-20 04:28:21
1170,2017-05-01,Mon,1,8,13,19,23,28,39,92,4,2,3,3,0,0,0,https://www.mizuhobank.co.jp/takarakuji/check/loto/backnumber/detail.html?fromto=1161_1180&type=loto6,2026-05-20 04:28:21
1171,2017-05-04,Thu,9,10,13,21,34,36,40,123,3,3,3,1,2,2,1,https://www.mizuhobank.co.jp/takarakuji/check/loto/backnumber/detail.html?fromto=1161_1180&type=loto6,2026-05-20 04:28:21
1172,2017-05-08,Mon,3,10,31,32,38,39,15,153,3,3,2,0,4,3,2,https://www.mizuhobank.co.jp/takarakuji/check/loto/backnumber/detail.html?fromto=1161_1180&type=loto6,2026-05-20 04:28:21
1173,2017-05-11,Thu,5,7,11,16,33,38,25,110,4,2,3,1,2,2,0,https://www.mizuhobank.co.jp/takarakuji/check/loto/backnumber/detail.html?fromto=1161_1180&type=loto6,2026-05-20 04:28:21
1174,2017-05-15,Mon,7,8,9,25,29,31,28,109,5,1,3,2,1,0,2,https://www.mizuhobank.co.jp/takarakuji/check/loto/backnumber/detail.html?fromto=1161_1180&type=loto6,2026-05-20 04:28:21
1175,2017-05-18,Thu,2,4,6,21,27,37,10,97,3,3,3,2,1,1,0,https://www.mizuhobank.co.jp/takarakuji/check/loto/backnumber/detail.html?fromto=1161_1180&type=loto6,2026-05-20 04:28:21
1176,2017-05-22,Mon,2,9,18,23,29,32,34,113,3,3,2,3,1,1,0,https://www.mizuhobank.co.jp/takarakuji/check/loto/backnumber/detail.html?fromto=1161_1180&type=loto6,2026-05-20 04:28:21
1177,2017-05-25,Thu,2,5,21,22,23,38,36,111,3,3,2,3,1,1,2,https://www.mizuhobank.co.jp/takarakuji/check/loto/backnumber/detail.html?fromto=1161_1180&type=loto6,2026-05-20 04:28:21
1178,2017-05-29,Mon,16,17,20,22,29,40,31,144,2,4,0,5,1,1,1,https://www.mizuhobank.co.jp/takarakuji/check/loto/backnumber/detail.html?fromto=1161_1180&type=loto6,2026-05-20 04:28:21
1179,2017-06-01,Thu,5,12,27,36,39,40,37,159,3,3,2,1,3,3,1,https://www.mizuhobank.co.jp/takarakuji/check/loto/backnumber/detail.html?fromto=1161_1180&type=loto6,2026-05-20 04:28:21
1180,2017-06-05,Mon,2,4,5,13,18,21,40,63,3,3,4,2,0,0,1,https://www.mizuhobank.co.jp/takarakuji/check/loto/backnumber/detail.html?fromto=1161_1180&type=loto6,2026-05-20 04:28:21
1181,2017-06-08,Thu,15,16,17,29,31,32,12,140,4,2,0,4,2,1,3,https://www.mizuhobank.co.jp/takarakuji/check/loto/backnumber/detail.html?fromto=1181_1200&type=loto6,2026-05-20 04:28:21
1182,2017-06-12,Mon,5,6,10,13,24,33,40,91,3,3,4,1,1,1,1,https://www.mizuhobank.co.jp/takarakuji/check/loto/backnumber/detail.html?fromto=1181_1200&type=loto6,2026-05-20 04:28:21
1183,2017-06-15,Thu,2,19,22,25,32,36,39,136,2,4,1,3,2,2,0,https://www.mizuhobank.co.jp/takarakuji/check/loto/backnumber/detail.html?fromto=1181_1200&type=loto6,2026-05-20 04:28:21
1184,2017-06-19,Mon,2,6,21,30,31,36,41,126,2,4,2,1,3,1,1,https://www.mizuhobank.co.jp/takarakuji/check/loto/backnumber/detail.html?fromto=1181_1200&type=loto6,2026-05-20 04:28:21
1185,2017-06-22,Thu,6,15,18,26,27,31,38,123,3,3,1,4,1,0,1,https://www.mizuhobank.co.jp/takarakuji/check/loto/backnumber/detail.html?fromto=1181_1200&type=loto6,2026-05-20 04:28:21
1186,2017-06-26,Mon,8,10,20,25,38,43,39,144,2,4,2,2,2,2,0,https://www.mizuhobank.co.jp/takarakuji/check/loto/backnumber/detail.html?fromto=1181_1200&type=loto6,2026-05-20 04:28:21
1187,2017-06-29,Thu,3,13,18,20,24,31,37,109,3,3,2,3,1,0,0,https://www.mizuhobank.co.jp/takarakuji/check/loto/backnumber/detail.html?fromto=1181_1200&type=loto6,2026-05-20 04:28:21
1188,2017-07-03,Mon,3,9,19,20,23,30,14,104,4,2,2,3,1,0,1,https://www.mizuhobank.co.jp/takarakuji/check/loto/backnumber/detail.html?fromto=1181_1200&type=loto6,2026-05-20 04:28:21
1189,2017-07-06,Thu,8,24,28,30,38,41,32,169,1,5,1,2,3,2,0,https://www.mizuhobank.co.jp/takarakuji/check/loto/backnumber/detail.html?fromto=1181_1200&type=loto6,2026-05-20 04:28:21
1190,2017-07-10,Mon,1,3,13,29,38,39,8,123,5,1,3,1,2,2,1,https://www.mizuhobank.co.jp/takarakuji/check/loto/backnumber/detail.html?fromto=1181_1200&type=loto6,2026-05-20 04:28:21
1191,2017-07-13,Thu,3,5,11,20,25,32,30,96,4,2,3,2,1,1,0,https://www.mizuhobank.co.jp/takarakuji/check/loto/backnumber/detail.html?fromto=1181_1200&type=loto6,2026-05-20 04:28:21
1192,2017-07-17,Mon,15,17,18,22,30,39,28,141,3,3,0,4,2,1,1,https://www.mizuhobank.co.jp/takarakuji/check/loto/backnumber/detail.html?fromto=1181_1200&type=loto6,2026-05-20 04:28:21
1193,2017-07-20,Thu,1,2,7,8,10,42,28,70,2,4,5,0,1,1,2,https://www.mizuhobank.co.jp/takarakuji/check/loto/backnumber/detail.html?fromto=1181_1200&type=loto6,2026-05-20 04:28:21
1194,2017-07-24,Mon,12,18,20,23,33,40,1,146,2,4,1,3,2,2,0,https://www.mizuhobank.co.jp/takarakuji/check/loto/backnumber/detail.html?fromto=1181_1200&type=loto6,2026-05-20 04:28:21
1195,2017-07-27,Thu,1,4,17,22,35,42,7,121,3,3,2,2,2,2,0,https://www.mizuhobank.co.jp/takarakuji/check/loto/backnumber/detail.html?fromto=1181_1200&type=loto6,2026-05-20 04:28:21
1196,2017-07-31,Mon,6,7,19,31,39,41,14,143,5,1,2,1,3,2,1,https://www.mizuhobank.co.jp/takarakuji/check/loto/backnumber/detail.html?fromto=1181_1200&type=loto6,2026-05-20 04:28:21
1197,2017-08-03,Thu,3,24,28,36,37,39,27,167,3,3,1,2,3,3,1,https://www.mizuhobank.co.jp/takarakuji/check/loto/backnumber/detail.html?fromto=1181_1200&type=loto6,2026-05-20 04:28:21
1198,2017-08-07,Mon,1,14,20,26,27,34,33,122,2,4,2,3,1,1,1,https://www.mizuhobank.co.jp/takarakuji/check/loto/backnumber/detail.html?fromto=1181_1200&type=loto6,2026-05-20 04:28:21
1199,2017-08-10,Thu,9,10,11,20,28,40,17,118,2,4,3,2,1,1,2,https://www.mizuhobank.co.jp/takarakuji/check/loto/backnumber/detail.html?fromto=1181_1200&type=loto6,2026-05-20 04:28:21
1200,2017-08-14,Mon,2,8,10,12,31,42,21,105,1,5,4,0,2,1,0,https://www.mizuhobank.co.jp/takarakuji/check/loto/backnumber/detail.html?fromto=1181_1200&type=loto6,2026-05-20 04:28:21
1201,2017-08-17,Thu,1,15,19,22,26,28,33,111,3,3,1,5,0,0,0,https://www.mizuhobank.co.jp/takarakuji/check/loto/backnumber/detail.html?fromto=1201_1220&type=loto6,2026-05-20 04:28:21
1202,2017-08-21,Mon,9,12,15,19,26,39,28,120,4,2,2,3,1,1,0,https://www.mizuhobank.co.jp/takarakuji/check/loto/backnumber/detail.html?fromto=1201_1220&type=loto6,2026-05-20 04:28:21
1203,2017-08-24,Thu,2,4,6,37,39,42,41,130,2,4,3,0,3,3,0,https://www.mizuhobank.co.jp/takarakuji/check/loto/backnumber/detail.html?fromto=1201_1220&type=loto6,2026-05-20 04:28:21
1204,2017-08-28,Mon,10,20,21,24,39,43,17,157,3,3,1,3,2,2,1,https://www.mizuhobank.co.jp/takarakuji/check/loto/backnumber/detail.html?fromto=1201_1220&type=loto6,2026-05-20 04:28:21
1205,2017-08-31,Thu,12,25,26,32,35,42,2,172,2,4,1,2,3,3,1,https://www.mizuhobank.co.jp/takarakuji/check/loto/backnumber/detail.html?fromto=1201_1220&type=loto6,2026-05-20 04:28:21
1206,2017-09-04,Mon,11,19,20,26,32,33,22,141,3,3,1,3,2,2,2,https://www.mizuhobank.co.jp/takarakuji/check/loto/backnumber/detail.html?fromto=1201_1220&type=loto6,2026-05-20 04:28:21
1207,2017-09-07,Thu,6,16,17,20,22,43,34,124,2,4,1,4,1,1,1,https://www.mizuhobank.co.jp/takarakuji/check/loto/backnumber/detail.html?fromto=1201_1220&type=loto6,2026-05-20 04:28:21
1208,2017-09-11,Mon,5,14,20,30,38,41,8,148,2,4,2,1,3,2,0,https://www.mizuhobank.co.jp/takarakuji/check/loto/backnumber/detail.html?fromto=1201_1220&type=loto6,2026-05-20 04:28:21
1209,2017-09-14,Thu,11,12,24,32,38,40,7,157,1,5,2,1,3,3,1,https://www.mizuhobank.co.jp/takarakuji/check/loto/backnumber/detail.html?fromto=1201_1220&type=loto6,2026-05-20 04:28:21
1210,2017-09-18,Mon,5,6,12,16,23,36,9,98,2,4,3,2,1,1,1,https://www.mizuhobank.co.jp/takarakuji/check/loto/backnumber/detail.html?fromto=1201_1220&type=loto6,2026-05-20 04:28:21
1211,2017-09-21,Thu,3,8,24,25,26,28,43,114,2,4,2,4,0,0,2,https://www.mizuhobank.co.jp/takarakuji/check/loto/backnumber/detail.html?fromto=1201_1220&type=loto6,2026-05-20 04:28:21
1212,2017-09-25,Mon,2,16,27,35,40,42,25,162,2,4,1,2,3,3,0,https://www.mizuhobank.co.jp/takarakuji/check/loto/backnumber/detail.html?fromto=1201_1220&type=loto6,2026-05-20 04:28:21
1213,2017-09-28,Thu,3,13,22,26,30,39,1,133,3,3,2,2,2,1,0,https://www.mizuhobank.co.jp/takarakuji/check/loto/backnumber/detail.html?fromto=1201_1220&type=loto6,2026-05-20 04:28:21
1214,2017-10-02,Mon,2,19,23,30,33,36,40,143,3,3,1,2,3,2,0,https://www.mizuhobank.co.jp/takarakuji/check/loto/backnumber/detail.html?fromto=1201_1220&type=loto6,2026-05-20 04:28:21
1215,2017-10-05,Thu,3,6,9,15,21,42,7,96,4,2,3,2,1,1,0,https://www.mizuhobank.co.jp/takarakuji/check/loto/backnumber/detail.html?fromto=1201_1220&type=loto6,2026-05-20 04:28:21
1216,2017-10-09,Mon,8,14,25,39,42,43,37,171,3,3,2,1,3,3,1,https://www.mizuhobank.co.jp/takarakuji/check/loto/backnumber/detail.html?fromto=1201_1220&type=loto6,2026-05-20 04:28:21
1217,2017-10-12,Thu,14,16,17,34,36,41,25,158,2,4,1,2,3,3,1,https://www.mizuhobank.co.jp/takarakuji/check/loto/backnumber/detail.html?fromto=1201_1220&type=loto6,2026-05-20 04:28:21
1218,2017-10-16,Mon,5,8,13,20,28,42,35,116,2,4,3,2,1,1,0,https://www.mizuhobank.co.jp/takarakuji/check/loto/backnumber/detail.html?fromto=1201_1220&type=loto6,2026-05-20 04:28:21
1219,2017-10-19,Thu,14,22,24,36,39,42,32,177,1,5,1,2,3,3,0,https://www.mizuhobank.co.jp/takarakuji/check/loto/backnumber/detail.html?fromto=1201_1220&type=loto6,2026-05-20 04:28:21
1220,2017-10-23,Mon,9,15,21,23,32,42,14,142,4,2,1,3,2,2,0,https://www.mizuhobank.co.jp/takarakuji/check/loto/backnumber/detail.html?fromto=1201_1220&type=loto6,2026-05-20 04:28:21
1221,2017-10-26,Thu,3,10,11,31,33,36,21,124,4,2,3,0,3,2,1,https://www.mizuhobank.co.jp/takarakuji/check/loto/backnumber/detail.html?fromto=1221_1240&type=loto6,2026-05-20 04:28:21
1222,2017-10-30,Mon,1,5,7,11,29,39,40,92,6,0,4,1,1,1,0,https://www.mizuhobank.co.jp/takarakuji/check/loto/backnumber/detail.html?fromto=1221_1240&type=loto6,2026-05-20 04:28:21
1223,2017-11-02,Thu,12,22,28,30,36,43,34,171,1,5,1,2,3,2,0,https://www.mizuhobank.co.jp/takarakuji/check/loto/backnumber/detail.html?fromto=1221_1240&type=loto6,2026-05-20 04:28:21
1224,2017-11-06,Mon,5,18,33,38,41,43,6,178,4,2,1,1,4,4,0,https://www.mizuhobank.co.jp/takarakuji/check/loto/backnumber/detail.html?fromto=1221_1240&type=loto6,2026-05-20 04:28:21
1225,2017-11-09,Thu,19,22,25,30,33,34,36,163,3,3,0,3,3,2,1,https://www.mizuhobank.co.jp/takarakuji/check/loto/backnumber/detail.html?fromto=1221_1240&type=loto6,2026-05-20 04:28:21
1226,2017-11-13,Mon,7,8,28,34,37,41,13,155,3,3,2,1,3,3,1,https://www.mizuhobank.co.jp/takarakuji/check/loto/backnumber/detail.html?fromto=1221_1240&type=loto6,2026-05-20 04:28:21
1227,2017-11-16,Thu,1,8,14,28,40,43,6,134,2,4,3,1,2,2,0,https://www.mizuhobank.co.jp/takarakuji/check/loto/backnumber/detail.html?fromto=1221_1240&type=loto6,2026-05-20 04:28:21
1228,2017-11-20,Mon,6,18,19,25,28,40,3,136,2,4,1,4,1,1,1,https://www.mizuhobank.co.jp/takarakuji/check/loto/backnumber/detail.html?fromto=1221_1240&type=loto6,2026-05-20 04:28:21
1229,2017-11-23,Thu,10,28,35,37,39,43,16,192,4,2,1,1,4,4,0,https://www.mizuhobank.co.jp/takarakuji/check/loto/backnumber/detail.html?fromto=1221_1240&type=loto6,2026-05-20 04:28:21
1230,2017-11-27,Mon,1,2,6,9,17,38,34,73,3,3,4,1,1,1,1,https://www.mizuhobank.co.jp/takarakuji/check/loto/backnumber/detail.html?fromto=1221_1240&type=loto6,2026-05-20 04:28:21
1231,2017-11-30,Thu,1,14,16,24,32,36,2,123,1,5,2,2,2,2,0,https://www.mizuhobank.co.jp/takarakuji/check/loto/backnumber/detail.html?fromto=1221_1240&type=loto6,2026-05-20 04:28:21
1232,2017-12-04,Mon,5,10,14,31,35,38,16,133,3,3,3,0,3,2,0,https://www.mizuhobank.co.jp/takarakuji/check/loto/backnumber/detail.html?fromto=1221_1240&type=loto6,2026-05-20 04:28:21
1233,2017-12-07,Thu,2,7,12,21,29,33,16,104,4,2,3,2,1,1,0,https://www.mizuhobank.co.jp/takarakuji/check/loto/backnumber/detail.html?fromto=1221_1240&type=loto6,2026-05-20 04:28:21
1234,2017-12-11,Mon,7,11,16,20,30,40,28,124,2,4,2,2,2,1,0,https://www.mizuhobank.co.jp/takarakuji/check/loto/backnumber/detail.html?fromto=1221_1240&type=loto6,2026-05-20 04:28:21
1235,2017-12-14,Thu,8,17,24,34,36,42,33,161,1,5,1,2,3,3,0,https://www.mizuhobank.co.jp/takarakuji/check/loto/backnumber/detail.html?fromto=1221_1240&type=loto6,2026-05-20 04:28:21
1236,2017-12-18,Mon,1,3,11,26,38,39,34,118,4,2,3,1,2,2,1,https://www.mizuhobank.co.jp/takarakuji/check/loto/backnumber/detail.html?fromto=1221_1240&type=loto6,2026-05-20 04:28:21
1237,2017-12-21,Thu,1,4,6,35,38,40,27,124,2,4,3,0,3,3,0,https://www.mizuhobank.co.jp/takarakuji/check/loto/backnumber/detail.html?fromto=1221_1240&type=loto6,2026-05-20 04:28:21
1238,2017-12-25,Mon,8,14,28,29,33,40,32,152,2,4,2,2,2,2,1,https://www.mizuhobank.co.jp/takarakuji/check/loto/backnumber/detail.html?fromto=1221_1240&type=loto6,2026-05-20 04:28:21
1239,2017-12-28,Thu,2,19,27,28,30,38,22,144,2,4,1,3,2,1,1,https://www.mizuhobank.co.jp/takarakuji/check/loto/backnumber/detail.html?fromto=1221_1240&type=loto6,2026-05-20 04:28:21
1240,2018-01-04,Thu,15,18,22,36,37,39,26,167,3,3,0,3,3,3,1,https://www.mizuhobank.co.jp/takarakuji/check/loto/backnumber/detail.html?fromto=1221_1240&type=loto6,2026-05-20 04:28:21
1241,2018-01-08,Mon,4,7,15,17,23,25,8,91,5,1,2,4,0,0,0,https://www.mizuhobank.co.jp/takarakuji/check/loto/backnumber/detail.html?fromto=1241_1260&type=loto6,2026-05-20 04:28:21
1242,2018-01-11,Thu,12,22,28,34,37,42,33,175,1,5,1,2,3,3,0,https://www.mizuhobank.co.jp/takarakuji/check/loto/backnumber/detail.html?fromto=1241_1260&type=loto6,2026-05-20 04:28:21
1243,2018-01-15,Mon,23,24,32,37,41,42,29,199,3,3,0,2,4,4,2,https://www.mizuhobank.co.jp/takarakuji/check/loto/backnumber/detail.html?fromto=1241_1260&type=loto6,2026-05-20 04:28:21
1244,2018-01-18,Thu,10,15,17,18,20,41,35,121,3,3,1,4,1,1,1,https://www.mizuhobank.co.jp/takarakuji/check/loto/backnumber/detail.html?fromto=1241_1260&type=loto6,2026-05-20 04:28:21
1245,2018-01-22,Mon,13,15,27,30,31,39,8,155,5,1,1,2,3,1,1,https://www.mizuhobank.co.jp/takarakuji/check/loto/backnumber/detail.html?fromto=1241_1260&type=loto6,2026-05-20 04:28:21
1246,2018-01-25,Thu,4,10,11,23,36,37,34,121,3,3,3,1,2,2,2,https://www.mizuhobank.co.jp/takarakuji/check/loto/backnumber/detail.html?fromto=1241_1260&type=loto6,2026-05-20 04:28:21
1247,2018-01-29,Mon,4,7,17,18,26,36,35,108,2,4,2,3,1,1,1,https://www.mizuhobank.co.jp/takarakuji/check/loto/backnumber/detail.html?fromto=1241_1260&type=loto6,2026-05-20 04:28:21
1248,2018-02-01,Thu,2,6,14,28,34,37,3,121,1,5,3,1,2,2,0,https://www.mizuhobank.co.jp/takarakuji/check/loto/backnumber/detail.html?fromto=1241_1260&type=loto6,2026-05-20 04:28:21
1249,2018-02-05,Mon,5,8,15,20,25,27,6,100,4,2,2,4,0,0,0,https://www.mizuhobank.co.jp/takarakuji/check/loto/backnumber/detail.html?fromto=1241_1260&type=loto6,2026-05-20 04:28:21
1250,2018-02-08,Thu,3,10,18,22,23,40,27,116,2,4,2,3,1,1,1,https://www.mizuhobank.co.jp/takarakuji/check/loto/backnumber/detail.html?fromto=1241_1260&type=loto6,2026-05-20 04:28:21
1251,2018-02-12,Mon,21,28,31,33,34,40,23,187,3,3,0,2,4,3,1,https://www.mizuhobank.co.jp/takarakuji/check/loto/backnumber/detail.html?fromto=1241_1260&type=loto6,2026-05-20 04:28:21
1252,2018-02-15,Thu,4,15,18,19,22,29,37,107,3,3,1,5,0,0,1,https://www.mizuhobank.co.jp/takarakuji/check/loto/backnumber/detail.html?fromto=1241_1260&type=loto6,2026-05-20 04:28:21
1253,2018-02-19,Mon,1,12,14,24,33,37,15,121,3,3,3,1,2,2,0,https://www.mizuhobank.co.jp/takarakuji/check/loto/backnumber/detail.html?fromto=1241_1260&type=loto6,2026-05-20 04:28:21
1254,2018-02-22,Thu,7,8,11,15,36,39,37,116,4,2,3,1,2,2,1,https://www.mizuhobank.co.jp/takarakuji/check/loto/backnumber/detail.html?fromto=1241_1260&type=loto6,2026-05-20 04:28:21
1255,2018-02-26,Mon,2,14,15,27,40,43,41,141,3,3,2,2,2,2,1,https://www.mizuhobank.co.jp/takarakuji/check/loto/backnumber/detail.html?fromto=1241_1260&type=loto6,2026-05-20 04:28:21
1256,2018-03-01,Thu,2,5,16,32,35,41,25,131,3,3,2,1,3,3,0,https://www.mizuhobank.co.jp/takarakuji/check/loto/backnumber/detail.html?fromto=1241_1260&type=loto6,2026-05-20 04:28:21
1257,2018-03-05,Mon,1,11,19,23,32,37,14,123,5,1,2,2,2,2,0,https://www.mizuhobank.co.jp/takarakuji/check/loto/backnumber/detail.html?fromto=1241_1260&type=loto6,2026-05-20 04:28:21
1258,2018-03-08,Thu,8,14,20,25,31,41,35,139,3,3,2,2,2,1,0,https://www.mizuhobank.co.jp/takarakuji/check/loto/backnumber/detail.html?fromto=1241_1260&type=loto6,2026-05-20 04:28:21
1259,2018-03-12,Mon,10,16,20,26,33,36,41,141,1,5,1,3,2,2,0,https://www.mizuhobank.co.jp/takarakuji/check/loto/backnumber/detail.html?fromto=1241_1260&type=loto6,2026-05-20 04:28:21
1260,2018-03-15,Thu,3,8,16,19,25,26,32,97,3,3,2,4,0,0,1,https://www.mizuhobank.co.jp/takarakuji/check/loto/backnumber/detail.html?fromto=1241_1260&type=loto6,2026-05-20 04:28:21
1261,2018-03-19,Mon,9,20,26,29,30,34,42,148,2,4,1,3,2,1,1,https://www.mizuhobank.co.jp/takarakuji/check/loto/backnumber/detail.html?fromto=1261_1280&type=loto6,2026-05-20 04:28:21
1262,2018-03-22,Thu,4,11,15,20,24,43,10,117,3,3,2,3,1,1,0,https://www.mizuhobank.co.jp/takarakuji/check/loto/backnumber/detail.html?fromto=1261_1280&type=loto6,2026-05-20 04:28:21
1263,2018-03-26,Mon,3,8,13,14,31,37,6,106,4,2,4,0,2,1,1,https://www.mizuhobank.co.jp/takarakuji/check/loto/backnumber/detail.html?fromto=1261_1280&type=loto6,2026-05-20 04:28:21
1264,2018-03-29,Thu,1,6,27,33,35,43,15,145,5,1,2,1,3,3,0,https://www.mizuhobank.co.jp/takarakuji/check/loto/backnumber/detail.html?fromto=1261_1280&type=loto6,2026-05-20 04:28:21
1265,2018-04-02,Mon,5,20,26,27,28,33,12,139,3,3,1,4,1,1,2,https://www.mizuhobank.co.jp/takarakuji/check/loto/backnumber/detail.html?fromto=1261_1280&type=loto6,2026-05-20 04:28:21
1266,2018-04-05,Thu,3,12,16,23,25,28,17,107,3,3,2,4,0,0,0,https://www.mizuhobank.co.jp/takarakuji/check/loto/backnumber/detail.html?fromto=1261_1280&type=loto6,2026-05-20 04:28:21
1267,2018-04-09,Mon,4,18,31,33,34,41,9,161,3,3,1,1,4,3,1,https://www.mizuhobank.co.jp/takarakuji/check/loto/backnumber/detail.html?fromto=1261_1280&type=loto6,2026-05-20 04:28:21
1268,2018-04-12,Thu,8,11,15,22,35,36,30,127,3,3,2,2,2,2,1,https://www.mizuhobank.co.jp/takarakuji/check/loto/backnumber/detail.html?fromto=1261_1280&type=loto6,2026-05-20 04:28:21
1269,2018-04-16,Mon,9,10,11,33,39,42,25,144,4,2,3,0,3,3,2,https://www.mizuhobank.co.jp/takarakuji/check/loto/backnumber/detail.html?fromto=1261_1280&type=loto6,2026-05-20 04:28:21
1270,2018-04-19,Thu,9,10,24,30,35,40,38,148,2,4,2,1,3,2,1,https://www.mizuhobank.co.jp/takarakuji/check/loto/backnumber/detail.html?fromto=1261_1280&type=loto6,2026-05-20 04:28:21
1271,2018-04-23,Mon,1,11,14,27,39,42,32,134,4,2,3,1,2,2,0,https://www.mizuhobank.co.jp/takarakuji/check/loto/backnumber/detail.html?fromto=1261_1280&type=loto6,2026-05-20 04:28:21
1272,2018-04-26,Thu,4,9,13,32,37,38,42,133,3,3,3,0,3,3,1,https://www.mizuhobank.co.jp/takarakuji/check/loto/backnumber/detail.html?fromto=1261_1280&type=loto6,2026-05-20 04:28:21
1273,2018-04-30,Mon,18,20,22,26,34,37,4,157,1,5,0,4,2,2,0,https://www.mizuhobank.co.jp/takarakuji/check/loto/backnumber/detail.html?fromto=1261_1280&type=loto6,2026-05-20 04:28:21
1274,2018-05-03,Thu,3,15,18,23,31,37,34,127,5,1,1,3,2,1,0,https://www.mizuhobank.co.jp/takarakuji/check/loto/backnumber/detail.html?fromto=1261_1280&type=loto6,2026-05-20 04:28:21
1275,2018-05-07,Mon,7,19,21,28,40,41,3,156,4,2,1,3,2,2,1,https://www.mizuhobank.co.jp/takarakuji/check/loto/backnumber/detail.html?fromto=1261_1280&type=loto6,2026-05-20 04:28:21
1276,2018-05-10,Thu,5,6,9,11,16,35,22,82,4,2,4,1,1,1,1,https://www.mizuhobank.co.jp/takarakuji/check/loto/backnumber/detail.html?fromto=1261_1280&type=loto6,2026-05-20 04:28:21
1277,2018-05-14,Mon,12,16,20,22,31,43,33,144,2,4,1,3,2,1,0,https://www.mizuhobank.co.jp/takarakuji/check/loto/backnumber/detail.html?fromto=1261_1280&type=loto6,2026-05-20 04:28:21
1278,2018-05-17,Thu,3,4,18,28,34,36,6,123,1,5,2,2,2,2,1,https://www.mizuhobank.co.jp/takarakuji/check/loto/backnumber/detail.html?fromto=1261_1280&type=loto6,2026-05-20 04:28:21
1279,2018-05-21,Mon,4,10,16,17,20,24,31,91,1,5,2,4,0,0,1,https://www.mizuhobank.co.jp/takarakuji/check/loto/backnumber/detail.html?fromto=1261_1280&type=loto6,2026-05-20 04:28:21
1280,2018-05-24,Thu,1,9,11,21,29,36,7,107,5,1,3,2,1,1,0,https://www.mizuhobank.co.jp/takarakuji/check/loto/backnumber/detail.html?fromto=1261_1280&type=loto6,2026-05-20 04:28:21
1281,2018-05-28,Mon,3,7,9,15,29,40,17,103,5,1,3,2,1,1,0,https://www.mizuhobank.co.jp/takarakuji/check/loto/backnumber/detail.html?fromto=1281_1300&type=loto6,2026-05-20 04:28:21
1282,2018-05-31,Thu,1,4,10,11,24,28,29,78,2,4,4,2,0,0,1,https://www.mizuhobank.co.jp/takarakuji/check/loto/backnumber/detail.html?fromto=1281_1300&type=loto6,2026-05-20 04:28:21
1283,2018-06-04,Mon,1,26,27,30,37,38,4,159,3,3,1,2,3,2,2,https://www.mizuhobank.co.jp/takarakuji/check/loto/backnumber/detail.html?fromto=1281_1300&type=loto6,2026-05-20 04:28:21
1284,2018-06-07,Thu,4,14,17,21,24,39,7,119,3,3,2,3,1,1,0,https://www.mizuhobank.co.jp/takarakuji/check/loto/backnumber/detail.html?fromto=1281_1300&type=loto6,2026-05-20 04:28:21
1285,2018-06-11,Mon,7,8,13,36,38,42,6,144,2,4,3,0,3,3,1,https://www.mizuhobank.co.jp/takarakuji/check/loto/backnumber/detail.html?fromto=1281_1300&type=loto6,2026-05-20 04:28:21
1286,2018-06-14,Thu,11,32,37,39,41,42,43,202,4,2,1,0,5,5,1,https://www.mizuhobank.co.jp/takarakuji/check/loto/backnumber/detail.html?fromto=1281_1300&type=loto6,2026-05-20 04:28:21
1287,2018-06-18,Mon,9,21,23,34,37,38,40,162,4,2,1,2,3,3,1,https://www.mizuhobank.co.jp/takarakuji/check/loto/backnumber/detail.html?fromto=1281_1300&type=loto6,2026-05-20 04:28:21
1288,2018-06-21,Thu,8,9,19,24,35,43,11,138,4,2,2,2,2,2,1,https://www.mizuhobank.co.jp/takarakuji/check/loto/backnumber/detail.html?fromto=1281_1300&type=loto6,2026-05-20 04:28:21
1289,2018-06-25,Mon,6,9,16,24,29,37,3,121,3,3,2,3,1,1,0,https://www.mizuhobank.co.jp/takarakuji/check/loto/backnumber/detail.html?fromto=1281_1300&type=loto6,2026-05-20 04:28:21
1290,2018-06-28,Thu,18,24,27,32,35,41,10,177,3,3,0,3,3,3,0,https://www.mizuhobank.co.jp/takarakuji/check/loto/backnumber/detail.html?fromto=1281_1300&type=loto6,2026-05-20 04:28:21
1291,2018-07-02,Mon,2,6,8,12,13,17,1,58,2,4,5,1,0,0,1,https://www.mizuhobank.co.jp/takarakuji/check/loto/backnumber/detail.html?fromto=1281_1300&type=loto6,2026-05-20 04:28:21
1292,2018-07-05,Thu,1,18,29,30,31,37,35,146,4,2,1,2,3,1,2,https://www.mizuhobank.co.jp/takarakuji/check/loto/backnumber/detail.html?fromto=1281_1300&type=loto6,2026-05-20 04:28:21
1293,2018-07-09,Mon,2,5,15,27,30,35,11,114,4,2,2,2,2,1,0,https://www.mizuhobank.co.jp/takarakuji/check/loto/backnumber/detail.html?fromto=1281_1300&type=loto6,2026-05-20 04:28:21
1294,2018-07-12,Thu,7,14,18,26,28,39,2,132,2,4,2,3,1,1,0,https://www.mizuhobank.co.jp/takarakuji/check/loto/backnumber/detail.html?fromto=1281_1300&type=loto6,2026-05-20 04:28:21
1295,2018-07-16,Mon,14,23,31,37,39,43,32,187,5,1,1,1,4,3,0,https://www.mizuhobank.co.jp/takarakuji/check/loto/backnumber/detail.html?fromto=1281_1300&type=loto6,2026-05-20 04:28:21
1296,2018-07-19,Thu,5,11,15,16,23,32,4,102,4,2,2,3,1,1,1,https://www.mizuhobank.co.jp/takarakuji/check/loto/backnumber/detail.html?fromto=1281_1300&type=loto6,2026-05-20 04:28:21
1297,2018-07-23,Mon,1,2,7,29,34,42,41,115,3,3,3,1,2,2,1,https://www.mizuhobank.co.jp/takarakuji/check/loto/backnumber/detail.html?fromto=1281_1300&type=loto6,2026-05-20 04:28:21
1298,2018-07-26,Thu,4,6,15,22,30,42,7,119,1,5,2,2,2,1,0,https://www.mizuhobank.co.jp/takarakuji/check/loto/backnumber/detail.html?fromto=1281_1300&type=loto6,2026-05-20 04:28:21
1299,2018-07-30,Mon,3,12,24,28,38,39,10,144,2,4,2,2,2,2,1,https://www.mizuhobank.co.jp/takarakuji/check/loto/backnumber/detail.html?fromto=1281_1300&type=loto6,2026-05-20 04:28:21
1300,2018-08-02,Thu,3,18,25,26,32,33,27,137,3,3,1,3,2,2,2,https://www.mizuhobank.co.jp/takarakuji/check/loto/backnumber/detail.html?fromto=1281_1300&type=loto6,2026-05-20 04:28:21
1301,2018-08-06,Mon,6,7,9,16,30,41,22,109,3,3,3,1,2,1,1,https://www.mizuhobank.co.jp/takarakuji/check/loto/backnumber/detail.html?fromto=1301_1320&type=loto6,2026-05-20 04:28:21
1302,2018-08-09,Thu,4,7,25,30,34,43,38,143,3,3,2,1,3,2,0,https://www.mizuhobank.co.jp/takarakuji/check/loto/backnumber/detail.html?fromto=1301_1320&type=loto6,2026-05-20 04:28:21
1303,2018-08-13,Mon,7,10,24,33,35,42,43,151,3,3,2,1,3,3,0,https://www.mizuhobank.co.jp/takarakuji/check/loto/backnumber/detail.html?fromto=1301_1320&type=loto6,2026-05-20 04:28:21
1304,2018-08-16,Thu,6,25,30,38,40,42,17,181,1,5,1,1,4,3,0,https://www.mizuhobank.co.jp/takarakuji/check/loto/backnumber/detail.html?fromto=1301_1320&type=loto6,2026-05-20 04:28:21
1305,2018-08-20,Mon,4,6,19,36,38,40,28,143,1,5,2,1,3,3,0,https://www.mizuhobank.co.jp/takarakuji/check/loto/backnumber/detail.html?fromto=1301_1320&type=loto6,2026-05-20 04:28:21
1306,2018-08-23,Thu,7,11,23,36,38,41,37,156,4,2,2,1,3,3,0,https://www.mizuhobank.co.jp/takarakuji/check/loto/backnumber/detail.html?fromto=1301_1320&type=loto6,2026-05-20 04:28:21
1307,2018-08-27,Mon,6,25,27,28,30,43,14,159,3,3,1,3,2,1,1,https://www.mizuhobank.co.jp/takarakuji/check/loto/backnumber/detail.html?fromto=1301_1320&type=loto6,2026-05-20 04:28:21
1308,2018-08-30,Thu,6,9,10,15,34,39,3,113,3,3,3,1,2,2,1,https://www.mizuhobank.co.jp/takarakuji/check/loto/backnumber/detail.html?fromto=1301_1320&type=loto6,2026-05-20 04:28:21
1309,2018-09-03,Mon,24,32,34,36,41,43,23,210,2,4,0,1,5,5,0,https://www.mizuhobank.co.jp/takarakuji/check/loto/backnumber/detail.html?fromto=1301_1320&type=loto6,2026-05-20 04:28:21
1310,2018-09-06,Thu,9,24,25,27,34,36,14,155,3,3,1,3,2,2,1,https://www.mizuhobank.co.jp/takarakuji/check/loto/backnumber/detail.html?fromto=1301_1320&type=loto6,2026-05-20 04:28:21
1311,2018-09-10,Mon,12,23,26,29,36,37,15,163,3,3,1,3,2,2,1,https://www.mizuhobank.co.jp/takarakuji/check/loto/backnumber/detail.html?fromto=1301_1320&type=loto6,2026-05-20 04:28:21
1312,2018-09-13,Thu,13,24,25,26,32,39,6,159,3,3,1,3,2,2,2,https://www.mizuhobank.co.jp/takarakuji/check/loto/backnumber/detail.html?fromto=1301_1320&type=loto6,2026-05-20 04:28:21
1313,2018-09-17,Mon,5,12,21,31,36,43,27,148,4,2,2,1,3,2,0,https://www.mizuhobank.co.jp/takarakuji/check/loto/backnumber/detail.html?fromto=1301_1320&type=loto6,2026-05-20 04:28:21
1314,2018-09-20,Thu,3,10,20,21,27,33,39,114,4,2,2,3,1,1,1,https://www.mizuhobank.co.jp/takarakuji/check/loto/backnumber/detail.html?fromto=1301_1320&type=loto6,2026-05-20 04:28:21
1315,2018-09-24,Mon,3,8,23,30,32,40,31,136,2,4,2,1,3,2,0,https://www.mizuhobank.co.jp/takarakuji/check/loto/backnumber/detail.html?fromto=1301_1320&type=loto6,2026-05-20 04:28:21
1316,2018-09-27,Thu,6,16,26,35,36,39,14,158,2,4,1,2,3,3,1,https://www.mizuhobank.co.jp/takarakuji/check/loto/backnumber/detail.html?fromto=1301_1320&type=loto6,2026-05-20 04:28:21
1317,2018-10-01,Mon,6,10,13,19,32,43,22,123,3,3,3,1,2,2,0,https://www.mizuhobank.co.jp/takarakuji/check/loto/backnumber/detail.html?fromto=1301_1320&type=loto6,2026-05-20 04:28:21
1318,2018-10-04,Thu,2,3,7,14,19,41,34,86,4,2,4,1,1,1,1,https://www.mizuhobank.co.jp/takarakuji/check/loto/backnumber/detail.html?fromto=1301_1320&type=loto6,2026-05-20 04:28:21
1319,2018-10-08,Mon,9,10,19,21,28,30,43,117,3,3,2,3,1,0,1,https://www.mizuhobank.co.jp/takarakuji/check/loto/backnumber/detail.html?fromto=1301_1320&type=loto6,2026-05-20 04:28:21
1320,2018-10-11,Thu,4,6,12,16,17,34,28,89,1,5,3,2,1,1,1,https://www.mizuhobank.co.jp/takarakuji/check/loto/backnumber/detail.html?fromto=1301_1320&type=loto6,2026-05-20 04:28:21
1321,2018-10-15,Mon,10,24,31,40,41,43,33,189,3,3,1,1,4,3,1,https://www.mizuhobank.co.jp/takarakuji/check/loto/backnumber/detail.html?fromto=1321_1340&type=loto6,2026-05-20 04:28:21
1322,2018-10-18,Thu,2,3,13,28,32,37,7,115,3,3,3,1,2,2,1,https://www.mizuhobank.co.jp/takarakuji/check/loto/backnumber/detail.html?fromto=1321_1340&type=loto6,2026-05-20 04:28:21
1323,2018-10-22,Mon,5,6,10,24,29,40,26,114,2,4,3,2,1,1,1,https://www.mizuhobank.co.jp/takarakuji/check/loto/backnumber/detail.html?fromto=1321_1340&type=loto6,2026-05-20 04:28:21
1324,2018-10-25,Thu,1,7,8,17,25,42,11,100,4,2,3,2,1,1,1,https://www.mizuhobank.co.jp/takarakuji/check/loto/backnumber/detail.html?fromto=1321_1340&type=loto6,2026-05-20 04:28:21
1325,2018-10-29,Mon,8,18,23,26,33,38,34,146,2,4,1,3,2,2,0,https://www.mizuhobank.co.jp/takarakuji/check/loto/backnumber/detail.html?fromto=1321_1340&type=loto6,2026-05-20 04:28:21
1326,2018-11-01,Thu,2,3,9,12,30,41,21,97,3,3,4,0,2,1,1,https://www.mizuhobank.co.jp/takarakuji/check/loto/backnumber/detail.html?fromto=1321_1340&type=loto6,2026-05-20 04:28:21
1327,2018-11-05,Mon,2,3,13,22,23,30,27,93,3,3,3,2,1,0,2,https://www.mizuhobank.co.jp/takarakuji/check/loto/backnumber/detail.html?fromto=1321_1340&type=loto6,2026-05-20 04:28:21
1328,2018-11-08,Thu,7,9,23,32,37,40,41,148,4,2,2,1,3,3,0,https://www.mizuhobank.co.jp/takarakuji/check/loto/backnumber/detail.html?fromto=1321_1340&type=loto6,2026-05-20 04:28:21
1329,2018-11-12,Mon,11,15,18,22,37,42,31,145,3,3,1,3,2,2,0,https://www.mizuhobank.co.jp/takarakuji/check/loto/backnumber/detail.html?fromto=1321_1340&type=loto6,2026-05-20 04:28:21
1330,2018-11-15,Thu,2,19,24,32,36,43,30,156,2,4,1,2,3,3,0,https://www.mizuhobank.co.jp/takarakuji/check/loto/backnumber/detail.html?fromto=1321_1340&type=loto6,2026-05-20 04:28:21
1331,2018-11-19,Mon,2,14,30,31,38,39,26,154,2,4,2,0,4,2,2,https://www.mizuhobank.co.jp/takarakuji/check/loto/backnumber/detail.html?fromto=1321_1340&type=loto6,2026-05-20 04:28:21
1332,2018-11-22,Thu,5,15,18,22,33,40,6,133,3,3,1,3,2,2,0,https://www.mizuhobank.co.jp/takarakuji/check/loto/backnumber/detail.html?fromto=1321_1340&type=loto6,2026-05-20 04:28:21
1333,2018-11-26,Mon,2,9,15,22,26,35,5,109,3,3,2,3,1,1,0,https://www.mizuhobank.co.jp/takarakuji/check/loto/backnumber/detail.html?fromto=1321_1340&type=loto6,2026-05-20 04:28:21
1334,2018-11-29,Thu,1,2,7,14,29,43,40,96,4,2,4,1,1,1,1,https://www.mizuhobank.co.jp/takarakuji/check/loto/backnumber/detail.html?fromto=1321_1340&type=loto6,2026-05-20 04:28:21
1335,2018-12-03,Mon,10,16,19,34,35,39,4,153,3,3,1,2,3,3,1,https://www.mizuhobank.co.jp/takarakuji/check/loto/backnumber/detail.html?fromto=1321_1340&type=loto6,2026-05-20 04:28:21
1336,2018-12-06,Thu,4,5,11,19,31,34,43,104,4,2,3,1,2,1,1,https://www.mizuhobank.co.jp/takarakuji/check/loto/backnumber/detail.html?fromto=1321_1340&type=loto6,2026-05-20 04:28:21
1337,2018-12-10,Mon,3,6,21,28,29,34,15,121,3,3,2,3,1,1,1,https://www.mizuhobank.co.jp/takarakuji/check/loto/backnumber/detail.html?fromto=1321_1340&type=loto6,2026-05-20 04:28:21
1338,2018-12-13,Thu,2,6,23,25,30,31,35,117,3,3,2,2,2,0,1,https://www.mizuhobank.co.jp/takarakuji/check/loto/backnumber/detail.html?fromto=1321_1340&type=loto6,2026-05-20 04:28:21
1339,2018-12-17,Mon,1,10,15,33,34,42,39,135,3,3,2,1,3,3,1,https://www.mizuhobank.co.jp/takarakuji/check/loto/backnumber/detail.html?fromto=1321_1340&type=loto6,2026-05-20 04:28:21
1340,2018-12-20,Thu,6,15,18,20,26,29,9,114,2,4,1,5,0,0,0,https://www.mizuhobank.co.jp/takarakuji/check/loto/backnumber/detail.html?fromto=1321_1340&type=loto6,2026-05-20 04:28:21
1341,2018-12-24,Mon,9,12,15,16,26,39,34,117,3,3,2,3,1,1,1,https://www.mizuhobank.co.jp/takarakuji/check/loto/backnumber/detail.html?fromto=1341_1360&type=loto6,2026-05-20 04:28:21
1342,2018-12-27,Thu,1,4,9,16,23,31,42,84,4,2,3,2,1,0,0,https://www.mizuhobank.co.jp/takarakuji/check/loto/backnumber/detail.html?fromto=1341_1360&type=loto6,2026-05-20 04:28:21
1343,2019-01-07,Mon,2,8,10,12,19,23,16,74,2,4,4,2,0,0,0,https://www.mizuhobank.co.jp/takarakuji/check/loto/backnumber/detail.html?fromto=1341_1360&type=loto6,2026-05-20 04:28:21
1344,2019-01-10,Thu,8,16,20,28,37,43,29,152,2,4,1,3,2,2,0,https://www.mizuhobank.co.jp/takarakuji/check/loto/backnumber/detail.html?fromto=1341_1360&type=loto6,2026-05-20 04:28:21
1345,2019-01-14,Mon,1,15,26,27,29,33,18,131,5,1,1,4,1,1,1,https://www.mizuhobank.co.jp/takarakuji/check/loto/backnumber/detail.html?fromto=1341_1360&type=loto6,2026-05-20 04:28:21
1346,2019-01-17,Thu,5,10,22,27,38,42,36,144,2,4,2,2,2,2,0,https://www.mizuhobank.co.jp/takarakuji/check/loto/backnumber/detail.html?fromto=1341_1360&type=loto6,2026-05-20 04:28:21
1347,2019-01-21,Mon,8,10,11,18,36,43,7,126,2,4,3,1,2,2,1,https://www.mizuhobank.co.jp/takarakuji/check/loto/backnumber/detail.html?fromto=1341_1360&type=loto6,2026-05-20 04:28:21
1348,2019-01-24,Thu,1,2,14,19,21,33,43,90,4,2,3,2,1,1,1,https://www.mizuhobank.co.jp/takarakuji/check/loto/backnumber/detail.html?fromto=1341_1360&type=loto6,2026-05-20 04:28:21
1349,2019-01-28,Mon,2,16,19,32,34,42,33,145,1,5,1,2,3,3,0,https://www.mizuhobank.co.jp/takarakuji/check/loto/backnumber/detail.html?fromto=1341_1360&type=loto6,2026-05-20 04:28:21
1350,2019-01-31,Thu,7,8,9,10,20,38,16,92,2,4,4,1,1,1,3,https://www.mizuhobank.co.jp/takarakuji/check/loto/backnumber/detail.html?fromto=1341_1360&type=loto6,2026-05-20 04:28:21
1351,2019-02-04,Mon,8,14,18,22,28,29,5,119,1,5,2,4,0,0,1,https://www.mizuhobank.co.jp/takarakuji/check/loto/backnumber/detail.html?fromto=1341_1360&type=loto6,2026-05-20 04:28:21
1352,2019-02-07,Thu,5,6,9,15,19,36,22,90,4,2,3,2,1,1,1,https://www.mizuhobank.co.jp/takarakuji/check/loto/backnumber/detail.html?fromto=1341_1360&type=loto6,2026-05-20 04:28:21
1353,2019-02-11,Mon,2,11,12,19,21,24,36,89,3,3,3,3,0,0,1,https://www.mizuhobank.co.jp/takarakuji/check/loto/backnumber/detail.html?fromto=1341_1360&type=loto6,2026-05-20 04:28:21
1354,2019-02-14,Thu,4,25,27,28,32,41,26,157,3,3,1,3,2,2,1,https://www.mizuhobank.co.jp/takarakuji/check/loto/backnumber/detail.html?fromto=1341_1360&type=loto6,2026-05-20 04:28:21
1355,2019-02-18,Mon,5,15,27,29,34,37,12,147,5,1,1,3,2,2,0,https://www.mizuhobank.co.jp/takarakuji/check/loto/backnumber/detail.html?fromto=1341_1360&type=loto6,2026-05-20 04:28:21
1356,2019-02-21,Thu,4,6,10,16,24,43,12,103,1,5,3,2,1,1,0,https://www.mizuhobank.co.jp/takarakuji/check/loto/backnumber/detail.html?fromto=1341_1360&type=loto6,2026-05-20 04:28:21
1357,2019-02-25,Mon,2,3,8,15,19,28,21,75,3,3,3,3,0,0,1,https://www.mizuhobank.co.jp/takarakuji/check/loto/backnumber/detail.html?fromto=1341_1360&type=loto6,2026-05-20 04:28:21
1358,2019-02-28,Thu,9,15,23,27,29,40,28,143,5,1,1,4,1,1,0,https://www.mizuhobank.co.jp/takarakuji/check/loto/backnumber/detail.html?fromto=1341_1360&type=loto6,2026-05-20 04:28:21
1359,2019-03-04,Mon,6,8,14,18,25,41,9,112,2,4,3,2,1,1,0,https://www.mizuhobank.co.jp/takarakuji/check/loto/backnumber/detail.html?fromto=1341_1360&type=loto6,2026-05-20 04:28:21
1360,2019-03-07,Thu,4,9,10,16,17,42,23,98,2,4,3,2,1,1,2,https://www.mizuhobank.co.jp/takarakuji/check/loto/backnumber/detail.html?fromto=1341_1360&type=loto6,2026-05-20 04:28:21
1361,2019-03-11,Mon,3,4,12,18,28,38,32,103,1,5,3,2,1,1,1,https://www.mizuhobank.co.jp/takarakuji/check/loto/backnumber/detail.html?fromto=1361_1380&type=loto6,2026-05-20 04:28:21
1362,2019-03-14,Thu,8,16,19,28,36,39,1,146,2,4,1,3,2,2,0,https://www.mizuhobank.co.jp/takarakuji/check/loto/backnumber/detail.html?fromto=1361_1380&type=loto6,2026-05-20 04:28:21
1363,2019-03-18,Mon,2,5,23,36,37,41,43,144,4,2,2,1,3,3,1,https://www.mizuhobank.co.jp/takarakuji/check/loto/backnumber/detail.html?fromto=1361_1380&type=loto6,2026-05-20 04:28:21
1364,2019-03-21,Thu,5,13,14,16,25,27,3,100,4,2,3,3,0,0,1,https://www.mizuhobank.co.jp/takarakuji/check/loto/backnumber/detail.html?fromto=1361_1380&type=loto6,2026-05-20 04:28:21
1365,2019-03-25,Mon,4,7,14,20,31,41,32,117,3,3,3,1,2,1,0,https://www.mizuhobank.co.jp/takarakuji/check/loto/backnumber/detail.html?fromto=1361_1380&type=loto6,2026-05-20 04:28:21
1366,2019-03-28,Thu,14,15,17,29,31,39,10,145,5,1,1,3,2,1,1,https://www.mizuhobank.co.jp/takarakuji/check/loto/backnumber/detail.html?fromto=1361_1380&type=loto6,2026-05-20 04:28:21
1367,2019-04-01,Mon,3,8,11,14,22,41,34,99,3,3,4,1,1,1,0,https://www.mizuhobank.co.jp/takarakuji/check/loto/backnumber/detail.html?fromto=1361_1380&type=loto6,2026-05-20 04:28:21
1368,2019-04-04,Thu,6,11,17,20,34,35,10,123,3,3,2,2,2,2,1,https://www.mizuhobank.co.jp/takarakuji/check/loto/backnumber/detail.html?fromto=1361_1380&type=loto6,2026-05-20 04:28:21
1369,2019-04-08,Mon,12,15,25,32,41,43,7,168,4,2,1,2,3,3,0,https://www.mizuhobank.co.jp/takarakuji/check/loto/backnumber/detail.html?fromto=1361_1380&type=loto6,2026-05-20 04:28:21
1370,2019-04-11,Thu,8,22,24,30,40,41,2,165,1,5,1,2,3,2,1,https://www.mizuhobank.co.jp/takarakuji/check/loto/backnumber/detail.html?fromto=1361_1380&type=loto6,2026-05-20 04:28:21
1371,2019-04-15,Mon,4,5,6,7,24,28,30,74,2,4,4,2,0,0,3,https://www.mizuhobank.co.jp/takarakuji/check/loto/backnumber/detail.html?fromto=1361_1380&type=loto6,2026-05-20 04:28:21
1372,2019-04-18,Thu,3,5,10,21,33,39,8,111,5,1,3,1,2,2,0,https://www.mizuhobank.co.jp/takarakuji/check/loto/backnumber/detail.html?fromto=1361_1380&type=loto6,2026-05-20 04:28:21
1373,2019-04-22,Mon,1,10,13,18,20,41,11,103,3,3,3,2,1,1,0,https://www.mizuhobank.co.jp/takarakuji/check/loto/backnumber/detail.html?fromto=1361_1380&type=loto6,2026-05-20 04:28:21
1374,2019-04-25,Thu,1,4,5,19,23,35,36,87,5,1,3,2,1,1,1,https://www.mizuhobank.co.jp/takarakuji/check/loto/backnumber/detail.html?fromto=1361_1380&type=loto6,2026-05-20 04:28:21
1375,2019-04-29,Mon,2,5,21,22,31,38,28,119,3,3,2,2,2,1,1,https://www.mizuhobank.co.jp/takarakuji/check/loto/backnumber/detail.html?fromto=1361_1380&type=loto6,2026-05-20 04:28:21
1376,2019-05-02,Thu,2,5,22,31,32,43,27,135,3,3,2,1,3,2,1,https://www.mizuhobank.co.jp/takarakuji/check/loto/backnumber/detail.html?fromto=1361_1380&type=loto6,2026-05-20 04:28:21
1377,2019-05-06,Mon,1,7,13,24,40,43,20,128,4,2,3,1,2,2,0,https://www.mizuhobank.co.jp/takarakuji/check/loto/backnumber/detail.html?fromto=1361_1380&type=loto6,2026-05-20 04:28:21
1378,2019-05-09,Thu,1,10,15,24,35,43,9,128,4,2,2,2,2,2,0,https://www.mizuhobank.co.jp/takarakuji/check/loto/backnumber/detail.html?fromto=1361_1380&type=loto6,2026-05-20 04:28:21
1379,2019-05-13,Mon,1,2,19,21,24,37,32,104,4,2,2,3,1,1,1,https://www.mizuhobank.co.jp/takarakuji/check/loto/backnumber/detail.html?fromto=1361_1380&type=loto6,2026-05-20 04:28:21
1380,2019-05-16,Thu,1,3,24,26,29,33,42,116,4,2,2,3,1,1,0,https://www.mizuhobank.co.jp/takarakuji/check/loto/backnumber/detail.html?fromto=1361_1380&type=loto6,2026-05-20 04:28:21
1381,2019-05-20,Mon,2,4,5,16,19,38,25,84,2,4,3,2,1,1,1,https://www.mizuhobank.co.jp/takarakuji/check/loto/backnumber/detail.html?fromto=1381_1400&type=loto6,2026-05-20 04:28:21
1382,2019-05-23,Thu,8,9,12,25,26,28,32,108,2,4,3,3,0,0,2,https://www.mizuhobank.co.jp/takarakuji/check/loto/backnumber/detail.html?fromto=1381_1400&type=loto6,2026-05-20 04:28:21
1383,2019-05-27,Mon,2,4,9,15,18,39,24,87,3,3,3,2,1,1,0,https://www.mizuhobank.co.jp/takarakuji/check/loto/backnumber/detail.html?fromto=1381_1400&type=loto6,2026-05-20 04:28:21
1384,2019-05-30,Thu,3,6,13,32,38,43,40,135,3,3,3,0,3,3,0,https://www.mizuhobank.co.jp/takarakuji/check/loto/backnumber/detail.html?fromto=1381_1400&type=loto6,2026-05-20 04:28:21
1385,2019-06-03,Mon,9,20,28,35,41,43,23,176,4,2,1,2,3,3,0,https://www.mizuhobank.co.jp/takarakuji/check/loto/backnumber/detail.html?fromto=1381_1400&type=loto6,2026-05-20 04:28:21
1386,2019-06-06,Thu,4,11,14,15,20,38,35,102,2,4,3,2,1,1,1,https://www.mizuhobank.co.jp/takarakuji/check/loto/backnumber/detail.html?fromto=1381_1400&type=loto6,2026-05-20 04:28:21
1387,2019-06-10,Mon,11,27,29,30,37,38,33,172,4,2,1,2,3,2,2,https://www.mizuhobank.co.jp/takarakuji/check/loto/backnumber/detail.html?fromto=1381_1400&type=loto6,2026-05-20 04:28:21
1388,2019-06-13,Thu,9,10,12,15,29,37,11,112,4,2,3,2,1,1,1,https://www.mizuhobank.co.jp/takarakuji/check/loto/backnumber/detail.html?fromto=1381_1400&type=loto6,2026-05-20 04:28:21
1389,2019-06-17,Mon,6,16,21,23,26,42,43,134,2,4,1,4,1,1,0,https://www.mizuhobank.co.jp/takarakuji/check/loto/backnumber/detail.html?fromto=1381_1400&type=loto6,2026-05-20 04:28:21
1390,2019-06-20,Thu,10,11,13,28,34,39,35,135,3,3,3,1,2,2,1,https://www.mizuhobank.co.jp/takarakuji/check/loto/backnumber/detail.html?fromto=1381_1400&type=loto6,2026-05-20 04:28:21
1391,2019-06-24,Mon,3,12,23,31,36,42,43,147,3,3,2,1,3,2,0,https://www.mizuhobank.co.jp/takarakuji/check/loto/backnumber/detail.html?fromto=1381_1400&type=loto6,2026-05-20 04:28:21
1392,2019-06-27,Thu,6,9,12,19,40,42,7,128,2,4,3,1,2,2,0,https://www.mizuhobank.co.jp/takarakuji/check/loto/backnumber/detail.html?fromto=1381_1400&type=loto6,2026-05-20 04:28:21
1393,2019-07-01,Mon,7,11,26,32,42,43,24,161,3,3,2,1,3,3,1,https://www.mizuhobank.co.jp/takarakuji/check/loto/backnumber/detail.html?fromto=1381_1400&type=loto6,2026-05-20 04:28:21
1394,2019-07-04,Thu,8,9,35,36,42,43,22,173,3,3,2,0,4,4,3,https://www.mizuhobank.co.jp/takarakuji/check/loto/backnumber/detail.html?fromto=1381_1400&type=loto6,2026-05-20 04:28:21
1395,2019-07-08,Mon,5,16,18,27,30,43,25,139,3,3,1,3,2,1,0,https://www.mizuhobank.co.jp/takarakuji/check/loto/backnumber/detail.html?fromto=1381_1400&type=loto6,2026-05-20 04:28:21
1396,2019-07-11,Thu,3,7,11,15,23,41,21,100,6,0,3,2,1,1,0,https://www.mizuhobank.co.jp/takarakuji/check/loto/backnumber/detail.html?fromto=1381_1400&type=loto6,2026-05-20 04:28:21
1397,2019-07-15,Mon,9,18,19,21,25,26,7,118,4,2,1,5,0,0,2,https://www.mizuhobank.co.jp/takarakuji/check/loto/backnumber/detail.html?fromto=1381_1400&type=loto6,2026-05-20 04:28:21
1398,2019-07-18,Thu,23,29,34,35,40,43,42,204,4,2,0,2,4,4,1,https://www.mizuhobank.co.jp/takarakuji/check/loto/backnumber/detail.html?fromto=1381_1400&type=loto6,2026-05-20 04:28:21
1399,2019-07-22,Mon,7,20,21,33,41,43,8,165,5,1,1,2,3,3,1,https://www.mizuhobank.co.jp/takarakuji/check/loto/backnumber/detail.html?fromto=1381_1400&type=loto6,2026-05-20 04:28:21
1400,2019-07-25,Thu,8,10,26,31,34,39,36,148,2,4,2,1,3,2,0,https://www.mizuhobank.co.jp/takarakuji/check/loto/backnumber/detail.html?fromto=1381_1400&type=loto6,2026-05-20 04:28:21
1401,2019-07-29,Mon,2,13,23,24,25,33,36,120,4,2,2,3,1,1,2,https://www.mizuhobank.co.jp/takarakuji/check/loto/backnumber/detail.html?fromto=1401_1420&type=loto6,2026-05-20 04:28:21
1402,2019-08-01,Thu,10,24,26,33,36,42,28,171,1,5,1,2,3,3,0,https://www.mizuhobank.co.jp/takarakuji/check/loto/backnumber/detail.html?fromto=1401_1420&type=loto6,2026-05-20 04:28:21
1403,2019-08-05,Mon,1,3,10,27,34,41,22,116,4,2,3,1,2,2,0,https://www.mizuhobank.co.jp/takarakuji/check/loto/backnumber/detail.html?fromto=1401_1420&type=loto6,2026-05-20 04:28:21
1404,2019-08-08,Thu,2,17,29,37,38,39,5,162,4,2,1,2,3,3,2,https://www.mizuhobank.co.jp/takarakuji/check/loto/backnumber/detail.html?fromto=1401_1420&type=loto6,2026-05-20 04:28:21
1405,2019-08-12,Mon,3,4,6,19,23,24,42,79,3,3,3,3,0,0,2,https://www.mizuhobank.co.jp/takarakuji/check/loto/backnumber/detail.html?fromto=1401_1420&type=loto6,2026-05-20 04:28:21
1406,2019-08-15,Thu,20,24,27,29,34,35,43,169,3,3,0,4,2,2,1,https://www.mizuhobank.co.jp/takarakuji/check/loto/backnumber/detail.html?fromto=1401_1420&type=loto6,2026-05-20 04:28:21
1407,2019-08-19,Mon,10,13,19,28,33,39,15,142,4,2,2,2,2,2,0,https://www.mizuhobank.co.jp/takarakuji/check/loto/backnumber/detail.html?fromto=1401_1420&type=loto6,2026-05-20 04:28:21
1408,2019-08-22,Thu,2,17,24,26,34,43,32,146,2,4,1,3,2,2,0,https://www.mizuhobank.co.jp/takarakuji/check/loto/backnumber/detail.html?fromto=1401_1420&type=loto6,2026-05-20 04:28:21
1409,2019-08-26,Mon,5,6,8,20,22,25,13,86,2,4,3,3,0,0,1,https://www.mizuhobank.co.jp/takarakuji/check/loto/backnumber/detail.html?fromto=1401_1420&type=loto6,2026-05-20 04:28:21
1410,2019-08-29,Thu,8,14,17,25,36,41,23,141,3,3,2,2,2,2,0,https://www.mizuhobank.co.jp/takarakuji/check/loto/backnumber/detail.html?fromto=1401_1420&type=loto6,2026-05-20 04:28:21
1411,2019-09-02,Mon,2,5,7,20,25,28,3,87,3,3,3,3,0,0,0,https://www.mizuhobank.co.jp/takarakuji/check/loto/backnumber/detail.html?fromto=1401_1420&type=loto6,2026-05-20 04:28:21
1412,2019-09-05,Thu,2,19,24,25,32,42,8,144,2,4,1,3,2,2,1,https://www.mizuhobank.co.jp/takarakuji/check/loto/backnumber/detail.html?fromto=1401_1420&type=loto6,2026-05-20 04:28:21
1413,2019-09-09,Mon,7,13,17,21,24,26,12,108,4,2,2,4,0,0,0,https://www.mizuhobank.co.jp/takarakuji/check/loto/backnumber/detail.html?fromto=1401_1420&type=loto6,2026-05-20 04:28:21
1414,2019-09-12,Thu,12,19,21,26,40,41,20,159,3,3,1,3,2,2,1,https://www.mizuhobank.co.jp/takarakuji/check/loto/backnumber/detail.html?fromto=1401_1420&type=loto6,2026-05-20 04:28:21
1415,2019-09-16,Mon,1,3,7,34,39,40,33,124,4,2,3,0,3,3,1,https://www.mizuhobank.co.jp/takarakuji/check/loto/backnumber/detail.html?fromto=1401_1420&type=loto6,2026-05-20 04:28:21
1416,2019-09-19,Thu,2,9,10,15,24,36,13,96,2,4,3,2,1,1,1,https://www.mizuhobank.co.jp/takarakuji/check/loto/backnumber/detail.html?fromto=1401_1420&type=loto6,2026-05-20 04:28:21
1417,2019-09-23,Mon,3,10,25,26,27,31,5,122,4,2,2,3,1,0,2,https://www.mizuhobank.co.jp/takarakuji/check/loto/backnumber/detail.html?fromto=1401_1420&type=loto6,2026-05-20 04:28:21
1418,2019-09-26,Thu,4,21,32,35,42,43,15,177,3,3,1,1,4,4,1,https://www.mizuhobank.co.jp/takarakuji/check/loto/backnumber/detail.html?fromto=1401_1420&type=loto6,2026-05-20 04:28:21
1419,2019-09-30,Mon,5,10,11,12,21,37,41,96,4,2,4,1,1,1,2,https://www.mizuhobank.co.jp/takarakuji/check/loto/backnumber/detail.html?fromto=1401_1420&type=loto6,2026-05-20 04:28:21
1420,2019-10-03,Thu,1,2,14,16,22,28,4,83,1,5,3,3,0,0,1,https://www.mizuhobank.co.jp/takarakuji/check/loto/backnumber/detail.html?fromto=1401_1420&type=loto6,2026-05-20 04:28:21
1421,2019-10-07,Mon,2,14,20,23,37,43,30,139,3,3,2,2,2,2,0,https://www.mizuhobank.co.jp/takarakuji/check/loto/backnumber/detail.html?fromto=1421_1440&type=loto6,2026-05-20 04:28:21
1422,2019-10-10,Thu,12,14,17,20,24,30,39,117,1,5,2,3,1,0,0,https://www.mizuhobank.co.jp/takarakuji/check/loto/backnumber/detail.html?fromto=1421_1440&type=loto6,2026-05-20 04:28:21
1423,2019-10-14,Mon,11,24,29,36,37,42,13,179,3,3,1,2,3,3,1,https://www.mizuhobank.co.jp/takarakuji/check/loto/backnumber/detail.html?fromto=1421_1440&type=loto6,2026-05-20 04:28:21
1424,2019-10-17,Thu,6,7,25,26,33,36,19,133,3,3,2,2,2,2,2,https://www.mizuhobank.co.jp/takarakuji/check/loto/backnumber/detail.html?fromto=1421_1440&type=loto6,2026-05-20 04:28:21
1425,2019-10-21,Mon,1,24,28,33,35,42,27,163,3,3,1,2,3,3,0,https://www.mizuhobank.co.jp/takarakuji/check/loto/backnumber/detail.html?fromto=1421_1440&type=loto6,2026-05-20 04:28:21
1426,2019-10-24,Thu,4,13,17,19,30,43,24,126,4,2,2,2,2,1,0,https://www.mizuhobank.co.jp/takarakuji/check/loto/backnumber/detail.html?fromto=1421_1440&type=loto6,2026-05-20 04:28:21
1427,2019-10-28,Mon,1,7,25,26,38,41,31,138,4,2,2,2,2,2,1,https://www.mizuhobank.co.jp/takarakuji/check/loto/backnumber/detail.html?fromto=1421_1440&type=loto6,2026-05-20 04:28:21
1428,2019-10-31,Thu,16,18,19,34,35,36,6,158,2,4,0,3,3,3,3,https://www.mizuhobank.co.jp/takarakuji/check/loto/backnumber/detail.html?fromto=1421_1440&type=loto6,2026-05-20 04:28:21
1429,2019-11-04,Mon,4,8,13,18,21,23,22,87,3,3,3,3,0,0,0,https://www.mizuhobank.co.jp/takarakuji/check/loto/backnumber/detail.html?fromto=1421_1440&type=loto6,2026-05-20 04:28:21
1430,2019-11-07,Thu,4,7,9,12,20,28,3,80,2,4,4,2,0,0,0,https://www.mizuhobank.co.jp/takarakuji/check/loto/backnumber/detail.html?fromto=1421_1440&type=loto6,2026-05-20 04:28:21
1431,2019-11-11,Mon,2,27,28,33,38,40,30,168,2,4,1,2,3,3,1,https://www.mizuhobank.co.jp/takarakuji/check/loto/backnumber/detail.html?fromto=1421_1440&type=loto6,2026-05-20 04:28:21
1432,2019-11-14,Thu,4,5,15,32,33,43,13,132,4,2,2,1,3,3,2,https://www.mizuhobank.co.jp/takarakuji/check/loto/backnumber/detail.html?fromto=1421_1440&type=loto6,2026-05-20 04:28:21
1433,2019-11-18,Mon,3,5,12,16,38,42,6,116,2,4,3,1,2,2,0,https://www.mizuhobank.co.jp/takarakuji/check/loto/backnumber/detail.html?fromto=1421_1440&type=loto6,2026-05-20 04:28:21
1434,2019-11-21,Thu,2,20,30,38,39,40,4,169,1,5,1,1,4,3,2,https://www.mizuhobank.co.jp/takarakuji/check/loto/backnumber/detail.html?fromto=1421_1440&type=loto6,2026-05-20 04:28:21
1435,2019-11-25,Mon,2,4,16,21,22,40,9,105,1,5,2,3,1,1,1,https://www.mizuhobank.co.jp/takarakuji/check/loto/backnumber/detail.html?fromto=1421_1440&type=loto6,2026-05-20 04:28:21
1436,2019-11-28,Thu,3,7,17,18,30,36,33,111,3,3,2,2,2,1,1,https://www.mizuhobank.co.jp/takarakuji/check/loto/backnumber/detail.html?fromto=1421_1440&type=loto6,2026-05-20 04:28:21
1437,2019-12-02,Mon,3,11,24,25,37,40,14,140,4,2,2,2,2,2,1,https://www.mizuhobank.co.jp/takarakuji/check/loto/backnumber/detail.html?fromto=1421_1440&type=loto6,2026-05-20 04:28:21
1438,2019-12-05,Thu,2,5,6,20,33,38,22,104,2,4,3,1,2,2,1,https://www.mizuhobank.co.jp/takarakuji/check/loto/backnumber/detail.html?fromto=1421_1440&type=loto6,2026-05-20 04:28:21
1439,2019-12-09,Mon,11,17,23,28,34,41,4,154,4,2,1,3,2,2,0,https://www.mizuhobank.co.jp/takarakuji/check/loto/backnumber/detail.html?fromto=1421_1440&type=loto6,2026-05-20 04:28:21
1440,2019-12-12,Thu,1,7,20,31,41,42,28,142,4,2,2,1,3,2,1,https://www.mizuhobank.co.jp/takarakuji/check/loto/backnumber/detail.html?fromto=1421_1440&type=loto6,2026-05-20 04:28:21
1441,2019-12-16,Mon,12,22,24,33,35,42,36,168,2,4,1,2,3,3,0,https://www.mizuhobank.co.jp/takarakuji/check/loto/backnumber/detail.html?fromto=1441_1460&type=loto6,2026-05-20 04:28:21
1442,2019-12-19,Thu,12,21,35,36,40,43,39,187,3,3,1,1,4,4,1,https://www.mizuhobank.co.jp/takarakuji/check/loto/backnumber/detail.html?fromto=1441_1460&type=loto6,2026-05-20 04:28:21
1443,2019-12-23,Mon,2,4,8,10,22,33,28,79,1,5,4,1,1,1,0,https://www.mizuhobank.co.jp/takarakuji/check/loto/backnumber/detail.html?fromto=1441_1460&type=loto6,2026-05-20 04:28:21
1444,2019-12-26,Thu,11,20,24,25,30,37,14,147,3,3,1,3,2,1,1,https://www.mizuhobank.co.jp/takarakuji/check/loto/backnumber/detail.html?fromto=1441_1460&type=loto6,2026-05-20 04:28:21
1445,2019-12-30,Mon,3,14,24,29,30,42,21,142,2,4,2,2,2,1,1,https://www.mizuhobank.co.jp/takarakuji/check/loto/backnumber/detail.html?fromto=1441_1460&type=loto6,2026-05-20 04:28:21
1446,2020-01-09,Thu,2,5,11,20,21,32,13,91,3,3,3,2,1,1,1,https://www.mizuhobank.co.jp/takarakuji/check/loto/backnumber/detail.html?fromto=1441_1460&type=loto6,2026-05-20 04:28:21
1447,2020-01-13,Mon,2,9,12,13,14,22,10,72,2,4,5,1,0,0,2,https://www.mizuhobank.co.jp/takarakuji/check/loto/backnumber/detail.html?fromto=1441_1460&type=loto6,2026-05-20 04:28:21
1448,2020-01-16,Thu,10,12,25,29,32,41,40,149,3,3,2,2,2,2,0,https://www.mizuhobank.co.jp/takarakuji/check/loto/backnumber/detail.html?fromto=1441_1460&type=loto6,2026-05-20 04:28:21
1449,2020-01-20,Mon,6,19,20,26,34,38,4,143,1,5,1,3,2,2,1,https://www.mizuhobank.co.jp/takarakuji/check/loto/backnumber/detail.html?fromto=1441_1460&type=loto6,2026-05-20 04:28:21
1450,2020-01-23,Thu,24,25,26,27,34,36,3,172,2,4,0,4,2,2,3,https://www.mizuhobank.co.jp/takarakuji/check/loto/backnumber/detail.html?fromto=1441_1460&type=loto6,2026-05-20 04:28:21
1451,2020-01-27,Mon,2,6,10,20,24,43,34,105,1,5,3,2,1,1,0,https://www.mizuhobank.co.jp/takarakuji/check/loto/backnumber/detail.html?fromto=1441_1460&type=loto6,2026-05-20 04:28:21
1452,2020-01-30,Thu,17,19,29,31,37,39,35,172,6,0,0,3,3,2,0,https://www.mizuhobank.co.jp/takarakuji/check/loto/backnumber/detail.html?fromto=1441_1460&type=loto6,2026-05-20 04:28:21
1453,2020-02-03,Mon,10,22,26,27,28,41,39,154,2,4,1,4,1,1,2,https://www.mizuhobank.co.jp/takarakuji/check/loto/backnumber/detail.html?fromto=1441_1460&type=loto6,2026-05-20 04:28:21
1454,2020-02-06,Thu,3,15,19,34,37,40,41,148,4,2,1,2,3,3,0,https://www.mizuhobank.co.jp/takarakuji/check/loto/backnumber/detail.html?fromto=1441_1460&type=loto6,2026-05-20 04:28:21
1455,2020-02-10,Mon,1,10,12,22,34,43,23,122,2,4,3,1,2,2,0,https://www.mizuhobank.co.jp/takarakuji/check/loto/backnumber/detail.html?fromto=1441_1460&type=loto6,2026-05-20 04:28:21
1456,2020-02-13,Thu,2,18,19,24,29,31,33,123,3,3,1,4,1,0,1,https://www.mizuhobank.co.jp/takarakuji/check/loto/backnumber/detail.html?fromto=1441_1460&type=loto6,2026-05-20 04:28:21
1457,2020-02-17,Mon,1,3,11,17,20,37,29,89,5,1,3,2,1,1,0,https://www.mizuhobank.co.jp/takarakuji/check/loto/backnumber/detail.html?fromto=1441_1460&type=loto6,2026-05-20 04:28:21
1458,2020-02-20,Thu,4,16,19,22,26,29,6,116,2,4,1,5,0,0,0,https://www.mizuhobank.co.jp/takarakuji/check/loto/backnumber/detail.html?fromto=1441_1460&type=loto6,2026-05-20 04:28:21
1459,2020-02-24,Mon,2,17,19,24,28,29,7,119,3,3,1,5,0,0,1,https://www.mizuhobank.co.jp/takarakuji/check/loto/backnumber/detail.html?fromto=1441_1460&type=loto6,2026-05-20 04:28:21
1460,2020-02-27,Thu,3,6,10,15,29,30,4,93,3,3,3,2,1,0,1,https://www.mizuhobank.co.jp/takarakuji/check/loto/backnumber/detail.html?fromto=1441_1460&type=loto6,2026-05-20 04:28:21
1461,2020-03-02,Mon,5,7,8,18,22,26,24,86,2,4,3,3,0,0,1,https://www.mizuhobank.co.jp/takarakuji/check/loto/backnumber/detail.html?fromto=1461_1480&type=loto6,2026-05-20 04:28:21
1462,2020-03-05,Thu,4,18,19,28,33,36,9,138,2,4,1,3,2,2,1,https://www.mizuhobank.co.jp/takarakuji/check/loto/backnumber/detail.html?fromto=1461_1480&type=loto6,2026-05-20 04:28:21
1463,2020-03-09,Mon,18,29,32,34,35,39,36,187,3,3,0,2,4,4,1,https://www.mizuhobank.co.jp/takarakuji/check/loto/backnumber/detail.html?fromto=1461_1480&type=loto6,2026-05-20 04:28:21
1464,2020-03-12,Thu,8,13,14,18,29,31,23,113,3,3,3,2,1,0,1,https://www.mizuhobank.co.jp/takarakuji/check/loto/backnumber/detail.html?fromto=1461_1480&type=loto6,2026-05-20 04:28:21
1465,2020-03-16,Mon,11,15,16,24,28,38,3,132,2,4,1,4,1,1,1,https://www.mizuhobank.co.jp/takarakuji/check/loto/backnumber/detail.html?fromto=1461_1480&type=loto6,2026-05-20 04:28:21
1466,2020-03-19,Thu,6,10,15,18,32,40,35,121,1,5,2,2,2,2,0,https://www.mizuhobank.co.jp/takarakuji/check/loto/backnumber/detail.html?fromto=1461_1480&type=loto6,2026-05-20 04:28:21
1467,2020-03-23,Mon,3,14,16,25,26,38,7,122,2,4,2,3,1,1,1,https://www.mizuhobank.co.jp/takarakuji/check/loto/backnumber/detail.html?fromto=1461_1480&type=loto6,2026-05-20 04:28:21
1468,2020-03-26,Thu,4,8,15,24,25,31,26,107,3,3,2,3,1,0,1,https://www.mizuhobank.co.jp/takarakuji/check/loto/backnumber/detail.html?fromto=1461_1480&type=loto6,2026-05-20 04:28:21
1469,2020-03-30,Mon,4,9,10,13,24,27,22,87,3,3,4,2,0,0,1,https://www.mizuhobank.co.jp/takarakuji/check/loto/backnumber/detail.html?fromto=1461_1480&type=loto6,2026-05-20 04:28:21
1470,2020-04-02,Thu,4,8,14,16,39,40,23,121,1,5,3,1,2,2,1,https://www.mizuhobank.co.jp/takarakuji/check/loto/backnumber/detail.html?fromto=1461_1480&type=loto6,2026-05-20 04:28:21
1471,2020-04-06,Mon,1,3,8,32,37,43,24,124,4,2,3,0,3,3,0,https://www.mizuhobank.co.jp/takarakuji/check/loto/backnumber/detail.html?fromto=1461_1480&type=loto6,2026-05-20 04:28:21
1472,2020-04-09,Thu,1,6,7,9,23,40,43,86,4,2,4,1,1,1,1,https://www.mizuhobank.co.jp/takarakuji/check/loto/backnumber/detail.html?fromto=1461_1480&type=loto6,2026-05-20 04:28:21
1473,2020-04-13,Mon,1,5,6,27,33,38,11,110,4,2,3,1,2,2,1,https://www.mizuhobank.co.jp/takarakuji/check/loto/backnumber/detail.html?fromto=1461_1480&type=loto6,2026-05-20 04:28:21
1474,2020-04-16,Thu,4,6,8,22,27,32,26,99,1,5,3,2,1,1,0,https://www.mizuhobank.co.jp/takarakuji/check/loto/backnumber/detail.html?fromto=1461_1480&type=loto6,2026-05-20 04:28:21
1475,2020-04-20,Mon,6,7,9,20,21,27,2,90,4,2,3,3,0,0,2,https://www.mizuhobank.co.jp/takarakuji/check/loto/backnumber/detail.html?fromto=1461_1480&type=loto6,2026-05-20 04:28:21
1476,2020-04-23,Thu,6,22,38,40,41,42,35,189,1,5,1,1,4,4,2,https://www.mizuhobank.co.jp/takarakuji/check/loto/backnumber/detail.html?fromto=1461_1480&type=loto6,2026-05-20 04:28:21
1477,2020-04-27,Mon,4,13,14,25,27,32,1,115,3,3,3,2,1,1,1,https://www.mizuhobank.co.jp/takarakuji/check/loto/backnumber/detail.html?fromto=1461_1480&type=loto6,2026-05-20 04:28:21
1478,2020-04-30,Thu,7,12,15,21,40,42,32,137,3,3,2,2,2,2,0,https://www.mizuhobank.co.jp/takarakuji/check/loto/backnumber/detail.html?fromto=1461_1480&type=loto6,2026-05-20 04:28:21
1479,2020-05-04,Mon,1,20,30,32,35,37,33,155,3,3,1,1,4,3,0,https://www.mizuhobank.co.jp/takarakuji/check/loto/backnumber/detail.html?fromto=1461_1480&type=loto6,2026-05-20 04:28:21
1480,2020-05-07,Thu,2,4,5,6,24,34,39,75,1,5,4,1,1,1,2,https://www.mizuhobank.co.jp/takarakuji/check/loto/backnumber/detail.html?fromto=1461_1480&type=loto6,2026-05-20 04:28:21
1481,2020-05-11,Mon,3,9,21,31,41,42,18,147,5,1,2,1,3,2,1,https://www.mizuhobank.co.jp/takarakuji/check/loto/backnumber/detail.html?fromto=1481_1500&type=loto6,2026-05-20 04:28:21
1482,2020-05-14,Thu,8,26,28,32,41,43,14,178,2,4,1,2,3,3,0,https://www.mizuhobank.co.jp/takarakuji/check/loto/backnumber/detail.html?fromto=1481_1500&type=loto6,2026-05-20 04:28:21
1483,2020-05-18,Mon,3,10,20,23,29,43,22,128,4,2,2,3,1,1,0,https://www.mizuhobank.co.jp/takarakuji/check/loto/backnumber/detail.html?fromto=1481_1500&type=loto6,2026-05-20 04:28:21
1484,2020-05-21,Thu,4,12,17,18,23,41,28,115,3,3,2,3,1,1,1,https://www.mizuhobank.co.jp/takarakuji/check/loto/backnumber/detail.html?fromto=1481_1500&type=loto6,2026-05-20 04:28:21
1485,2020-05-25,Mon,9,10,18,27,28,35,37,127,3,3,2,3,1,1,2,https://www.mizuhobank.co.jp/takarakuji/check/loto/backnumber/detail.html?fromto=1481_1500&type=loto6,2026-05-20 04:28:21
1486,2020-05-28,Thu,18,24,29,33,39,42,34,185,3,3,0,3,3,3,0,https://www.mizuhobank.co.jp/takarakuji/check/loto/backnumber/detail.html?fromto=1481_1500&type=loto6,2026-05-20 04:28:21
1487,2020-06-01,Mon,5,7,9,17,24,35,36,97,5,1,3,2,1,1,0,https://www.mizuhobank.co.jp/takarakuji/check/loto/backnumber/detail.html?fromto=1481_1500&type=loto6,2026-05-20 04:28:21
1488,2020-06-04,Thu,4,10,11,17,34,37,38,113,3,3,3,1,2,2,1,https://www.mizuhobank.co.jp/takarakuji/check/loto/backnumber/detail.html?fromto=1481_1500&type=loto6,2026-05-20 04:28:21
1489,2020-06-08,Mon,4,6,11,13,23,32,1,89,3,3,4,1,1,1,0,https://www.mizuhobank.co.jp/takarakuji/check/loto/backnumber/detail.html?fromto=1481_1500&type=loto6,2026-05-20 04:28:21
1490,2020-06-11,Thu,7,19,24,29,39,43,11,161,5,1,1,3,2,2,0,https://www.mizuhobank.co.jp/takarakuji/check/loto/backnumber/detail.html?fromto=1481_1500&type=loto6,2026-05-20 04:28:21
1491,2020-06-15,Mon,8,11,23,31,34,37,1,144,4,2,2,1,3,2,0,https://www.mizuhobank.co.jp/takarakuji/check/loto/backnumber/detail.html?fromto=1481_1500&type=loto6,2026-05-20 04:28:21
1492,2020-06-18,Thu,4,16,18,32,38,42,36,150,0,6,1,2,3,3,0,https://www.mizuhobank.co.jp/takarakuji/check/loto/backnumber/detail.html?fromto=1481_1500&type=loto6,2026-05-20 04:28:21
1493,2020-06-22,Mon,11,18,24,27,37,38,15,155,3,3,1,3,2,2,1,https://www.mizuhobank.co.jp/takarakuji/check/loto/backnumber/detail.html?fromto=1481_1500&type=loto6,2026-05-20 04:28:21
1494,2020-06-25,Thu,8,15,17,24,26,38,27,128,2,4,1,4,1,1,0,https://www.mizuhobank.co.jp/takarakuji/check/loto/backnumber/detail.html?fromto=1481_1500&type=loto6,2026-05-20 04:28:21
1495,2020-06-29,Mon,18,24,32,34,37,41,22,186,2,4,0,2,4,4,0,https://www.mizuhobank.co.jp/takarakuji/check/loto/backnumber/detail.html?fromto=1481_1500&type=loto6,2026-05-20 04:28:21
1496,2020-07-02,Thu,5,9,13,16,17,34,37,94,4,2,3,2,1,1,1,https://www.mizuhobank.co.jp/takarakuji/check/loto/backnumber/detail.html?fromto=1481_1500&type=loto6,2026-05-20 04:28:21
1497,2020-07-06,Mon,6,22,28,30,35,37,8,158,2,4,1,2,3,2,0,https://www.mizuhobank.co.jp/takarakuji/check/loto/backnumber/detail.html?fromto=1481_1500&type=loto6,2026-05-20 04:28:21
1498,2020-07-09,Thu,1,6,7,9,31,37,43,91,5,1,4,0,2,1,1,https://www.mizuhobank.co.jp/takarakuji/check/loto/backnumber/detail.html?fromto=1481_1500&type=loto6,2026-05-20 04:28:21
1499,2020-07-13,Mon,10,11,27,28,29,37,13,142,4,2,2,3,1,1,3,https://www.mizuhobank.co.jp/takarakuji/check/loto/backnumber/detail.html?fromto=1481_1500&type=loto6,2026-05-20 04:28:21
1500,2020-07-16,Thu,19,21,22,28,29,30,4,149,3,3,0,5,1,0,3,https://www.mizuhobank.co.jp/takarakuji/check/loto/backnumber/detail.html?fromto=1481_1500&type=loto6,2026-05-20 04:28:21
1501,2020-07-20,Mon,6,10,13,25,31,38,15,123,3,3,3,1,2,1,0,https://www.mizuhobank.co.jp/takarakuji/check/loto/backnumber/detail.html?fromto=1501_1520&type=loto6,2026-05-20 04:28:21
1502,2020-07-23,Thu,1,17,25,28,32,42,26,145,3,3,1,3,2,2,0,https://www.mizuhobank.co.jp/takarakuji/check/loto/backnumber/detail.html?fromto=1501_1520&type=loto6,2026-05-20 04:28:21
1503,2020-07-27,Mon,1,8,16,35,40,42,20,142,2,4,2,1,3,3,0,https://www.mizuhobank.co.jp/takarakuji/check/loto/backnumber/detail.html?fromto=1501_1520&type=loto6,2026-05-20 04:28:21
1504,2020-07-30,Thu,5,7,9,21,42,43,35,127,5,1,3,1,2,2,1,https://www.mizuhobank.co.jp/takarakuji/check/loto/backnumber/detail.html?fromto=1501_1520&type=loto6,2026-05-20 04:28:21
1505,2020-08-03,Mon,1,2,14,15,21,34,19,87,3,3,3,2,1,1,2,https://www.mizuhobank.co.jp/takarakuji/check/loto/backnumber/detail.html?fromto=1501_1520&type=loto6,2026-05-20 04:28:21
1506,2020-08-06,Thu,10,12,19,28,35,41,39,145,3,3,2,2,2,2,0,https://www.mizuhobank.co.jp/takarakuji/check/loto/backnumber/detail.html?fromto=1501_1520&type=loto6,2026-05-20 04:28:21
1507,2020-08-10,Mon,19,20,22,30,35,43,29,169,3,3,0,3,3,2,1,https://www.mizuhobank.co.jp/takarakuji/check/loto/backnumber/detail.html?fromto=1501_1520&type=loto6,2026-05-20 04:28:21
1508,2020-08-13,Thu,9,13,28,29,32,40,41,151,3,3,2,2,2,2,1,https://www.mizuhobank.co.jp/takarakuji/check/loto/backnumber/detail.html?fromto=1501_1520&type=loto6,2026-05-20 04:28:21
1509,2020-08-17,Mon,6,11,12,34,36,41,43,140,2,4,3,0,3,3,1,https://www.mizuhobank.co.jp/takarakuji/check/loto/backnumber/detail.html?fromto=1501_1520&type=loto6,2026-05-20 04:28:21
1510,2020-08-20,Thu,8,13,17,18,21,38,23,115,3,3,2,3,1,1,1,https://www.mizuhobank.co.jp/takarakuji/check/loto/backnumber/detail.html?fromto=1501_1520&type=loto6,2026-05-20 04:28:21
1511,2020-08-24,Mon,11,16,22,24,38,40,6,151,1,5,1,3,2,2,0,https://www.mizuhobank.co.jp/takarakuji/check/loto/backnumber/detail.html?fromto=1501_1520&type=loto6,2026-05-20 04:28:21
1512,2020-08-27,Thu,1,11,12,24,32,38,39,118,2,4,3,1,2,2,1,https://www.mizuhobank.co.jp/takarakuji/check/loto/backnumber/detail.html?fromto=1501_1520&type=loto6,2026-05-20 04:28:21
1513,2020-08-31,Mon,13,14,18,19,25,42,5,131,3,3,2,3,1,1,2,https://www.mizuhobank.co.jp/takarakuji/check/loto/backnumber/detail.html?fromto=1501_1520&type=loto6,2026-05-20 04:28:21
1514,2020-09-03,Thu,11,16,22,29,37,43,14,158,4,2,1,3,2,2,0,https://www.mizuhobank.co.jp/takarakuji/check/loto/backnumber/detail.html?fromto=1501_1520&type=loto6,2026-05-20 04:28:21
1515,2020-09-07,Mon,5,9,17,21,27,29,30,108,6,0,2,4,0,0,0,https://www.mizuhobank.co.jp/takarakuji/check/loto/backnumber/detail.html?fromto=1501_1520&type=loto6,2026-05-20 04:28:21
1516,2020-09-10,Thu,25,32,34,37,41,42,28,211,3,3,0,1,5,5,1,https://www.mizuhobank.co.jp/takarakuji/check/loto/backnumber/detail.html?fromto=1501_1520&type=loto6,2026-05-20 04:28:21
1517,2020-09-14,Mon,14,25,27,30,39,41,8,176,4,2,1,2,3,2,0,https://www.mizuhobank.co.jp/takarakuji/check/loto/backnumber/detail.html?fromto=1501_1520&type=loto6,2026-05-20 04:28:21
1518,2020-09-17,Thu,6,15,16,22,36,41,20,136,2,4,1,3,2,2,1,https://www.mizuhobank.co.jp/takarakuji/check/loto/backnumber/detail.html?fromto=1501_1520&type=loto6,2026-05-20 04:28:21
1519,2020-09-21,Mon,5,8,20,21,27,43,9,124,4,2,2,3,1,1,1,https://www.mizuhobank.co.jp/takarakuji/check/loto/backnumber/detail.html?fromto=1501_1520&type=loto6,2026-05-20 04:28:21
1520,2020-09-24,Thu,1,6,11,13,30,33,4,94,4,2,4,0,2,1,0,https://www.mizuhobank.co.jp/takarakuji/check/loto/backnumber/detail.html?fromto=1501_1520&type=loto6,2026-05-20 04:28:21
1521,2020-09-28,Mon,17,21,22,40,41,42,13,183,3,3,0,3,3,3,3,https://www.mizuhobank.co.jp/takarakuji/check/loto/backnumber/detail.html?fromto=1521_1540&type=loto6,2026-05-20 04:28:21
1522,2020-10-01,Thu,5,17,21,22,32,35,41,132,4,2,1,3,2,2,1,https://www.mizuhobank.co.jp/takarakuji/check/loto/backnumber/detail.html?fromto=1521_1540&type=loto6,2026-05-20 04:28:21
1523,2020-10-05,Mon,2,15,17,25,34,38,27,131,3,3,1,3,2,2,0,https://www.mizuhobank.co.jp/takarakuji/check/loto/backnumber/detail.html?fromto=1521_1540&type=loto6,2026-05-20 04:28:21
1524,2020-10-08,Thu,2,3,15,24,30,43,39,117,3,3,2,2,2,1,1,https://www.mizuhobank.co.jp/takarakuji/check/loto/backnumber/detail.html?fromto=1521_1540&type=loto6,2026-05-20 04:28:21
1525,2020-10-12,Mon,3,7,20,21,28,32,24,111,3,3,2,3,1,1,1,https://www.mizuhobank.co.jp/takarakuji/check/loto/backnumber/detail.html?fromto=1521_1540&type=loto6,2026-05-20 04:28:21
1526,2020-10-15,Thu,4,17,19,21,39,41,36,141,5,1,1,3,2,2,0,https://www.mizuhobank.co.jp/takarakuji/check/loto/backnumber/detail.html?fromto=1521_1540&type=loto6,2026-05-20 04:28:21
1527,2020-10-19,Mon,2,5,9,11,27,32,33,86,4,2,4,1,1,1,0,https://www.mizuhobank.co.jp/takarakuji/check/loto/backnumber/detail.html?fromto=1521_1540&type=loto6,2026-05-20 04:28:21
1528,2020-10-22,Thu,1,14,17,34,35,37,16,138,4,2,2,1,3,3,1,https://www.mizuhobank.co.jp/takarakuji/check/loto/backnumber/detail.html?fromto=1521_1540&type=loto6,2026-05-20 04:28:21
1529,2020-10-26,Mon,3,19,26,28,33,40,1,149,3,3,1,3,2,2,0,https://www.mizuhobank.co.jp/takarakuji/check/loto/backnumber/detail.html?fromto=1521_1540&type=loto6,2026-05-20 04:28:21
1530,2020-10-29,Thu,2,5,10,34,37,40,7,128,2,4,3,0,3,3,0,https://www.mizuhobank.co.jp/takarakuji/check/loto/backnumber/detail.html?fromto=1521_1540&type=loto6,2026-05-20 04:28:21
1531,2020-11-02,Mon,2,6,7,10,30,33,14,88,2,4,4,0,2,1,1,https://www.mizuhobank.co.jp/takarakuji/check/loto/backnumber/detail.html?fromto=1521_1540&type=loto6,2026-05-20 04:28:21
1532,2020-11-05,Thu,2,9,14,16,17,21,34,79,3,3,3,3,0,0,1,https://www.mizuhobank.co.jp/takarakuji/check/loto/backnumber/detail.html?fromto=1521_1540&type=loto6,2026-05-20 04:28:21
1533,2020-11-09,Mon,15,22,27,37,38,41,5,180,4,2,0,3,3,3,1,https://www.mizuhobank.co.jp/takarakuji/check/loto/backnumber/detail.html?fromto=1521_1540&type=loto6,2026-05-20 04:28:21
1534,2020-11-12,Thu,1,9,18,22,24,43,39,117,3,3,2,3,1,1,0,https://www.mizuhobank.co.jp/takarakuji/check/loto/backnumber/detail.html?fromto=1521_1540&type=loto6,2026-05-20 04:28:21
1535,2020-11-16,Mon,1,9,14,30,35,38,32,127,3,3,3,0,3,2,0,https://www.mizuhobank.co.jp/takarakuji/check/loto/backnumber/detail.html?fromto=1521_1540&type=loto6,2026-05-20 04:28:21
1536,2020-11-19,Thu,2,5,9,30,37,40,28,123,3,3,3,0,3,2,0,https://www.mizuhobank.co.jp/takarakuji/check/loto/backnumber/detail.html?fromto=1521_1540&type=loto6,2026-05-20 04:28:21
1537,2020-11-23,Mon,6,13,14,32,33,37,20,135,3,3,3,0,3,3,2,https://www.mizuhobank.co.jp/takarakuji/check/loto/backnumber/detail.html?fromto=1521_1540&type=loto6,2026-05-20 04:28:21
1538,2020-11-26,Thu,8,14,19,33,35,40,38,149,3,3,2,1,3,3,0,https://www.mizuhobank.co.jp/takarakuji/check/loto/backnumber/detail.html?fromto=1521_1540&type=loto6,2026-05-20 04:28:21
1539,2020-11-30,Mon,13,29,33,37,41,42,43,195,5,1,1,1,4,4,1,https://www.mizuhobank.co.jp/takarakuji/check/loto/backnumber/detail.html?fromto=1521_1540&type=loto6,2026-05-20 04:28:21
1540,2020-12-03,Thu,1,20,25,28,33,37,31,144,4,2,1,3,2,2,0,https://www.mizuhobank.co.jp/takarakuji/check/loto/backnumber/detail.html?fromto=1521_1540&type=loto6,2026-05-20 04:28:21
1541,2020-12-07,Mon,12,26,28,32,33,35,41,166,2,4,1,2,3,3,1,https://www.mizuhobank.co.jp/takarakuji/check/loto/backnumber/detail.html?fromto=1541_1560&type=loto6,2026-05-20 04:28:21
1542,2020-12-10,Thu,11,12,16,17,20,36,18,112,2,4,2,3,1,1,2,https://www.mizuhobank.co.jp/takarakuji/check/loto/backnumber/detail.html?fromto=1541_1560&type=loto6,2026-05-20 04:28:21
1543,2020-12-14,Mon,17,21,26,33,36,38,34,171,3,3,0,3,3,3,0,https://www.mizuhobank.co.jp/takarakuji/check/loto/backnumber/detail.html?fromto=1541_1560&type=loto6,2026-05-20 04:28:21
1544,2020-12-17,Thu,3,11,25,26,39,42,34,146,4,2,2,2,2,2,1,https://www.mizuhobank.co.jp/takarakuji/check/loto/backnumber/detail.html?fromto=1541_1560&type=loto6,2026-05-20 04:28:21
1545,2020-12-21,Mon,8,14,15,26,37,43,12,143,3,3,2,2,2,2,1,https://www.mizuhobank.co.jp/takarakuji/check/loto/backnumber/detail.html?fromto=1541_1560&type=loto6,2026-05-20 04:28:21
1546,2020-12-24,Thu,1,18,19,24,31,40,16,133,3,3,1,3,2,1,1,https://www.mizuhobank.co.jp/takarakuji/check/loto/backnumber/detail.html?fromto=1541_1560&type=loto6,2026-05-20 04:28:21
1547,2020-12-28,Mon,4,11,14,17,22,39,21,107,3,3,3,2,1,1,0,https://www.mizuhobank.co.jp/takarakuji/check/loto/backnumber/detail.html?fromto=1541_1560&type=loto6,2026-05-20 04:28:21
1548,2021-01-04,Mon,18,24,26,35,39,42,32,184,2,4,0,3,3,3,0,https://www.mizuhobank.co.jp/takarakuji/check/loto/backnumber/detail.html?fromto=1541_1560&type=loto6,2026-05-20 04:28:21
1549,2021-01-07,Thu,4,5,27,28,35,41,33,140,4,2,2,2,2,2,2,https://www.mizuhobank.co.jp/takarakuji/check/loto/backnumber/detail.html?fromto=1541_1560&type=loto6,2026-05-20 04:28:21
1550,2021-01-11,Mon,8,11,22,32,37,42,41,152,2,4,2,1,3,3,0,https://www.mizuhobank.co.jp/takarakuji/check/loto/backnumber/detail.html?fromto=1541_1560&type=loto6,2026-05-20 04:28:21
1551,2021-01-14,Thu,3,14,18,24,38,43,23,140,2,4,2,2,2,2,0,https://www.mizuhobank.co.jp/takarakuji/check/loto/backnumber/detail.html?fromto=1541_1560&type=loto6,2026-05-20 04:28:21
1552,2021-01-18,Mon,5,9,15,30,32,39,11,130,4,2,2,1,3,2,0,https://www.mizuhobank.co.jp/takarakuji/check/loto/backnumber/detail.html?fromto=1541_1560&type=loto6,2026-05-20 04:28:21
1553,2021-01-21,Thu,7,8,16,32,41,42,31,146,2,4,2,1,3,3,2,https://www.mizuhobank.co.jp/takarakuji/check/loto/backnumber/detail.html?fromto=1541_1560&type=loto6,2026-05-20 04:28:21
1554,2021-01-25,Mon,6,14,16,27,40,42,26,145,1,5,2,2,2,2,0,https://www.mizuhobank.co.jp/takarakuji/check/loto/backnumber/detail.html?fromto=1541_1560&type=loto6,2026-05-20 04:28:21
1555,2021-01-28,Thu,2,8,17,23,24,27,5,101,3,3,2,4,0,0,1,https://www.mizuhobank.co.jp/takarakuji/check/loto/backnumber/detail.html?fromto=1541_1560&type=loto6,2026-05-20 04:28:21
1556,2021-02-01,Mon,10,19,28,30,38,42,18,167,1,5,1,2,3,2,0,https://www.mizuhobank.co.jp/takarakuji/check/loto/backnumber/detail.html?fromto=1541_1560&type=loto6,2026-05-20 04:28:21
1557,2021-02-04,Thu,5,21,22,23,26,39,31,136,4,2,1,4,1,1,2,https://www.mizuhobank.co.jp/takarakuji/check/loto/backnumber/detail.html?fromto=1541_1560&type=loto6,2026-05-20 04:28:21
1558,2021-02-08,Mon,1,12,25,27,39,42,16,146,4,2,2,2,2,2,0,https://www.mizuhobank.co.jp/takarakuji/check/loto/backnumber/detail.html?fromto=1541_1560&type=loto6,2026-05-20 04:28:21
1559,2021-02-11,Thu,4,15,17,20,26,31,43,113,3,3,1,4,1,0,0,https://www.mizuhobank.co.jp/takarakuji/check/loto/backnumber/detail.html?fromto=1541_1560&type=loto6,2026-05-20 04:28:21
1560,2021-02-15,Mon,7,19,24,32,40,42,22,164,2,4,1,2,3,3,0,https://www.mizuhobank.co.jp/takarakuji/check/loto/backnumber/detail.html?fromto=1541_1560&type=loto6,2026-05-20 04:28:21
1561,2021-02-18,Thu,12,15,26,34,35,38,7,160,2,4,1,2,3,3,1,https://www.mizuhobank.co.jp/takarakuji/check/loto/backnumber/detail.html?fromto=1561_1580&type=loto6,2026-05-20 04:28:21
1562,2021-02-22,Mon,2,4,15,16,26,33,25,96,2,4,2,3,1,1,1,https://www.mizuhobank.co.jp/takarakuji/check/loto/backnumber/detail.html?fromto=1561_1580&type=loto6,2026-05-20 04:28:21
1563,2021-02-25,Thu,1,12,20,26,35,37,2,131,3,3,2,2,2,2,0,https://www.mizuhobank.co.jp/takarakuji/check/loto/backnumber/detail.html?fromto=1561_1580&type=loto6,2026-05-20 04:28:21
1564,2021-03-01,Mon,5,6,18,20,27,37,7,113,3,3,2,3,1,1,1,https://www.mizuhobank.co.jp/takarakuji/check/loto/backnumber/detail.html?fromto=1561_1580&type=loto6,2026-05-20 04:28:21
1565,2021-03-04,Thu,5,9,17,28,30,37,27,126,4,2,2,2,2,1,0,https://www.mizuhobank.co.jp/takarakuji/check/loto/backnumber/detail.html?fromto=1561_1580&type=loto6,2026-05-20 04:28:21
1566,2021-03-08,Mon,12,13,20,24,30,35,34,134,2,4,2,2,2,1,1,https://www.mizuhobank.co.jp/takarakuji/check/loto/backnumber/detail.html?fromto=1561_1580&type=loto6,2026-05-20 04:28:21
1567,2021-03-11,Thu,5,7,19,26,37,40,34,134,4,2,2,2,2,2,0,https://www.mizuhobank.co.jp/takarakuji/check/loto/backnumber/detail.html?fromto=1561_1580&type=loto6,2026-05-20 04:28:21
1568,2021-03-15,Mon,2,5,7,10,16,34,14,74,2,4,4,1,1,1,0,https://www.mizuhobank.co.jp/takarakuji/check/loto/backnumber/detail.html?fromto=1561_1580&type=loto6,2026-05-20 04:28:21
1569,2021-03-18,Thu,2,8,29,31,32,33,16,135,3,3,2,1,3,2,2,https://www.mizuhobank.co.jp/takarakuji/check/loto/backnumber/detail.html?fromto=1561_1580&type=loto6,2026-05-20 04:28:21
1570,2021-03-22,Mon,1,19,22,23,31,36,24,132,4,2,1,3,2,1,1,https://www.mizuhobank.co.jp/takarakuji/check/loto/backnumber/detail.html?fromto=1561_1580&type=loto6,2026-05-20 04:28:21
1571,2021-03-25,Thu,1,2,5,25,40,41,26,114,4,2,3,1,2,2,2,https://www.mizuhobank.co.jp/takarakuji/check/loto/backnumber/detail.html?fromto=1561_1580&type=loto6,2026-05-20 04:28:21
1572,2021-03-29,Mon,4,6,10,19,28,38,40,105,1,5,3,2,1,1,0,https://www.mizuhobank.co.jp/takarakuji/check/loto/backnumber/detail.html?fromto=1561_1580&type=loto6,2026-05-20 04:28:21
1573,2021-04-01,Thu,2,10,16,38,39,43,11,148,2,4,2,1,3,3,1,https://www.mizuhobank.co.jp/takarakuji/check/loto/backnumber/detail.html?fromto=1561_1580&type=loto6,2026-05-20 04:28:21
1574,2021-04-05,Mon,1,2,3,20,31,32,13,89,3,3,3,1,2,1,3,https://www.mizuhobank.co.jp/takarakuji/check/loto/backnumber/detail.html?fromto=1561_1580&type=loto6,2026-05-20 04:28:21
1575,2021-04-08,Thu,2,8,15,24,32,39,9,120,2,4,2,2,2,2,0,https://www.mizuhobank.co.jp/takarakuji/check/loto/backnumber/detail.html?fromto=1561_1580&type=loto6,2026-05-20 04:28:21
1576,2021-04-12,Mon,5,7,10,17,29,32,37,100,4,2,3,2,1,1,0,https://www.mizuhobank.co.jp/takarakuji/check/loto/backnumber/detail.html?fromto=1561_1580&type=loto6,2026-05-20 04:28:21
1577,2021-04-15,Thu,13,14,15,28,37,39,4,146,4,2,2,2,2,2,2,https://www.mizuhobank.co.jp/takarakuji/check/loto/backnumber/detail.html?fromto=1561_1580&type=loto6,2026-05-20 04:28:21
1578,2021-04-19,Mon,3,15,17,19,21,34,4,109,5,1,1,4,1,1,0,https://www.mizuhobank.co.jp/takarakuji/check/loto/backnumber/detail.html?fromto=1561_1580&type=loto6,2026-05-20 04:28:21
1579,2021-04-22,Thu,23,29,32,33,37,42,1,196,4,2,0,2,4,4,1,https://www.mizuhobank.co.jp/takarakuji/check/loto/backnumber/detail.html?fromto=1561_1580&type=loto6,2026-05-20 04:28:21
1580,2021-04-26,Mon,5,7,11,12,24,31,3,90,4,2,4,1,1,0,1,https://www.mizuhobank.co.jp/takarakuji/check/loto/backnumber/detail.html?fromto=1561_1580&type=loto6,2026-05-20 04:28:21
1581,2021-04-29,Thu,6,12,30,31,41,43,1,163,3,3,2,0,4,2,1,https://www.mizuhobank.co.jp/takarakuji/check/loto/backnumber/detail.html?fromto=1581_1600&type=loto6,2026-05-20 04:28:21
1582,2021-05-03,Mon,18,32,35,36,39,41,28,201,3,3,0,1,5,5,1,https://www.mizuhobank.co.jp/takarakuji/check/loto/backnumber/detail.html?fromto=1581_1600&type=loto6,2026-05-20 04:28:21
1583,2021-05-06,Thu,5,7,16,34,39,41,29,142,4,2,2,1,3,3,0,https://www.mizuhobank.co.jp/takarakuji/check/loto/backnumber/detail.html?fromto=1581_1600&type=loto6,2026-05-20 04:28:21
1584,2021-05-10,Mon,13,15,18,30,37,43,9,156,4,2,1,2,3,2,0,https://www.mizuhobank.co.jp/takarakuji/check/loto/backnumber/detail.html?fromto=1581_1600&type=loto6,2026-05-20 04:28:21
1585,2021-05-13,Thu,2,6,10,13,16,32,9,79,1,5,4,1,1,1,0,https://www.mizuhobank.co.jp/takarakuji/check/loto/backnumber/detail.html?fromto=1581_1600&type=loto6,2026-05-20 04:28:21
1586,2021-05-17,Mon,2,13,19,27,40,42,14,143,3,3,2,2,2,2,0,https://www.mizuhobank.co.jp/takarakuji/check/loto/backnumber/detail.html?fromto=1581_1600&type=loto6,2026-05-20 04:28:21
1587,2021-05-20,Thu,16,21,22,27,36,43,37,165,3,3,0,4,2,2,1,https://www.mizuhobank.co.jp/takarakuji/check/loto/backnumber/detail.html?fromto=1581_1600&type=loto6,2026-05-20 04:28:21
1588,2021-05-24,Mon,6,16,27,31,32,34,11,146,2,4,1,2,3,2,1,https://www.mizuhobank.co.jp/takarakuji/check/loto/backnumber/detail.html?fromto=1581_1600&type=loto6,2026-05-20 04:28:21
1589,2021-05-27,Thu,11,21,25,31,36,39,32,163,5,1,1,2,3,2,0,https://www.mizuhobank.co.jp/takarakuji/check/loto/backnumber/detail.html?fromto=1581_1600&type=loto6,2026-05-20 04:28:21
1590,2021-05-31,Mon,10,12,15,29,33,42,17,141,3,3,2,2,2,2,0,https://www.mizuhobank.co.jp/takarakuji/check/loto/backnumber/detail.html?fromto=1581_1600&type=loto6,2026-05-20 04:28:21
1591,2021-06-03,Thu,7,9,18,21,26,43,14,124,4,2,2,3,1,1,0,https://www.mizuhobank.co.jp/takarakuji/check/loto/backnumber/detail.html?fromto=1581_1600&type=loto6,2026-05-20 04:28:21
1592,2021-06-07,Mon,4,16,25,30,36,43,19,154,2,4,1,2,3,2,0,https://www.mizuhobank.co.jp/takarakuji/check/loto/backnumber/detail.html?fromto=1581_1600&type=loto6,2026-05-20 04:28:21
1593,2021-06-10,Thu,6,17,18,35,37,38,16,151,3,3,1,2,3,3,2,https://www.mizuhobank.co.jp/takarakuji/check/loto/backnumber/detail.html?fromto=1581_1600&type=loto6,2026-05-20 04:28:21
1594,2021-06-14,Mon,1,5,6,13,34,36,18,95,3,3,4,0,2,2,1,https://www.mizuhobank.co.jp/takarakuji/check/loto/backnumber/detail.html?fromto=1581_1600&type=loto6,2026-05-20 04:28:21
1595,2021-06-17,Thu,16,21,30,32,40,43,15,182,2,4,0,2,4,3,0,https://www.mizuhobank.co.jp/takarakuji/check/loto/backnumber/detail.html?fromto=1581_1600&type=loto6,2026-05-20 04:28:21
1596,2021-06-21,Mon,10,15,30,35,42,43,26,175,3,3,1,1,4,3,1,https://www.mizuhobank.co.jp/takarakuji/check/loto/backnumber/detail.html?fromto=1581_1600&type=loto6,2026-05-20 04:28:21
1597,2021-06-24,Thu,2,3,8,17,23,32,12,85,3,3,3,2,1,1,1,https://www.mizuhobank.co.jp/takarakuji/check/loto/backnumber/detail.html?fromto=1581_1600&type=loto6,2026-05-20 04:28:21
1598,2021-06-28,Mon,9,11,26,28,39,43,1,156,4,2,2,2,2,2,0,https://www.mizuhobank.co.jp/takarakuji/check/loto/backnumber/detail.html?fromto=1581_1600&type=loto6,2026-05-20 04:28:21
1599,2021-07-01,Thu,1,2,20,22,35,38,4,118,2,4,2,2,2,2,1,https://www.mizuhobank.co.jp/takarakuji/check/loto/backnumber/detail.html?fromto=1581_1600&type=loto6,2026-05-20 04:28:21
1600,2021-07-05,Mon,7,14,22,35,37,39,24,154,4,2,2,1,3,3,0,https://www.mizuhobank.co.jp/takarakuji/check/loto/backnumber/detail.html?fromto=1581_1600&type=loto6,2026-05-20 04:28:21
1601,2021-07-08,Thu,6,13,17,18,21,41,37,116,4,2,2,3,1,1,1,https://www.mizuhobank.co.jp/takarakuji/check/loto/backnumber/detail.html?fromto=1601_1620&type=loto6,2026-05-20 04:28:21
1602,2021-07-12,Mon,1,2,7,14,32,42,33,98,2,4,4,0,2,2,1,https://www.mizuhobank.co.jp/takarakuji/check/loto/backnumber/detail.html?fromto=1601_1620&type=loto6,2026-05-20 04:28:21
1603,2021-07-15,Thu,4,6,32,35,40,42,26,159,1,5,2,0,4,4,0,https://www.mizuhobank.co.jp/takarakuji/check/loto/backnumber/detail.html?fromto=1601_1620&type=loto6,2026-05-20 04:28:21
1604,2021-07-19,Mon,12,21,23,36,37,38,6,167,3,3,1,2,3,3,2,https://www.mizuhobank.co.jp/takarakuji/check/loto/backnumber/detail.html?fromto=1601_1620&type=loto6,2026-05-20 04:28:21
1605,2021-07-22,Thu,2,5,8,20,29,40,6,104,2,4,3,2,1,1,0,https://www.mizuhobank.co.jp/takarakuji/check/loto/backnumber/detail.html?fromto=1601_1620&type=loto6,2026-05-20 04:28:21
1606,2021-07-26,Mon,18,23,25,26,32,34,43,158,2,4,0,4,2,2,1,https://www.mizuhobank.co.jp/takarakuji/check/loto/backnumber/detail.html?fromto=1601_1620&type=loto6,2026-05-20 04:28:21
1607,2021-07-29,Thu,10,13,14,15,17,22,40,91,3,3,3,3,0,0,2,https://www.mizuhobank.co.jp/takarakuji/check/loto/backnumber/detail.html?fromto=1601_1620&type=loto6,2026-05-20 04:28:21
1608,2021-08-02,Mon,10,18,22,23,25,35,19,133,3,3,1,4,1,1,1,https://www.mizuhobank.co.jp/takarakuji/check/loto/backnumber/detail.html?fromto=1601_1620&type=loto6,2026-05-20 04:28:21
1609,2021-08-05,Thu,4,12,16,34,35,41,5,142,2,4,2,1,3,3,1,https://www.mizuhobank.co.jp/takarakuji/check/loto/backnumber/detail.html?fromto=1601_1620&type=loto6,2026-05-20 04:28:21
1610,2021-08-09,Mon,1,8,13,22,41,42,40,127,3,3,3,1,2,2,1,https://www.mizuhobank.co.jp/takarakuji/check/loto/backnumber/detail.html?fromto=1601_1620&type=loto6,2026-05-20 04:28:21
1611,2021-08-12,Thu,3,14,16,24,32,36,34,125,1,5,2,2,2,2,0,https://www.mizuhobank.co.jp/takarakuji/check/loto/backnumber/detail.html?fromto=1601_1620&type=loto6,2026-05-20 04:28:21
1612,2021-08-16,Mon,5,8,12,16,27,38,42,106,2,4,3,2,1,1,0,https://www.mizuhobank.co.jp/takarakuji/check/loto/backnumber/detail.html?fromto=1601_1620&type=loto6,2026-05-20 04:28:21
1613,2021-08-19,Thu,9,17,22,25,30,41,15,144,4,2,1,3,2,1,0,https://www.mizuhobank.co.jp/takarakuji/check/loto/backnumber/detail.html?fromto=1601_1620&type=loto6,2026-05-20 04:28:21
1614,2021-08-23,Mon,4,5,20,29,40,43,24,141,3,3,2,2,2,2,1,https://www.mizuhobank.co.jp/takarakuji/check/loto/backnumber/detail.html?fromto=1601_1620&type=loto6,2026-05-20 04:28:21
1615,2021-08-26,Thu,2,5,6,13,19,29,25,74,4,2,4,2,0,0,1,https://www.mizuhobank.co.jp/takarakuji/check/loto/backnumber/detail.html?fromto=1601_1620&type=loto6,2026-05-20 04:28:21
1616,2021-08-30,Mon,1,4,6,21,34,41,12,107,3,3,3,1,2,2,0,https://www.mizuhobank.co.jp/takarakuji/check/loto/backnumber/detail.html?fromto=1601_1620&type=loto6,2026-05-20 04:28:21
1617,2021-09-02,Thu,2,19,21,24,26,41,23,133,3,3,1,4,1,1,0,https://www.mizuhobank.co.jp/takarakuji/check/loto/backnumber/detail.html?fromto=1601_1620&type=loto6,2026-05-20 04:28:21
1618,2021-09-06,Mon,2,10,14,17,37,43,38,123,3,3,3,1,2,2,0,https://www.mizuhobank.co.jp/takarakuji/check/loto/backnumber/detail.html?fromto=1601_1620&type=loto6,2026-05-20 04:28:21
1619,2021-09-09,Thu,3,5,17,20,24,38,13,107,3,3,2,3,1,1,0,https://www.mizuhobank.co.jp/takarakuji/check/loto/backnumber/detail.html?fromto=1601_1620&type=loto6,2026-05-20 04:28:21
1620,2021-09-13,Mon,7,15,19,24,25,28,11,118,4,2,1,5,0,0,1,https://www.mizuhobank.co.jp/takarakuji/check/loto/backnumber/detail.html?fromto=1601_1620&type=loto6,2026-05-20 04:28:21
1621,2021-09-16,Thu,3,10,22,23,26,39,1,123,3,3,2,3,1,1,1,https://www.mizuhobank.co.jp/takarakuji/check/loto/backnumber/detail.html?fromto=1621_1640&type=loto6,2026-05-20 04:28:21
1622,2021-09-20,Mon,16,29,34,35,40,41,26,195,3,3,0,2,4,4,2,https://www.mizuhobank.co.jp/takarakuji/check/loto/backnumber/detail.html?fromto=1621_1640&type=loto6,2026-05-20 04:28:21
1623,2021-09-23,Thu,7,12,15,17,19,29,22,99,5,1,2,4,0,0,0,https://www.mizuhobank.co.jp/takarakuji/check/loto/backnumber/detail.html?fromto=1621_1640&type=loto6,2026-05-20 04:28:21
1624,2021-09-27,Mon,3,5,17,25,33,39,19,122,6,0,2,2,2,2,0,https://www.mizuhobank.co.jp/takarakuji/check/loto/backnumber/detail.html?fromto=1621_1640&type=loto6,2026-05-20 04:28:21
1625,2021-09-30,Thu,1,4,8,11,30,42,9,96,2,4,4,0,2,1,0,https://www.mizuhobank.co.jp/takarakuji/check/loto/backnumber/detail.html?fromto=1621_1640&type=loto6,2026-05-20 04:28:21
1626,2021-10-04,Mon,9,11,19,23,30,43,27,135,5,1,2,2,2,1,0,https://www.mizuhobank.co.jp/takarakuji/check/loto/backnumber/detail.html?fromto=1621_1640&type=loto6,2026-05-20 04:28:21
1627,2021-10-07,Thu,21,22,23,26,36,38,13,166,2,4,0,4,2,2,2,https://www.mizuhobank.co.jp/takarakuji/check/loto/backnumber/detail.html?fromto=1621_1640&type=loto6,2026-05-20 04:28:21
1628,2021-10-11,Mon,1,3,10,12,26,42,13,94,2,4,4,1,1,1,0,https://www.mizuhobank.co.jp/takarakuji/check/loto/backnumber/detail.html?fromto=1621_1640&type=loto6,2026-05-20 04:28:21
1629,2021-10-14,Thu,19,23,30,31,32,40,13,175,3,3,0,2,4,2,2,https://www.mizuhobank.co.jp/takarakuji/check/loto/backnumber/detail.html?fromto=1621_1640&type=loto6,2026-05-20 04:28:21
1630,2021-10-18,Mon,10,11,24,33,34,36,42,148,2,4,2,1,3,3,2,https://www.mizuhobank.co.jp/takarakuji/check/loto/backnumber/detail.html?fromto=1621_1640&type=loto6,2026-05-20 04:28:21
1631,2021-10-21,Thu,7,15,23,26,30,35,36,136,4,2,1,3,2,1,0,https://www.mizuhobank.co.jp/takarakuji/check/loto/backnumber/detail.html?fromto=1621_1640&type=loto6,2026-05-20 04:28:21
1632,2021-10-25,Mon,1,9,24,28,31,41,2,134,4,2,2,2,2,1,0,https://www.mizuhobank.co.jp/takarakuji/check/loto/backnumber/detail.html?fromto=1621_1640&type=loto6,2026-05-20 04:28:21
1633,2021-10-28,Thu,3,7,9,26,35,36,28,116,4,2,3,1,2,2,1,https://www.mizuhobank.co.jp/takarakuji/check/loto/backnumber/detail.html?fromto=1621_1640&type=loto6,2026-05-20 04:28:21
1634,2021-11-01,Mon,18,19,20,23,29,35,17,144,4,2,0,5,1,1,2,https://www.mizuhobank.co.jp/takarakuji/check/loto/backnumber/detail.html?fromto=1621_1640&type=loto6,2026-05-20 04:28:21
1635,2021-11-04,Thu,4,8,19,32,36,43,30,142,2,4,2,1,3,3,0,https://www.mizuhobank.co.jp/takarakuji/check/loto/backnumber/detail.html?fromto=1621_1640&type=loto6,2026-05-20 04:28:21
1636,2021-11-08,Mon,1,12,24,26,30,36,29,129,1,5,2,2,2,1,0,https://www.mizuhobank.co.jp/takarakuji/check/loto/backnumber/detail.html?fromto=1621_1640&type=loto6,2026-05-20 04:28:21
1637,2021-11-11,Thu,2,3,11,16,27,36,29,95,3,3,3,2,1,1,1,https://www.mizuhobank.co.jp/takarakuji/check/loto/backnumber/detail.html?fromto=1621_1640&type=loto6,2026-05-20 04:28:21
1638,2021-11-15,Mon,21,25,26,35,39,40,18,186,4,2,0,3,3,3,2,https://www.mizuhobank.co.jp/takarakuji/check/loto/backnumber/detail.html?fromto=1621_1640&type=loto6,2026-05-20 04:28:21
1639,2021-11-18,Thu,5,9,13,20,26,32,28,105,3,3,3,2,1,1,0,https://www.mizuhobank.co.jp/takarakuji/check/loto/backnumber/detail.html?fromto=1621_1640&type=loto6,2026-05-20 04:28:21
1640,2021-11-22,Mon,8,9,19,21,27,30,17,114,4,2,2,3,1,0,1,https://www.mizuhobank.co.jp/takarakuji/check/loto/backnumber/detail.html?fromto=1621_1640&type=loto6,2026-05-20 04:28:21
1641,2021-11-25,Thu,2,5,7,12,16,20,33,62,2,4,4,2,0,0,0,https://www.mizuhobank.co.jp/takarakuji/check/loto/backnumber/detail.html?fromto=1641_1660&type=loto6,2026-05-20 04:28:21
1642,2021-11-29,Mon,5,15,16,24,34,39,13,133,3,3,1,3,2,2,1,https://www.mizuhobank.co.jp/takarakuji/check/loto/backnumber/detail.html?fromto=1641_1660&type=loto6,2026-05-20 04:28:21
1643,2021-12-02,Thu,10,11,12,15,16,40,33,104,2,4,3,2,1,1,3,https://www.mizuhobank.co.jp/takarakuji/check/loto/backnumber/detail.html?fromto=1641_1660&type=loto6,2026-05-20 04:28:21
1644,2021-12-06,Mon,1,9,14,28,32,40,15,124,2,4,3,1,2,2,0,https://www.mizuhobank.co.jp/takarakuji/check/loto/backnumber/detail.html?fromto=1641_1660&type=loto6,2026-05-20 04:28:21
1645,2021-12-09,Thu,2,8,13,14,33,40,6,110,2,4,4,0,2,2,1,https://www.mizuhobank.co.jp/takarakuji/check/loto/backnumber/detail.html?fromto=1641_1660&type=loto6,2026-05-20 04:28:21
1646,2021-12-13,Mon,3,19,21,29,39,43,25,154,6,0,1,3,2,2,0,https://www.mizuhobank.co.jp/takarakuji/check/loto/backnumber/detail.html?fromto=1641_1660&type=loto6,2026-05-20 04:28:21
1647,2021-12-16,Thu,3,8,14,15,19,35,12,94,4,2,3,2,1,1,1,https://www.mizuhobank.co.jp/takarakuji/check/loto/backnumber/detail.html?fromto=1641_1660&type=loto6,2026-05-20 04:28:21
1648,2021-12-20,Mon,2,3,22,26,35,42,38,130,2,4,2,2,2,2,1,https://www.mizuhobank.co.jp/takarakuji/check/loto/backnumber/detail.html?fromto=1641_1660&type=loto6,2026-05-20 04:28:21
1649,2021-12-23,Thu,8,16,19,23,29,41,1,136,4,2,1,4,1,1,0,https://www.mizuhobank.co.jp/takarakuji/check/loto/backnumber/detail.html?fromto=1641_1660&type=loto6,2026-05-20 04:28:21
1650,2021-12-27,Mon,1,3,15,33,39,43,30,134,6,0,2,1,3,3,0,https://www.mizuhobank.co.jp/takarakuji/check/loto/backnumber/detail.html?fromto=1641_1660&type=loto6,2026-05-20 04:28:21
1651,2021-12-30,Thu,7,12,15,21,27,32,28,114,4,2,2,3,1,1,0,https://www.mizuhobank.co.jp/takarakuji/check/loto/backnumber/detail.html?fromto=1641_1660&type=loto6,2026-05-20 04:28:21
1652,2022-01-06,Thu,8,15,16,23,38,43,2,143,3,3,1,3,2,2,1,https://www.mizuhobank.co.jp/takarakuji/check/loto/backnumber/detail.html?fromto=1641_1660&type=loto6,2026-05-20 04:28:21
1653,2022-01-10,Mon,2,7,10,12,29,36,6,96,2,4,4,1,1,1,0,https://www.mizuhobank.co.jp/takarakuji/check/loto/backnumber/detail.html?fromto=1641_1660&type=loto6,2026-05-20 04:28:21
1654,2022-01-13,Thu,9,10,14,21,22,33,26,109,3,3,3,2,1,1,2,https://www.mizuhobank.co.jp/takarakuji/check/loto/backnumber/detail.html?fromto=1641_1660&type=loto6,2026-05-20 04:28:21
1655,2022-01-17,Mon,21,23,31,38,42,43,40,198,4,2,0,2,4,3,1,https://www.mizuhobank.co.jp/takarakuji/check/loto/backnumber/detail.html?fromto=1641_1660&type=loto6,2026-05-20 04:28:21
1656,2022-01-20,Thu,11,12,14,28,36,38,37,139,1,5,3,1,2,2,1,https://www.mizuhobank.co.jp/takarakuji/check/loto/backnumber/detail.html?fromto=1641_1660&type=loto6,2026-05-20 04:28:21
1657,2022-01-24,Mon,11,13,16,19,20,38,25,117,3,3,2,3,1,1,1,https://www.mizuhobank.co.jp/takarakuji/check/loto/backnumber/detail.html?fromto=1641_1660&type=loto6,2026-05-20 04:28:21
1658,2022-01-27,Thu,10,11,19,29,30,36,37,135,3,3,2,2,2,1,2,https://www.mizuhobank.co.jp/takarakuji/check/loto/backnumber/detail.html?fromto=1641_1660&type=loto6,2026-05-20 04:28:21
1659,2022-01-31,Mon,4,10,23,25,37,42,6,141,3,3,2,2,2,2,0,https://www.mizuhobank.co.jp/takarakuji/check/loto/backnumber/detail.html?fromto=1641_1660&type=loto6,2026-05-20 04:28:21
1660,2022-02-03,Thu,3,13,29,35,42,43,15,165,5,1,2,1,3,3,1,https://www.mizuhobank.co.jp/takarakuji/check/loto/backnumber/detail.html?fromto=1641_1660&type=loto6,2026-05-20 04:28:21
1661,2022-02-07,Mon,6,14,31,35,38,43,12,167,3,3,2,0,4,3,0,https://www.mizuhobank.co.jp/takarakuji/check/loto/backnumber/detail.html?fromto=1661_1680&type=loto6,2026-05-20 04:28:21
1662,2022-02-10,Thu,4,17,18,25,26,27,32,117,3,3,1,5,0,0,3,https://www.mizuhobank.co.jp/takarakuji/check/loto/backnumber/detail.html?fromto=1661_1680&type=loto6,2026-05-20 04:28:21
1663,2022-02-14,Mon,1,6,19,21,27,39,3,113,5,1,2,3,1,1,0,https://www.mizuhobank.co.jp/takarakuji/check/loto/backnumber/detail.html?fromto=1661_1680&type=loto6,2026-05-20 04:28:21
1664,2022-02-17,Thu,7,10,17,20,21,27,15,102,4,2,2,4,0,0,1,https://www.mizuhobank.co.jp/takarakuji/check/loto/backnumber/detail.html?fromto=1661_1680&type=loto6,2026-05-20 04:28:21
1665,2022-02-21,Mon,19,22,24,29,34,41,9,169,3,3,0,4,2,2,0,https://www.mizuhobank.co.jp/takarakuji/check/loto/backnumber/detail.html?fromto=1661_1680&type=loto6,2026-05-20 04:28:21
1666,2022-02-24,Thu,14,16,26,37,41,43,31,177,3,3,1,2,3,3,0,https://www.mizuhobank.co.jp/takarakuji/check/loto/backnumber/detail.html?fromto=1661_1680&type=loto6,2026-05-20 04:28:21
1667,2022-02-28,Mon,5,8,18,25,40,43,17,139,3,3,2,2,2,2,0,https://www.mizuhobank.co.jp/takarakuji/check/loto/backnumber/detail.html?fromto=1661_1680&type=loto6,2026-05-20 04:28:21
1668,2022-03-03,Thu,5,16,21,24,31,34,29,131,3,3,1,3,2,1,0,https://www.mizuhobank.co.jp/takarakuji/check/loto/backnumber/detail.html?fromto=1661_1680&type=loto6,2026-05-20 04:28:21
1669,2022-03-07,Mon,2,4,13,14,22,29,26,84,2,4,4,2,0,0,1,https://www.mizuhobank.co.jp/takarakuji/check/loto/backnumber/detail.html?fromto=1661_1680&type=loto6,2026-05-20 04:28:21
1670,2022-03-10,Thu,1,16,20,23,32,37,18,129,3,3,1,3,2,2,0,https://www.mizuhobank.co.jp/takarakuji/check/loto/backnumber/detail.html?fromto=1661_1680&type=loto6,2026-05-20 04:28:21
1671,2022-03-14,Mon,16,27,37,38,39,43,10,200,4,2,0,2,4,4,2,https://www.mizuhobank.co.jp/takarakuji/check/loto/backnumber/detail.html?fromto=1661_1680&type=loto6,2026-05-20 04:28:21
1672,2022-03-17,Thu,6,17,22,27,37,42,34,151,3,3,1,3,2,2,0,https://www.mizuhobank.co.jp/takarakuji/check/loto/backnumber/detail.html?fromto=1661_1680&type=loto6,2026-05-20 04:28:21
1673,2022-03-21,Mon,24,33,35,36,41,43,21,212,4,2,0,1,5,5,1,https://www.mizuhobank.co.jp/takarakuji/check/loto/backnumber/detail.html?fromto=1661_1680&type=loto6,2026-05-20 04:28:21
1674,2022-03-24,Thu,14,19,25,29,33,43,31,163,5,1,1,3,2,2,0,https://www.mizuhobank.co.jp/takarakuji/check/loto/backnumber/detail.html?fromto=1661_1680&type=loto6,2026-05-20 04:28:21
1675,2022-03-28,Mon,2,3,17,27,28,34,6,111,3,3,2,3,1,1,2,https://www.mizuhobank.co.jp/takarakuji/check/loto/backnumber/detail.html?fromto=1661_1680&type=loto6,2026-05-20 04:28:21
1676,2022-03-31,Thu,5,13,21,27,31,36,11,133,5,1,2,2,2,1,0,https://www.mizuhobank.co.jp/takarakuji/check/loto/backnumber/detail.html?fromto=1661_1680&type=loto6,2026-05-20 04:28:21
1677,2022-04-04,Mon,11,20,26,31,34,38,32,160,2,4,1,2,3,2,0,https://www.mizuhobank.co.jp/takarakuji/check/loto/backnumber/detail.html?fromto=1661_1680&type=loto6,2026-05-20 04:28:21
1678,2022-04-07,Thu,3,15,17,21,22,23,13,101,5,1,1,5,0,0,2,https://www.mizuhobank.co.jp/takarakuji/check/loto/backnumber/detail.html?fromto=1661_1680&type=loto6,2026-05-20 04:28:21
1679,2022-04-11,Mon,10,12,13,21,31,41,27,128,4,2,3,1,2,1,1,https://www.mizuhobank.co.jp/takarakuji/check/loto/backnumber/detail.html?fromto=1661_1680&type=loto6,2026-05-20 04:28:21
1680,2022-04-14,Thu,4,19,29,32,35,42,25,161,3,3,1,2,3,3,0,https://www.mizuhobank.co.jp/takarakuji/check/loto/backnumber/detail.html?fromto=1661_1680&type=loto6,2026-05-20 04:28:21
1681,2022-04-18,Mon,1,7,11,13,15,42,33,89,5,1,4,1,1,1,0,https://www.mizuhobank.co.jp/takarakuji/check/loto/backnumber/detail.html?fromto=1681_1700&type=loto6,2026-05-20 04:28:21
1682,2022-04-21,Thu,6,9,10,21,33,41,14,120,4,2,3,1,2,2,1,https://www.mizuhobank.co.jp/takarakuji/check/loto/backnumber/detail.html?fromto=1681_1700&type=loto6,2026-05-20 04:28:21
1683,2022-04-25,Mon,6,15,28,30,32,43,21,154,2,4,1,2,3,2,0,https://www.mizuhobank.co.jp/takarakuji/check/loto/backnumber/detail.html?fromto=1681_1700&type=loto6,2026-05-20 04:28:21
1684,2022-04-28,Thu,5,10,26,30,34,40,31,145,1,5,2,1,3,2,0,https://www.mizuhobank.co.jp/takarakuji/check/loto/backnumber/detail.html?fromto=1681_1700&type=loto6,2026-05-20 04:28:21
1685,2022-05-02,Mon,1,26,27,28,33,37,8,152,4,2,1,3,2,2,2,https://www.mizuhobank.co.jp/takarakuji/check/loto/backnumber/detail.html?fromto=1681_1700&type=loto6,2026-05-20 04:28:21
1686,2022-05-05,Thu,7,8,9,23,25,41,11,113,5,1,3,2,1,1,2,https://www.mizuhobank.co.jp/takarakuji/check/loto/backnumber/detail.html?fromto=1681_1700&type=loto6,2026-05-20 04:28:21
1687,2022-05-09,Mon,20,21,23,26,29,35,22,154,4,2,0,5,1,1,1,https://www.mizuhobank.co.jp/takarakuji/check/loto/backnumber/detail.html?fromto=1681_1700&type=loto6,2026-05-20 04:28:21
1688,2022-05-12,Thu,2,4,10,24,34,42,8,116,0,6,3,1,2,2,0,https://www.mizuhobank.co.jp/takarakuji/check/loto/backnumber/detail.html?fromto=1681_1700&type=loto6,2026-05-20 04:28:21
1689,2022-05-16,Mon,4,7,21,22,34,42,31,130,2,4,2,2,2,2,1,https://www.mizuhobank.co.jp/takarakuji/check/loto/backnumber/detail.html?fromto=1681_1700&type=loto6,2026-05-20 04:28:21
1690,2022-05-19,Thu,8,16,21,23,29,37,38,134,4,2,1,4,1,1,0,https://www.mizuhobank.co.jp/takarakuji/check/loto/backnumber/detail.html?fromto=1681_1700&type=loto6,2026-05-20 04:28:21
1691,2022-05-23,Mon,13,16,18,29,33,41,26,150,4,2,1,3,2,2,0,https://www.mizuhobank.co.jp/takarakuji/check/loto/backnumber/detail.html?fromto=1681_1700&type=loto6,2026-05-20 04:28:21
1692,2022-05-26,Thu,4,8,17,31,37,42,14,139,3,3,2,1,3,2,0,https://www.mizuhobank.co.jp/takarakuji/check/loto/backnumber/detail.html?fromto=1681_1700&type=loto6,2026-05-20 04:28:21
1693,2022-05-30,Mon,7,8,21,23,34,36,11,129,3,3,2,2,2,2,1,https://www.mizuhobank.co.jp/takarakuji/check/loto/backnumber/detail.html?fromto=1681_1700&type=loto6,2026-05-20 04:28:21
1694,2022-06-02,Thu,2,12,14,26,32,37,29,123,1,5,3,1,2,2,0,https://www.mizuhobank.co.jp/takarakuji/check/loto/backnumber/detail.html?fromto=1681_1700&type=loto6,2026-05-20 04:28:21
1695,2022-06-06,Mon,3,8,14,18,28,37,39,108,2,4,3,2,1,1,0,https://www.mizuhobank.co.jp/takarakuji/check/loto/backnumber/detail.html?fromto=1681_1700&type=loto6,2026-05-20 04:28:21
1696,2022-06-09,Thu,2,4,13,18,32,35,12,104,2,4,3,1,2,2,0,https://www.mizuhobank.co.jp/takarakuji/check/loto/backnumber/detail.html?fromto=1681_1700&type=loto6,2026-05-20 04:28:21
1697,2022-06-13,Mon,2,3,11,12,22,35,26,85,3,3,4,1,1,1,2,https://www.mizuhobank.co.jp/takarakuji/check/loto/backnumber/detail.html?fromto=1681_1700&type=loto6,2026-05-20 04:28:21
1698,2022-06-16,Thu,6,16,18,33,42,43,11,158,2,4,1,2,3,3,1,https://www.mizuhobank.co.jp/takarakuji/check/loto/backnumber/detail.html?fromto=1681_1700&type=loto6,2026-05-20 04:28:21
1699,2022-06-20,Mon,4,6,16,27,39,42,1,134,2,4,2,2,2,2,0,https://www.mizuhobank.co.jp/takarakuji/check/loto/backnumber/detail.html?fromto=1681_1700&type=loto6,2026-05-20 04:28:21
1700,2022-06-23,Thu,11,19,20,27,31,35,6,143,5,1,1,3,2,1,1,https://www.mizuhobank.co.jp/takarakuji/check/loto/backnumber/detail.html?fromto=1681_1700&type=loto6,2026-05-20 04:28:21
1701,2022-06-27,Mon,5,8,27,30,33,39,10,142,4,2,2,1,3,2,0,https://www.mizuhobank.co.jp/takarakuji/check/loto/backnumber/detail.html?fromto=1701_1720&type=loto6,2026-05-20 04:28:21
1702,2022-06-30,Thu,2,6,7,18,27,38,14,98,2,4,3,2,1,1,1,https://www.mizuhobank.co.jp/takarakuji/check/loto/backnumber/detail.html?fromto=1701_1720&type=loto6,2026-05-20 04:28:21
1703,2022-07-04,Mon,14,22,23,30,33,38,18,160,2,4,1,2,3,2,1,https://www.mizuhobank.co.jp/takarakuji/check/loto/backnumber/detail.html?fromto=1701_1720&type=loto6,2026-05-20 04:28:21
1704,2022-07-07,Thu,1,5,18,26,39,40,31,129,3,3,2,2,2,2,1,https://www.mizuhobank.co.jp/takarakuji/check/loto/backnumber/detail.html?fromto=1701_1720&type=loto6,2026-05-20 04:28:21
1705,2022-07-11,Mon,3,6,9,28,37,41,5,124,4,2,3,1,2,2,0,https://www.mizuhobank.co.jp/takarakuji/check/loto/backnumber/detail.html?fromto=1701_1720&type=loto6,2026-05-20 04:28:21
1706,2022-07-14,Thu,13,15,32,35,37,38,25,170,4,2,1,1,4,4,1,https://www.mizuhobank.co.jp/takarakuji/check/loto/backnumber/detail.html?fromto=1701_1720&type=loto6,2026-05-20 04:28:21
1707,2022-07-18,Mon,14,16,28,34,35,36,26,163,1,5,1,2,3,3,2,https://www.mizuhobank.co.jp/takarakuji/check/loto/backnumber/detail.html?fromto=1701_1720&type=loto6,2026-05-20 04:28:21
1708,2022-07-21,Thu,1,20,29,35,40,41,16,166,4,2,1,2,3,3,1,https://www.mizuhobank.co.jp/takarakuji/check/loto/backnumber/detail.html?fromto=1701_1720&type=loto6,2026-05-20 04:28:21
1709,2022-07-25,Mon,3,4,7,20,22,41,5,97,3,3,3,2,1,1,1,https://www.mizuhobank.co.jp/takarakuji/check/loto/backnumber/detail.html?fromto=1701_1720&type=loto6,2026-05-20 04:28:21
1710,2022-07-28,Thu,1,2,21,27,32,37,14,120,4,2,2,2,2,2,1,https://www.mizuhobank.co.jp/takarakuji/check/loto/backnumber/detail.html?fromto=1701_1720&type=loto6,2026-05-20 04:28:21
1711,2022-08-01,Mon,3,32,33,34,35,40,5,177,3,3,1,0,5,5,3,https://www.mizuhobank.co.jp/takarakuji/check/loto/backnumber/detail.html?fromto=1701_1720&type=loto6,2026-05-20 04:28:21
1712,2022-08-04,Thu,1,5,15,24,25,28,14,98,4,2,2,4,0,0,1,https://www.mizuhobank.co.jp/takarakuji/check/loto/backnumber/detail.html?fromto=1701_1720&type=loto6,2026-05-20 04:28:21
1713,2022-08-08,Mon,6,32,38,39,40,42,37,197,1,5,1,0,5,5,2,https://www.mizuhobank.co.jp/takarakuji/check/loto/backnumber/detail.html?fromto=1701_1720&type=loto6,2026-05-20 04:28:21
1714,2022-08-11,Thu,11,15,20,26,33,42,16,147,3,3,1,3,2,2,0,https://www.mizuhobank.co.jp/takarakuji/check/loto/backnumber/detail.html?fromto=1701_1720&type=loto6,2026-05-20 04:28:21
1715,2022-08-15,Mon,2,6,15,16,32,37,25,108,2,4,2,2,2,2,1,https://www.mizuhobank.co.jp/takarakuji/check/loto/backnumber/detail.html?fromto=1701_1720&type=loto6,2026-05-20 04:28:21
1716,2022-08-18,Thu,2,26,27,32,38,42,9,167,1,5,1,2,3,3,1,https://www.mizuhobank.co.jp/takarakuji/check/loto/backnumber/detail.html?fromto=1701_1720&type=loto6,2026-05-20 04:28:21
1717,2022-08-22,Mon,15,21,23,24,33,36,40,152,4,2,0,4,2,2,1,https://www.mizuhobank.co.jp/takarakuji/check/loto/backnumber/detail.html?fromto=1701_1720&type=loto6,2026-05-20 04:28:21
1718,2022-08-25,Thu,1,6,9,15,18,38,10,87,3,3,3,2,1,1,0,https://www.mizuhobank.co.jp/takarakuji/check/loto/backnumber/detail.html?fromto=1701_1720&type=loto6,2026-05-20 04:28:21
1719,2022-08-29,Mon,4,11,15,16,35,39,36,120,4,2,2,2,2,2,1,https://www.mizuhobank.co.jp/takarakuji/check/loto/backnumber/detail.html?fromto=1701_1720&type=loto6,2026-05-20 04:28:21
1720,2022-09-01,Thu,1,5,18,25,32,38,20,119,3,3,2,2,2,2,0,https://www.mizuhobank.co.jp/takarakuji/check/loto/backnumber/detail.html?fromto=1701_1720&type=loto6,2026-05-20 04:28:21
1721,2022-09-05,Mon,7,8,14,17,22,39,30,107,3,3,3,2,1,1,1,https://www.mizuhobank.co.jp/takarakuji/check/loto/backnumber/detail.html?fromto=1721_1740&type=loto6,2026-05-20 04:28:21
1722,2022-09-08,Thu,2,5,30,33,36,42,28,148,2,4,2,0,4,3,0,https://www.mizuhobank.co.jp/takarakuji/check/loto/backnumber/detail.html?fromto=1721_1740&type=loto6,2026-05-20 04:28:21
1723,2022-09-12,Mon,6,10,15,16,30,38,26,115,1,5,2,2,2,1,1,https://www.mizuhobank.co.jp/takarakuji/check/loto/backnumber/detail.html?fromto=1721_1740&type=loto6,2026-05-20 04:28:21
1724,2022-09-15,Thu,6,9,24,26,33,37,16,135,3,3,2,2,2,2,0,https://www.mizuhobank.co.jp/takarakuji/check/loto/backnumber/detail.html?fromto=1721_1740&type=loto6,2026-05-20 04:28:21
1725,2022-09-19,Mon,2,10,16,17,20,28,1,93,1,5,2,4,0,0,1,https://www.mizuhobank.co.jp/takarakuji/check/loto/backnumber/detail.html?fromto=1721_1740&type=loto6,2026-05-20 04:28:21
1726,2022-09-22,Thu,9,14,16,21,27,43,26,130,4,2,2,3,1,1,0,https://www.mizuhobank.co.jp/takarakuji/check/loto/backnumber/detail.html?fromto=1721_1740&type=loto6,2026-05-20 04:28:21
1727,2022-09-26,Mon,3,13,16,22,33,42,15,129,3,3,2,2,2,2,0,https://www.mizuhobank.co.jp/takarakuji/check/loto/backnumber/detail.html?fromto=1721_1740&type=loto6,2026-05-20 04:28:21
1728,2022-09-29,Thu,4,8,14,18,26,38,3,108,0,6,3,2,1,1,0,https://www.mizuhobank.co.jp/takarakuji/check/loto/backnumber/detail.html?fromto=1721_1740&type=loto6,2026-05-20 04:28:21
1729,2022-10-03,Mon,11,15,24,25,28,31,9,134,4,2,1,4,1,0,1,https://www.mizuhobank.co.jp/takarakuji/check/loto/backnumber/detail.html?fromto=1721_1740&type=loto6,2026-05-20 04:28:21
1730,2022-10-06,Thu,4,8,16,21,22,26,23,97,1,5,2,4,0,0,1,https://www.mizuhobank.co.jp/takarakuji/check/loto/backnumber/detail.html?fromto=1721_1740&type=loto6,2026-05-20 04:28:21
1731,2022-10-10,Mon,3,7,19,21,32,35,6,117,5,1,2,2,2,2,0,https://www.mizuhobank.co.jp/takarakuji/check/loto/backnumber/detail.html?fromto=1721_1740&type=loto6,2026-05-20 04:28:21
1732,2022-10-13,Thu,3,18,19,34,38,42,14,154,2,4,1,2,3,3,1,https://www.mizuhobank.co.jp/takarakuji/check/loto/backnumber/detail.html?fromto=1721_1740&type=loto6,2026-05-20 04:28:21
1733,2022-10-17,Mon,22,24,25,27,29,39,7,166,4,2,0,5,1,1,1,https://www.mizuhobank.co.jp/takarakuji/check/loto/backnumber/detail.html?fromto=1721_1740&type=loto6,2026-05-20 04:28:21
1734,2022-10-20,Thu,5,6,11,19,28,35,42,104,4,2,3,2,1,1,1,https://www.mizuhobank.co.jp/takarakuji/check/loto/backnumber/detail.html?fromto=1721_1740&type=loto6,2026-05-20 04:28:21
1735,2022-10-24,Mon,1,21,24,33,40,41,12,160,4,2,1,2,3,3,1,https://www.mizuhobank.co.jp/takarakuji/check/loto/backnumber/detail.html?fromto=1721_1740&type=loto6,2026-05-20 04:28:21
1736,2022-10-27,Thu,6,9,25,26,27,32,11,125,3,3,2,3,1,1,2,https://www.mizuhobank.co.jp/takarakuji/check/loto/backnumber/detail.html?fromto=1721_1740&type=loto6,2026-05-20 04:28:21
1737,2022-10-31,Mon,12,14,22,24,29,33,3,134,2,4,2,3,1,1,0,https://www.mizuhobank.co.jp/takarakuji/check/loto/backnumber/detail.html?fromto=1721_1740&type=loto6,2026-05-20 04:28:21
1738,2022-11-03,Thu,7,12,20,31,33,43,14,146,4,2,2,1,3,2,0,https://www.mizuhobank.co.jp/takarakuji/check/loto/backnumber/detail.html?fromto=1721_1740&type=loto6,2026-05-20 04:28:21
1739,2022-11-07,Mon,1,7,12,36,37,39,41,132,4,2,3,0,3,3,1,https://www.mizuhobank.co.jp/takarakuji/check/loto/backnumber/detail.html?fromto=1721_1740&type=loto6,2026-05-20 04:28:21
1740,2022-11-10,Thu,14,21,24,27,31,38,5,155,3,3,1,3,2,1,0,https://www.mizuhobank.co.jp/takarakuji/check/loto/backnumber/detail.html?fromto=1721_1740&type=loto6,2026-05-20 04:28:21
1741,2022-11-14,Mon,4,14,17,19,22,42,6,118,2,4,2,3,1,1,0,https://www.mizuhobank.co.jp/takarakuji/check/loto/backnumber/detail.html?fromto=1741_1760&type=loto6,2026-05-20 04:28:21
1742,2022-11-17,Thu,16,20,22,29,33,40,25,160,2,4,0,4,2,2,0,https://www.mizuhobank.co.jp/takarakuji/check/loto/backnumber/detail.html?fromto=1741_1760&type=loto6,2026-05-20 04:28:21
1743,2022-11-21,Mon,3,17,18,19,20,42,9,119,3,3,1,4,1,1,3,https://www.mizuhobank.co.jp/takarakuji/check/loto/backnumber/detail.html?fromto=1741_1760&type=loto6,2026-05-20 04:28:21
1744,2022-11-24,Thu,1,8,21,25,26,35,20,116,4,2,2,3,1,1,1,https://www.mizuhobank.co.jp/takarakuji/check/loto/backnumber/detail.html?fromto=1741_1760&type=loto6,2026-05-20 04:28:21
1745,2022-11-28,Mon,7,9,10,21,39,40,32,126,4,2,3,1,2,2,2,https://www.mizuhobank.co.jp/takarakuji/check/loto/backnumber/detail.html?fromto=1741_1760&type=loto6,2026-05-20 04:28:21
1746,2022-12-01,Thu,3,11,14,22,27,32,31,109,3,3,3,2,1,1,0,https://www.mizuhobank.co.jp/takarakuji/check/loto/backnumber/detail.html?fromto=1741_1760&type=loto6,2026-05-20 04:28:21
1747,2022-12-05,Mon,1,9,11,14,15,40,32,90,4,2,4,1,1,1,1,https://www.mizuhobank.co.jp/takarakuji/check/loto/backnumber/detail.html?fromto=1741_1760&type=loto6,2026-05-20 04:28:21
1748,2022-12-08,Thu,8,11,23,28,36,39,6,145,3,3,2,2,2,2,0,https://www.mizuhobank.co.jp/takarakuji/check/loto/backnumber/detail.html?fromto=1741_1760&type=loto6,2026-05-20 04:28:21
1749,2022-12-12,Mon,1,4,13,17,31,34,18,100,4,2,3,1,2,1,0,https://www.mizuhobank.co.jp/takarakuji/check/loto/backnumber/detail.html?fromto=1741_1760&type=loto6,2026-05-20 04:28:21
1750,2022-12-15,Thu,3,15,18,21,34,40,1,131,3,3,1,3,2,2,0,https://www.mizuhobank.co.jp/takarakuji/check/loto/backnumber/detail.html?fromto=1741_1760&type=loto6,2026-05-20 04:28:21
1751,2022-12-19,Mon,1,12,21,24,29,42,32,129,3,3,2,3,1,1,0,https://www.mizuhobank.co.jp/takarakuji/check/loto/backnumber/detail.html?fromto=1741_1760&type=loto6,2026-05-20 04:28:21
1752,2022-12-22,Thu,2,5,15,20,22,36,8,100,2,4,2,3,1,1,0,https://www.mizuhobank.co.jp/takarakuji/check/loto/backnumber/detail.html?fromto=1741_1760&type=loto6,2026-05-20 04:28:21
1753,2022-12-26,Mon,1,2,4,9,22,25,38,63,3,3,4,2,0,0,1,https://www.mizuhobank.co.jp/takarakuji/check/loto/backnumber/detail.html?fromto=1741_1760&type=loto6,2026-05-20 04:28:21
1754,2022-12-29,Thu,3,6,7,19,35,39,21,109,5,1,3,1,2,2,1,https://www.mizuhobank.co.jp/takarakuji/check/loto/backnumber/detail.html?fromto=1741_1760&type=loto6,2026-05-20 04:28:21
1755,2023-01-05,Thu,4,11,13,26,27,36,15,117,3,3,3,2,1,1,1,https://www.mizuhobank.co.jp/takarakuji/check/loto/backnumber/detail.html?fromto=1741_1760&type=loto6,2026-05-20 04:28:21
1756,2023-01-09,Mon,19,25,29,36,37,41,2,187,5,1,0,3,3,3,1,https://www.mizuhobank.co.jp/takarakuji/check/loto/backnumber/detail.html?fromto=1741_1760&type=loto6,2026-05-20 04:28:21
1757,2023-01-12,Thu,6,12,15,35,36,39,42,143,3,3,2,1,3,3,1,https://www.mizuhobank.co.jp/takarakuji/check/loto/backnumber/detail.html?fromto=1741_1760&type=loto6,2026-05-20 04:28:21
1758,2023-01-16,Mon,7,14,28,32,42,43,17,166,2,4,2,1,3,3,1,https://www.mizuhobank.co.jp/takarakuji/check/loto/backnumber/detail.html?fromto=1741_1760&type=loto6,2026-05-20 04:28:21
1759,2023-01-19,Thu,1,10,25,27,28,33,15,124,4,2,2,3,1,1,1,https://www.mizuhobank.co.jp/takarakuji/check/loto/backnumber/detail.html?fromto=1741_1760&type=loto6,2026-05-20 04:28:21
1760,2023-01-23,Mon,8,14,18,38,39,42,30,159,1,5,2,1,3,3,1,https://www.mizuhobank.co.jp/takarakuji/check/loto/backnumber/detail.html?fromto=1741_1760&type=loto6,2026-05-20 04:28:21
1761,2023-01-26,Thu,5,7,13,21,23,30,42,99,5,1,3,2,1,0,0,https://www.mizuhobank.co.jp/takarakuji/check/loto/backnumber/detail.html?fromto=1761_1780&type=loto6,2026-05-20 04:28:21
1762,2023-01-30,Mon,1,6,7,20,37,40,10,111,3,3,3,1,2,2,1,https://www.mizuhobank.co.jp/takarakuji/check/loto/backnumber/detail.html?fromto=1761_1780&type=loto6,2026-05-20 04:28:21
1763,2023-02-02,Thu,2,6,20,30,31,41,11,130,2,4,2,1,3,1,1,https://www.mizuhobank.co.jp/takarakuji/check/loto/backnumber/detail.html?fromto=1761_1780&type=loto6,2026-05-20 04:28:21
1764,2023-02-06,Mon,16,21,26,31,39,42,41,175,3,3,0,3,3,2,0,https://www.mizuhobank.co.jp/takarakuji/check/loto/backnumber/detail.html?fromto=1761_1780&type=loto6,2026-05-20 04:28:21
1765,2023-02-09,Thu,1,10,15,19,20,32,6,97,3,3,2,3,1,1,1,https://www.mizuhobank.co.jp/takarakuji/check/loto/backnumber/detail.html?fromto=1761_1780&type=loto6,2026-05-20 04:28:21
1766,2023-02-13,Mon,16,19,25,26,35,43,38,164,4,2,0,4,2,2,1,https://www.mizuhobank.co.jp/takarakuji/check/loto/backnumber/detail.html?fromto=1761_1780&type=loto6,2026-05-20 04:28:21
1767,2023-02-16,Thu,7,15,17,21,32,35,43,127,5,1,1,3,2,2,0,https://www.mizuhobank.co.jp/takarakuji/check/loto/backnumber/detail.html?fromto=1761_1780&type=loto6,2026-05-20 04:28:21
1768,2023-02-20,Mon,6,21,30,32,39,40,34,168,2,4,1,1,4,3,1,https://www.mizuhobank.co.jp/takarakuji/check/loto/backnumber/detail.html?fromto=1761_1780&type=loto6,2026-05-20 04:28:21
1769,2023-02-23,Thu,4,11,15,19,28,32,34,109,3,3,2,3,1,1,0,https://www.mizuhobank.co.jp/takarakuji/check/loto/backnumber/detail.html?fromto=1761_1780&type=loto6,2026-05-20 04:28:21
1770,2023-02-27,Mon,1,11,18,24,37,43,28,134,4,2,2,2,2,2,0,https://www.mizuhobank.co.jp/takarakuji/check/loto/backnumber/detail.html?fromto=1761_1780&type=loto6,2026-05-20 04:28:21
1771,2023-03-02,Thu,3,6,12,16,31,42,40,110,2,4,3,1,2,1,0,https://www.mizuhobank.co.jp/takarakuji/check/loto/backnumber/detail.html?fromto=1761_1780&type=loto6,2026-05-20 04:28:21
1772,2023-03-06,Mon,5,21,22,30,32,36,16,146,2,4,1,2,3,2,1,https://www.mizuhobank.co.jp/takarakuji/check/loto/backnumber/detail.html?fromto=1761_1780&type=loto6,2026-05-20 04:28:21
1773,2023-03-09,Thu,12,21,22,27,31,32,20,145,3,3,1,3,2,1,2,https://www.mizuhobank.co.jp/takarakuji/check/loto/backnumber/detail.html?fromto=1761_1780&type=loto6,2026-05-20 04:28:21
1774,2023-03-13,Mon,17,18,26,30,36,40,3,167,1,5,0,3,3,2,1,https://www.mizuhobank.co.jp/takarakuji/check/loto/backnumber/detail.html?fromto=1761_1780&type=loto6,2026-05-20 04:28:21
1775,2023-03-16,Thu,4,5,9,26,27,29,43,100,4,2,3,3,0,0,2,https://www.mizuhobank.co.jp/takarakuji/check/loto/backnumber/detail.html?fromto=1761_1780&type=loto6,2026-05-20 04:28:21
1776,2023-03-20,Mon,5,11,18,25,33,38,32,130,4,2,2,2,2,2,0,https://www.mizuhobank.co.jp/takarakuji/check/loto/backnumber/detail.html?fromto=1761_1780&type=loto6,2026-05-20 04:28:21
1777,2023-03-23,Thu,5,16,19,21,30,35,11,126,4,2,1,3,2,1,0,https://www.mizuhobank.co.jp/takarakuji/check/loto/backnumber/detail.html?fromto=1761_1780&type=loto6,2026-05-20 04:28:21
1778,2023-03-27,Mon,9,19,24,25,26,39,34,142,4,2,1,4,1,1,2,https://www.mizuhobank.co.jp/takarakuji/check/loto/backnumber/detail.html?fromto=1761_1780&type=loto6,2026-05-20 04:28:21
1779,2023-03-30,Thu,11,13,20,33,35,40,34,152,4,2,2,1,3,3,0,https://www.mizuhobank.co.jp/takarakuji/check/loto/backnumber/detail.html?fromto=1761_1780&type=loto6,2026-05-20 04:28:21
1780,2023-04-03,Mon,1,5,19,26,35,37,32,123,5,1,2,2,2,2,0,https://www.mizuhobank.co.jp/takarakuji/check/loto/backnumber/detail.html?fromto=1761_1780&type=loto6,2026-05-20 04:28:21
1781,2023-04-06,Thu,10,18,32,39,41,42,12,182,2,4,1,1,4,4,1,https://www.mizuhobank.co.jp/takarakuji/check/loto/backnumber/detail.html?fromto=1781_1800&type=loto6,2026-05-20 04:28:21
1782,2023-04-10,Mon,7,31,32,36,39,42,34,187,3,3,1,0,5,4,1,https://www.mizuhobank.co.jp/takarakuji/check/loto/backnumber/detail.html?fromto=1781_1800&type=loto6,2026-05-20 04:28:21
1783,2023-04-13,Thu,5,14,19,23,30,42,35,133,3,3,2,2,2,1,0,https://www.mizuhobank.co.jp/takarakuji/check/loto/backnumber/detail.html?fromto=1781_1800&type=loto6,2026-05-20 04:28:21
1784,2023-04-17,Mon,3,19,30,32,36,40,42,160,2,4,1,1,4,3,0,https://www.mizuhobank.co.jp/takarakuji/check/loto/backnumber/detail.html?fromto=1781_1800&type=loto6,2026-05-20 04:28:21
1785,2023-04-20,Thu,4,11,24,35,37,42,7,153,3,3,2,1,3,3,0,https://www.mizuhobank.co.jp/takarakuji/check/loto/backnumber/detail.html?fromto=1781_1800&type=loto6,2026-05-20 04:28:21
1786,2023-04-24,Mon,2,5,6,26,33,35,13,107,3,3,3,1,2,2,1,https://www.mizuhobank.co.jp/takarakuji/check/loto/backnumber/detail.html?fromto=1781_1800&type=loto6,2026-05-20 04:28:21
1787,2023-04-27,Thu,2,13,17,19,41,43,1,135,5,1,2,2,2,2,0,https://www.mizuhobank.co.jp/takarakuji/check/loto/backnumber/detail.html?fromto=1781_1800&type=loto6,2026-05-20 04:28:21
1788,2023-05-01,Mon,3,14,16,19,26,39,9,117,3,3,2,3,1,1,0,https://www.mizuhobank.co.jp/takarakuji/check/loto/backnumber/detail.html?fromto=1781_1800&type=loto6,2026-05-20 04:28:21
1789,2023-05-04,Thu,6,9,16,26,29,34,36,120,2,4,2,3,1,1,0,https://www.mizuhobank.co.jp/takarakuji/check/loto/backnumber/detail.html?fromto=1781_1800&type=loto6,2026-05-20 04:28:21
1790,2023-05-08,Mon,6,14,18,22,29,30,36,119,1,5,2,3,1,0,1,https://www.mizuhobank.co.jp/takarakuji/check/loto/backnumber/detail.html?fromto=1781_1800&type=loto6,2026-05-20 04:28:21
1791,2023-05-11,Thu,8,9,18,19,30,36,17,120,2,4,2,2,2,1,2,https://www.mizuhobank.co.jp/takarakuji/check/loto/backnumber/detail.html?fromto=1781_1800&type=loto6,2026-05-20 04:28:21
1792,2023-05-15,Mon,1,4,16,31,32,41,30,125,3,3,2,1,3,2,1,https://www.mizuhobank.co.jp/takarakuji/check/loto/backnumber/detail.html?fromto=1781_1800&type=loto6,2026-05-20 04:28:21
1793,2023-05-18,Thu,1,6,14,15,23,24,42,83,3,3,3,3,0,0,2,https://www.mizuhobank.co.jp/takarakuji/check/loto/backnumber/detail.html?fromto=1781_1800&type=loto6,2026-05-20 04:28:21
1794,2023-05-22,Mon,24,29,32,35,36,40,39,196,2,4,0,2,4,4,1,https://www.mizuhobank.co.jp/takarakuji/check/loto/backnumber/detail.html?fromto=1781_1800&type=loto6,2026-05-20 04:28:21
1795,2023-05-25,Thu,26,30,31,35,41,43,5,206,4,2,0,1,5,3,1,https://www.mizuhobank.co.jp/takarakuji/check/loto/backnumber/detail.html?fromto=1781_1800&type=loto6,2026-05-20 04:28:21
1796,2023-05-29,Mon,2,5,15,16,23,26,32,87,3,3,2,4,0,0,1,https://www.mizuhobank.co.jp/takarakuji/check/loto/backnumber/detail.html?fromto=1781_1800&type=loto6,2026-05-20 04:28:21
1797,2023-06-01,Thu,15,23,26,34,41,43,32,182,4,2,0,3,3,3,0,https://www.mizuhobank.co.jp/takarakuji/check/loto/backnumber/detail.html?fromto=1781_1800&type=loto6,2026-05-20 04:28:21
1798,2023-06-05,Mon,4,5,19,32,34,37,41,131,3,3,2,1,3,3,1,https://www.mizuhobank.co.jp/takarakuji/check/loto/backnumber/detail.html?fromto=1781_1800&type=loto6,2026-05-20 04:28:21
1799,2023-06-08,Thu,11,18,34,40,41,42,14,186,2,4,1,1,4,4,2,https://www.mizuhobank.co.jp/takarakuji/check/loto/backnumber/detail.html?fromto=1781_1800&type=loto6,2026-05-20 04:28:21
1800,2023-06-12,Mon,6,12,13,15,17,41,27,104,4,2,3,2,1,1,1,https://www.mizuhobank.co.jp/takarakuji/check/loto/backnumber/detail.html?fromto=1781_1800&type=loto6,2026-05-20 04:28:21
1801,2023-06-15,Thu,18,25,26,37,39,43,21,188,4,2,0,3,3,3,1,https://www.mizuhobank.co.jp/takarakuji/check/loto/backnumber/detail.html?fromto=1801_1820&type=loto6,2026-05-20 04:28:21
1802,2023-06-19,Mon,1,9,34,35,39,42,33,160,4,2,2,0,4,4,1,https://www.mizuhobank.co.jp/takarakuji/check/loto/backnumber/detail.html?fromto=1801_1820&type=loto6,2026-05-20 04:28:21
1803,2023-06-22,Thu,9,16,18,19,39,41,3,142,4,2,1,3,2,2,1,https://www.mizuhobank.co.jp/takarakuji/check/loto/backnumber/detail.html?fromto=1801_1820&type=loto6,2026-05-20 04:28:21
1804,2023-06-26,Mon,12,14,18,25,36,42,26,147,1,5,2,2,2,2,0,https://www.mizuhobank.co.jp/takarakuji/check/loto/backnumber/detail.html?fromto=1801_1820&type=loto6,2026-05-20 04:28:21
1805,2023-06-29,Thu,4,22,27,31,32,40,35,156,2,4,1,2,3,2,1,https://www.mizuhobank.co.jp/takarakuji/check/loto/backnumber/detail.html?fromto=1801_1820&type=loto6,2026-05-20 04:28:21
1806,2023-07-03,Mon,11,30,35,38,40,43,12,197,3,3,1,0,5,4,0,https://www.mizuhobank.co.jp/takarakuji/check/loto/backnumber/detail.html?fromto=1801_1820&type=loto6,2026-05-20 04:28:21
1807,2023-07-06,Thu,1,2,8,9,10,20,25,50,2,4,5,1,0,0,3,https://www.mizuhobank.co.jp/takarakuji/check/loto/backnumber/detail.html?fromto=1801_1820&type=loto6,2026-05-20 04:28:21
1808,2023-07-10,Mon,2,10,27,38,40,41,11,158,2,4,2,1,3,3,1,https://www.mizuhobank.co.jp/takarakuji/check/loto/backnumber/detail.html?fromto=1801_1820&type=loto6,2026-05-20 04:28:21
1809,2023-07-13,Thu,2,5,10,22,24,42,7,105,1,5,3,2,1,1,0,https://www.mizuhobank.co.jp/takarakuji/check/loto/backnumber/detail.html?fromto=1801_1820&type=loto6,2026-05-20 04:28:21
1810,2023-07-17,Mon,4,17,26,30,31,43,25,151,3,3,1,2,3,1,1,https://www.mizuhobank.co.jp/takarakuji/check/loto/backnumber/detail.html?fromto=1801_1820&type=loto6,2026-05-20 04:28:21
1811,2023-07-20,Thu,2,4,6,13,20,38,33,83,1,5,4,1,1,1,0,https://www.mizuhobank.co.jp/takarakuji/check/loto/backnumber/detail.html?fromto=1801_1820&type=loto6,2026-05-20 04:28:21
1812,2023-07-24,Mon,10,13,18,28,36,39,7,144,2,4,2,2,2,2,0,https://www.mizuhobank.co.jp/takarakuji/check/loto/backnumber/detail.html?fromto=1801_1820&type=loto6,2026-05-20 04:28:21
1813,2023-07-27,Thu,5,22,26,34,39,42,12,168,2,4,1,2,3,3,0,https://www.mizuhobank.co.jp/takarakuji/check/loto/backnumber/detail.html?fromto=1801_1820&type=loto6,2026-05-20 04:28:21
1814,2023-07-31,Mon,1,2,13,21,23,31,5,91,5,1,3,2,1,0,1,https://www.mizuhobank.co.jp/takarakuji/check/loto/backnumber/detail.html?fromto=1801_1820&type=loto6,2026-05-20 04:28:21
1815,2023-08-03,Thu,3,8,10,25,26,29,32,101,3,3,3,3,0,0,1,https://www.mizuhobank.co.jp/takarakuji/check/loto/backnumber/detail.html?fromto=1801_1820&type=loto6,2026-05-20 04:28:21
1816,2023-08-07,Mon,2,21,25,34,35,40,6,157,3,3,1,2,3,3,1,https://www.mizuhobank.co.jp/takarakuji/check/loto/backnumber/detail.html?fromto=1801_1820&type=loto6,2026-05-20 04:28:21
1817,2023-08-10,Thu,6,24,30,33,37,38,7,168,2,4,1,1,4,3,1,https://www.mizuhobank.co.jp/takarakuji/check/loto/backnumber/detail.html?fromto=1801_1820&type=loto6,2026-05-20 04:28:21
1818,2023-08-14,Mon,2,11,23,25,34,36,1,131,3,3,2,2,2,2,0,https://www.mizuhobank.co.jp/takarakuji/check/loto/backnumber/detail.html?fromto=1801_1820&type=loto6,2026-05-20 04:28:21
1819,2023-08-17,Thu,5,8,18,20,24,34,29,109,1,5,2,3,1,1,0,https://www.mizuhobank.co.jp/takarakuji/check/loto/backnumber/detail.html?fromto=1801_1820&type=loto6,2026-05-20 04:28:21
1820,2023-08-21,Mon,5,10,30,35,36,41,23,157,3,3,2,0,4,3,1,https://www.mizuhobank.co.jp/takarakuji/check/loto/backnumber/detail.html?fromto=1801_1820&type=loto6,2026-05-20 04:28:21
1821,2023-08-24,Thu,9,11,12,14,27,38,34,111,3,3,4,1,1,1,1,https://www.mizuhobank.co.jp/takarakuji/check/loto/backnumber/detail.html?fromto=1821_1840&type=loto6,2026-05-20 04:28:21
1822,2023-08-28,Mon,5,18,21,22,26,42,8,134,2,4,1,4,1,1,1,https://www.mizuhobank.co.jp/takarakuji/check/loto/backnumber/detail.html?fromto=1821_1840&type=loto6,2026-05-20 04:28:21
1823,2023-08-31,Thu,4,10,18,25,34,38,40,129,1,5,2,2,2,2,0,https://www.mizuhobank.co.jp/takarakuji/check/loto/backnumber/detail.html?fromto=1821_1840&type=loto6,2026-05-20 04:28:21
1824,2023-09-04,Mon,6,7,13,18,25,43,33,112,4,2,3,2,1,1,1,https://www.mizuhobank.co.jp/takarakuji/check/loto/backnumber/detail.html?fromto=1821_1840&type=loto6,2026-05-20 04:28:21
1825,2023-09-07,Thu,1,10,13,17,20,41,4,102,4,2,3,2,1,1,0,https://www.mizuhobank.co.jp/takarakuji/check/loto/backnumber/detail.html?fromto=1821_1840&type=loto6,2026-05-20 04:28:21
1826,2023-09-11,Mon,7,14,18,19,22,25,38,105,3,3,2,4,0,0,1,https://www.mizuhobank.co.jp/takarakuji/check/loto/backnumber/detail.html?fromto=1821_1840&type=loto6,2026-05-20 04:28:21
1827,2023-09-14,Thu,1,13,18,23,38,41,36,134,4,2,2,2,2,2,0,https://www.mizuhobank.co.jp/takarakuji/check/loto/backnumber/detail.html?fromto=1821_1840&type=loto6,2026-05-20 04:28:21
1828,2023-09-18,Mon,1,6,9,16,18,22,8,72,2,4,3,3,0,0,0,https://www.mizuhobank.co.jp/takarakuji/check/loto/backnumber/detail.html?fromto=1821_1840&type=loto6,2026-05-20 04:28:21
1829,2023-09-21,Thu,12,15,16,17,28,42,32,130,2,4,1,4,1,1,2,https://www.mizuhobank.co.jp/takarakuji/check/loto/backnumber/detail.html?fromto=1821_1840&type=loto6,2026-05-20 04:28:21
1830,2023-09-25,Mon,4,10,23,29,31,36,6,133,3,3,2,2,2,1,0,https://www.mizuhobank.co.jp/takarakuji/check/loto/backnumber/detail.html?fromto=1821_1840&type=loto6,2026-05-20 04:28:21
1831,2023-09-28,Thu,1,14,17,27,32,43,42,134,4,2,2,2,2,2,0,https://www.mizuhobank.co.jp/takarakuji/check/loto/backnumber/detail.html?fromto=1821_1840&type=loto6,2026-05-20 04:28:21
1832,2023-10-02,Mon,2,7,20,25,35,40,6,129,3,3,2,2,2,2,0,https://www.mizuhobank.co.jp/takarakuji/check/loto/backnumber/detail.html?fromto=1821_1840&type=loto6,2026-05-20 04:28:21
1833,2023-10-05,Thu,7,13,34,37,42,43,38,176,4,2,2,0,4,4,1,https://www.mizuhobank.co.jp/takarakuji/check/loto/backnumber/detail.html?fromto=1821_1840&type=loto6,2026-05-20 04:28:21
1834,2023-10-09,Mon,14,21,30,38,40,42,20,185,1,5,1,1,4,3,0,https://www.mizuhobank.co.jp/takarakuji/check/loto/backnumber/detail.html?fromto=1821_1840&type=loto6,2026-05-20 04:28:21
1835,2023-10-12,Thu,11,20,23,24,31,33,1,142,4,2,1,3,2,1,1,https://www.mizuhobank.co.jp/takarakuji/check/loto/backnumber/detail.html?fromto=1821_1840&type=loto6,2026-05-20 04:28:21
1836,2023-10-16,Mon,13,17,18,22,23,41,26,134,4,2,1,4,1,1,2,https://www.mizuhobank.co.jp/takarakuji/check/loto/backnumber/detail.html?fromto=1821_1840&type=loto6,2026-05-20 04:28:21
1837,2023-10-19,Thu,16,17,27,34,38,42,20,174,2,4,0,3,3,3,1,https://www.mizuhobank.co.jp/takarakuji/check/loto/backnumber/detail.html?fromto=1821_1840&type=loto6,2026-05-20 04:28:21
1838,2023-10-23,Mon,3,13,23,28,30,43,5,140,4,2,2,2,2,1,0,https://www.mizuhobank.co.jp/takarakuji/check/loto/backnumber/detail.html?fromto=1821_1840&type=loto6,2026-05-20 04:28:21
1839,2023-10-26,Thu,2,5,26,32,34,40,21,139,1,5,2,1,3,3,0,https://www.mizuhobank.co.jp/takarakuji/check/loto/backnumber/detail.html?fromto=1821_1840&type=loto6,2026-05-20 04:28:21
1840,2023-10-30,Mon,4,9,15,21,26,33,13,108,4,2,2,3,1,1,0,https://www.mizuhobank.co.jp/takarakuji/check/loto/backnumber/detail.html?fromto=1821_1840&type=loto6,2026-05-20 04:28:21
1841,2023-11-02,Thu,8,11,15,31,33,38,30,136,4,2,2,1,3,2,0,https://www.mizuhobank.co.jp/takarakuji/check/loto/backnumber/detail.html?fromto=1841_1860&type=loto6,2026-05-20 04:28:21
1842,2023-11-06,Mon,4,6,9,24,26,29,35,98,2,4,3,3,0,0,0,https://www.mizuhobank.co.jp/takarakuji/check/loto/backnumber/detail.html?fromto=1841_1860&type=loto6,2026-05-20 04:28:21
1843,2023-11-09,Thu,4,5,10,19,26,37,3,101,3,3,3,2,1,1,1,https://www.mizuhobank.co.jp/takarakuji/check/loto/backnumber/detail.html?fromto=1841_1860&type=loto6,2026-05-20 04:28:21
1844,2023-11-13,Mon,12,15,28,31,34,43,9,163,3,3,1,2,3,2,0,https://www.mizuhobank.co.jp/takarakuji/check/loto/backnumber/detail.html?fromto=1841_1860&type=loto6,2026-05-20 04:28:21
1845,2023-11-16,Thu,10,22,25,30,31,39,28,157,3,3,1,2,3,1,1,https://www.mizuhobank.co.jp/takarakuji/check/loto/backnumber/detail.html?fromto=1841_1860&type=loto6,2026-05-20 04:28:21
1846,2023-11-20,Mon,6,8,15,16,33,37,34,115,3,3,2,2,2,2,1,https://www.mizuhobank.co.jp/takarakuji/check/loto/backnumber/detail.html?fromto=1841_1860&type=loto6,2026-05-20 04:28:21
1847,2023-11-23,Thu,18,22,25,35,36,39,43,175,3,3,0,3,3,3,1,https://www.mizuhobank.co.jp/takarakuji/check/loto/backnumber/detail.html?fromto=1841_1860&type=loto6,2026-05-20 04:28:21
1848,2023-11-27,Mon,3,23,26,27,31,35,10,145,5,1,1,3,2,1,1,https://www.mizuhobank.co.jp/takarakuji/check/loto/backnumber/detail.html?fromto=1841_1860&type=loto6,2026-05-20 04:28:21
1849,2023-11-30,Thu,11,15,17,33,36,41,6,153,5,1,1,2,3,3,0,https://www.mizuhobank.co.jp/takarakuji/check/loto/backnumber/detail.html?fromto=1841_1860&type=loto6,2026-05-20 04:28:21
1850,2023-12-04,Mon,1,8,23,30,36,41,39,139,3,3,2,1,3,2,0,https://www.mizuhobank.co.jp/takarakuji/check/loto/backnumber/detail.html?fromto=1841_1860&type=loto6,2026-05-20 04:28:21
1851,2023-12-07,Thu,8,9,10,16,17,39,4,99,3,3,3,2,1,1,3,https://www.mizuhobank.co.jp/takarakuji/check/loto/backnumber/detail.html?fromto=1841_1860&type=loto6,2026-05-20 04:28:21
1852,2023-12-11,Mon,15,16,24,26,35,43,38,159,3,3,0,4,2,2,1,https://www.mizuhobank.co.jp/takarakuji/check/loto/backnumber/detail.html?fromto=1841_1860&type=loto6,2026-05-20 04:28:21
1853,2023-12-14,Thu,11,13,24,26,28,34,17,136,2,4,2,3,1,1,0,https://www.mizuhobank.co.jp/takarakuji/check/loto/backnumber/detail.html?fromto=1841_1860&type=loto6,2026-05-20 04:28:21
1854,2023-12-18,Mon,7,8,12,25,30,32,40,114,2,4,3,1,2,1,1,https://www.mizuhobank.co.jp/takarakuji/check/loto/backnumber/detail.html?fromto=1841_1860&type=loto6,2026-05-20 04:28:21
1855,2023-12-21,Thu,21,24,26,30,31,38,3,170,2,4,0,3,3,1,1,https://www.mizuhobank.co.jp/takarakuji/check/loto/backnumber/detail.html?fromto=1841_1860&type=loto6,2026-05-20 04:28:21
1856,2023-12-25,Mon,4,10,19,31,34,35,43,133,3,3,2,1,3,2,1,https://www.mizuhobank.co.jp/takarakuji/check/loto/backnumber/detail.html?fromto=1841_1860&type=loto6,2026-05-20 04:28:21
1857,2023-12-28,Thu,11,16,20,23,38,41,33,149,3,3,1,3,2,2,0,https://www.mizuhobank.co.jp/takarakuji/check/loto/backnumber/detail.html?fromto=1841_1860&type=loto6,2026-05-20 04:28:21
1858,2024-01-04,Thu,12,13,17,22,35,40,5,139,3,3,2,2,2,2,1,https://www.mizuhobank.co.jp/takarakuji/check/loto/backnumber/detail.html?fromto=1841_1860&type=loto6,2026-05-20 04:28:21
1859,2024-01-08,Mon,1,4,11,28,37,39,15,120,4,2,3,1,2,2,0,https://www.mizuhobank.co.jp/takarakuji/check/loto/backnumber/detail.html?fromto=1841_1860&type=loto6,2026-05-20 04:28:21
1860,2024-01-11,Thu,8,15,20,21,31,34,28,129,3,3,1,3,2,1,1,https://www.mizuhobank.co.jp/takarakuji/check/loto/backnumber/detail.html?fromto=1841_1860&type=loto6,2026-05-20 04:28:21
1861,2024-01-15,Mon,2,12,13,27,39,40,30,133,3,3,3,1,2,2,2,https://www.mizuhobank.co.jp/takarakuji/check/loto/backnumber/detail.html?fromto=1861_1880&type=loto6,2026-05-20 04:28:21
1862,2024-01-18,Thu,25,27,33,37,38,43,16,203,5,1,0,2,4,4,1,https://www.mizuhobank.co.jp/takarakuji/check/loto/backnumber/detail.html?fromto=1861_1880&type=loto6,2026-05-20 04:28:21
1863,2024-01-22,Mon,15,20,24,37,38,39,27,173,3,3,0,3,3,3,2,https://www.mizuhobank.co.jp/takarakuji/check/loto/backnumber/detail.html?fromto=1861_1880&type=loto6,2026-05-20 04:28:21
1864,2024-01-25,Thu,14,22,28,34,41,42,11,181,1,5,1,2,3,3,1,https://www.mizuhobank.co.jp/takarakuji/check/loto/backnumber/detail.html?fromto=1861_1880&type=loto6,2026-05-20 04:28:21
1865,2024-01-29,Mon,3,5,18,21,26,36,34,109,3,3,2,3,1,1,0,https://www.mizuhobank.co.jp/takarakuji/check/loto/backnumber/detail.html?fromto=1861_1880&type=loto6,2026-05-20 04:28:21
1866,2024-02-01,Thu,8,19,21,29,38,40,12,155,3,3,1,3,2,2,0,https://www.mizuhobank.co.jp/takarakuji/check/loto/backnumber/detail.html?fromto=1861_1880&type=loto6,2026-05-20 04:28:21
1867,2024-02-05,Mon,1,6,17,28,40,42,4,134,2,4,2,2,2,2,0,https://www.mizuhobank.co.jp/takarakuji/check/loto/backnumber/detail.html?fromto=1861_1880&type=loto6,2026-05-20 04:28:21
1868,2024-02-08,Thu,3,7,22,23,24,32,2,111,3,3,2,3,1,1,2,https://www.mizuhobank.co.jp/takarakuji/check/loto/backnumber/detail.html?fromto=1861_1880&type=loto6,2026-05-20 04:28:21
1869,2024-02-12,Mon,7,8,16,28,36,37,29,132,2,4,2,2,2,2,2,https://www.mizuhobank.co.jp/takarakuji/check/loto/backnumber/detail.html?fromto=1861_1880&type=loto6,2026-05-20 04:28:21
1870,2024-02-15,Thu,5,9,13,23,25,40,27,115,5,1,3,2,1,1,0,https://www.mizuhobank.co.jp/takarakuji/check/loto/backnumber/detail.html?fromto=1861_1880&type=loto6,2026-05-20 04:28:21
1871,2024-02-19,Mon,7,13,22,24,38,42,14,146,2,4,2,2,2,2,0,https://www.mizuhobank.co.jp/takarakuji/check/loto/backnumber/detail.html?fromto=1861_1880&type=loto6,2026-05-20 04:28:21
1872,2024-02-22,Thu,3,18,20,25,34,40,31,140,2,4,1,3,2,2,0,https://www.mizuhobank.co.jp/takarakuji/check/loto/backnumber/detail.html?fromto=1861_1880&type=loto6,2026-05-20 04:28:21
1873,2024-02-26,Mon,6,15,26,33,39,41,42,160,4,2,1,2,3,3,0,https://www.mizuhobank.co.jp/takarakuji/check/loto/backnumber/detail.html?fromto=1861_1880&type=loto6,2026-05-20 04:28:21
1874,2024-02-29,Thu,13,31,33,36,41,43,29,197,5,1,1,0,5,4,0,https://www.mizuhobank.co.jp/takarakuji/check/loto/backnumber/detail.html?fromto=1861_1880&type=loto6,2026-05-20 04:28:21
1875,2024-03-04,Mon,11,15,16,24,38,39,29,143,3,3,1,3,2,2,2,https://www.mizuhobank.co.jp/takarakuji/check/loto/backnumber/detail.html?fromto=1861_1880&type=loto6,2026-05-20 04:28:21
1876,2024-03-07,Thu,4,7,17,31,38,43,30,140,4,2,2,1,3,2,0,https://www.mizuhobank.co.jp/takarakuji/check/loto/backnumber/detail.html?fromto=1861_1880&type=loto6,2026-05-20 04:28:21
1877,2024-03-11,Mon,1,11,13,16,21,37,6,99,5,1,3,2,1,1,0,https://www.mizuhobank.co.jp/takarakuji/check/loto/backnumber/detail.html?fromto=1861_1880&type=loto6,2026-05-20 04:28:21
1878,2024-03-14,Thu,6,8,12,18,32,38,39,114,0,6,3,1,2,2,0,https://www.mizuhobank.co.jp/takarakuji/check/loto/backnumber/detail.html?fromto=1861_1880&type=loto6,2026-05-20 04:28:21
1879,2024-03-18,Mon,1,8,14,27,29,37,6,116,4,2,3,2,1,1,0,https://www.mizuhobank.co.jp/takarakuji/check/loto/backnumber/detail.html?fromto=1861_1880&type=loto6,2026-05-20 04:28:21
1880,2024-03-21,Thu,9,14,21,31,33,43,30,151,5,1,2,1,3,2,0,https://www.mizuhobank.co.jp/takarakuji/check/loto/backnumber/detail.html?fromto=1861_1880&type=loto6,2026-05-20 04:28:21
1881,2024-03-25,Mon,2,9,22,31,33,35,30,132,4,2,2,1,3,2,0,https://www.mizuhobank.co.jp/takarakuji/check/loto/backnumber/detail.html?fromto=1881_1900&type=loto6,2026-05-20 04:28:21
1882,2024-03-28,Thu,3,6,11,25,36,43,10,124,4,2,3,1,2,2,0,https://www.mizuhobank.co.jp/takarakuji/check/loto/backnumber/detail.html?fromto=1881_1900&type=loto6,2026-05-20 04:28:21
1883,2024-04-01,Mon,3,11,24,25,28,32,5,123,3,3,2,3,1,1,1,https://www.mizuhobank.co.jp/takarakuji/check/loto/backnumber/detail.html?fromto=1881_1900&type=loto6,2026-05-20 04:28:21
1884,2024-04-04,Thu,20,25,29,36,38,42,19,190,2,4,0,3,3,3,0,https://www.mizuhobank.co.jp/takarakuji/check/loto/backnumber/detail.html?fromto=1881_1900&type=loto6,2026-05-20 04:28:21
1885,2024-04-08,Mon,2,6,7,16,17,41,32,89,3,3,3,2,1,1,2,https://www.mizuhobank.co.jp/takarakuji/check/loto/backnumber/detail.html?fromto=1881_1900&type=loto6,2026-05-20 04:28:21
1886,2024-04-11,Thu,1,6,19,25,33,39,15,123,5,1,2,2,2,2,0,https://www.mizuhobank.co.jp/takarakuji/check/loto/backnumber/detail.html?fromto=1881_1900&type=loto6,2026-05-20 04:28:21
1887,2024-04-15,Mon,5,7,15,18,36,37,20,118,4,2,2,2,2,2,1,https://www.mizuhobank.co.jp/takarakuji/check/loto/backnumber/detail.html?fromto=1881_1900&type=loto6,2026-05-20 04:28:21
1888,2024-04-18,Thu,4,5,6,28,29,39,7,111,3,3,3,2,1,1,3,https://www.mizuhobank.co.jp/takarakuji/check/loto/backnumber/detail.html?fromto=1881_1900&type=loto6,2026-05-20 04:28:21
1889,2024-04-22,Mon,7,15,21,27,28,32,24,130,4,2,1,4,1,1,1,https://www.mizuhobank.co.jp/takarakuji/check/loto/backnumber/detail.html?fromto=1881_1900&type=loto6,2026-05-20 04:28:21
1890,2024-04-25,Thu,17,21,29,34,41,42,2,184,4,2,0,3,3,3,1,https://www.mizuhobank.co.jp/takarakuji/check/loto/backnumber/detail.html?fromto=1881_1900&type=loto6,2026-05-20 04:28:21
1891,2024-04-29,Mon,2,16,23,38,40,43,33,162,2,4,1,2,3,3,0,https://www.mizuhobank.co.jp/takarakuji/check/loto/backnumber/detail.html?fromto=1881_1900&type=loto6,2026-05-20 04:28:21
1892,2024-05-02,Thu,7,8,9,19,22,38,24,103,3,3,3,2,1,1,2,https://www.mizuhobank.co.jp/takarakuji/check/loto/backnumber/detail.html?fromto=1881_1900&type=loto6,2026-05-20 04:28:21
1893,2024-05-06,Mon,25,31,33,35,37,42,16,203,5,1,0,1,5,4,0,https://www.mizuhobank.co.jp/takarakuji/check/loto/backnumber/detail.html?fromto=1881_1900&type=loto6,2026-05-20 04:28:21
1894,2024-05-09,Thu,19,29,36,37,41,42,35,204,4,2,0,2,4,4,2,https://www.mizuhobank.co.jp/takarakuji/check/loto/backnumber/detail.html?fromto=1881_1900&type=loto6,2026-05-20 04:28:21
1895,2024-05-13,Mon,6,18,29,33,35,40,1,161,3,3,1,2,3,3,0,https://www.mizuhobank.co.jp/takarakuji/check/loto/backnumber/detail.html?fromto=1881_1900&type=loto6,2026-05-20 04:28:21
1896,2024-05-16,Thu,5,12,15,16,28,40,1,116,2,4,2,3,1,1,1,https://www.mizuhobank.co.jp/takarakuji/check/loto/backnumber/detail.html?fromto=1881_1900&type=loto6,2026-05-20 04:28:21
1897,2024-05-20,Mon,7,23,27,30,34,36,28,157,3,3,1,2,3,2,0,https://www.mizuhobank.co.jp/takarakuji/check/loto/backnumber/detail.html?fromto=1881_1900&type=loto6,2026-05-20 04:28:21
1898,2024-05-23,Thu,5,19,23,26,31,42,32,146,4,2,1,3,2,1,0,https://www.mizuhobank.co.jp/takarakuji/check/loto/backnumber/detail.html?fromto=1881_1900&type=loto6,2026-05-20 04:28:21
1899,2024-05-27,Mon,2,4,9,19,33,36,3,103,3,3,3,1,2,2,0,https://www.mizuhobank.co.jp/takarakuji/check/loto/backnumber/detail.html?fromto=1881_1900&type=loto6,2026-05-20 04:28:21
1900,2024-05-30,Thu,3,9,29,30,39,42,23,152,4,2,2,1,3,2,1,https://www.mizuhobank.co.jp/takarakuji/check/loto/backnumber/detail.html?fromto=1881_1900&type=loto6,2026-05-20 04:28:21
1901,2024-06-03,Mon,14,15,26,28,33,37,4,153,3,3,1,3,2,2,1,https://www.mizuhobank.co.jp/takarakuji/check/loto/backnumber/detail.html?fromto=1901_1920&type=loto6,2026-05-20 04:28:21
1902,2024-06-06,Thu,4,7,15,18,35,40,12,119,3,3,2,2,2,2,0,https://www.mizuhobank.co.jp/takarakuji/check/loto/backnumber/detail.html?fromto=1901_1920&type=loto6,2026-05-20 04:28:21
1903,2024-06-10,Mon,18,19,23,25,27,32,20,144,4,2,0,5,1,1,1,https://www.mizuhobank.co.jp/takarakuji/check/loto/backnumber/detail.html?fromto=1901_1920&type=loto6,2026-05-20 04:28:21
1904,2024-06-13,Thu,14,21,23,24,28,36,7,146,2,4,1,4,1,1,1,https://www.mizuhobank.co.jp/takarakuji/check/loto/backnumber/detail.html?fromto=1901_1920&type=loto6,2026-05-20 04:28:21
1905,2024-06-17,Mon,4,5,17,20,29,30,40,105,3,3,2,3,1,0,2,https://www.mizuhobank.co.jp/takarakuji/check/loto/backnumber/detail.html?fromto=1901_1920&type=loto6,2026-05-20 04:28:21
1906,2024-06-20,Thu,1,8,21,22,30,42,24,124,2,4,2,2,2,1,1,https://www.mizuhobank.co.jp/takarakuji/check/loto/backnumber/detail.html?fromto=1901_1920&type=loto6,2026-05-20 04:28:21
1907,2024-06-24,Mon,10,14,21,23,24,40,28,132,2,4,2,3,1,1,1,https://www.mizuhobank.co.jp/takarakuji/check/loto/backnumber/detail.html?fromto=1901_1920&type=loto6,2026-05-20 04:28:21
1908,2024-06-27,Thu,3,9,21,25,42,43,36,143,5,1,2,2,2,2,1,https://www.mizuhobank.co.jp/takarakuji/check/loto/backnumber/detail.html?fromto=1901_1920&type=loto6,2026-05-20 04:28:21
1909,2024-07-01,Mon,3,5,7,8,22,27,28,72,4,2,4,2,0,0,1,https://www.mizuhobank.co.jp/takarakuji/check/loto/backnumber/detail.html?fromto=1901_1920&type=loto6,2026-05-20 04:28:21
1910,2024-07-04,Thu,2,8,24,29,30,31,6,124,2,4,2,2,2,0,2,https://www.mizuhobank.co.jp/takarakuji/check/loto/backnumber/detail.html?fromto=1901_1920&type=loto6,2026-05-20 04:28:21
1911,2024-07-08,Mon,4,8,9,14,16,41,15,92,2,4,4,1,1,1,1,https://www.mizuhobank.co.jp/takarakuji/check/loto/backnumber/detail.html?fromto=1901_1920&type=loto6,2026-05-20 04:28:21
1912,2024-07-11,Thu,1,11,24,29,33,34,4,132,4,2,2,2,2,2,1,https://www.mizuhobank.co.jp/takarakuji/check/loto/backnumber/detail.html?fromto=1901_1920&type=loto6,2026-05-20 04:28:21
1913,2024-07-15,Mon,2,5,22,23,29,33,17,114,4,2,2,3,1,1,1,https://www.mizuhobank.co.jp/takarakuji/check/loto/backnumber/detail.html?fromto=1901_1920&type=loto6,2026-05-20 04:28:21
1914,2024-07-18,Thu,4,10,22,24,36,38,8,134,0,6,2,2,2,2,0,https://www.mizuhobank.co.jp/takarakuji/check/loto/backnumber/detail.html?fromto=1901_1920&type=loto6,2026-05-20 04:28:21
1915,2024-07-22,Mon,4,10,14,19,24,40,15,111,1,5,3,2,1,1,0,https://www.mizuhobank.co.jp/takarakuji/check/loto/backnumber/detail.html?fromto=1901_1920&type=loto6,2026-05-20 04:28:21
1916,2024-07-25,Thu,5,13,18,23,30,39,33,128,4,2,2,2,2,1,0,https://www.mizuhobank.co.jp/takarakuji/check/loto/backnumber/detail.html?fromto=1901_1920&type=loto6,2026-05-20 04:28:21
1917,2024-07-29,Mon,3,12,14,29,30,33,21,121,3,3,3,1,2,1,1,https://www.mizuhobank.co.jp/takarakuji/check/loto/backnumber/detail.html?fromto=1901_1920&type=loto6,2026-05-20 04:28:21
1918,2024-08-01,Thu,3,4,5,6,18,20,11,56,2,4,4,2,0,0,3,https://www.mizuhobank.co.jp/takarakuji/check/loto/backnumber/detail.html?fromto=1901_1920&type=loto6,2026-05-20 04:28:21
1919,2024-08-05,Mon,5,17,19,21,38,41,6,141,5,1,1,3,2,2,0,https://www.mizuhobank.co.jp/takarakuji/check/loto/backnumber/detail.html?fromto=1901_1920&type=loto6,2026-05-20 04:28:21
1920,2024-08-08,Thu,6,10,22,23,31,36,37,128,2,4,2,2,2,1,1,https://www.mizuhobank.co.jp/takarakuji/check/loto/backnumber/detail.html?fromto=1901_1920&type=loto6,2026-05-20 04:28:21
1921,2024-08-12,Mon,1,2,13,25,33,41,31,115,5,1,3,1,2,2,1,https://www.mizuhobank.co.jp/takarakuji/check/loto/backnumber/detail.html?fromto=1921_1940&type=loto6,2026-05-20 04:28:21
1922,2024-08-15,Thu,3,11,22,31,33,35,13,135,5,1,2,1,3,2,0,https://www.mizuhobank.co.jp/takarakuji/check/loto/backnumber/detail.html?fromto=1921_1940&type=loto6,2026-05-20 04:28:21
1923,2024-08-19,Mon,6,7,18,30,34,37,3,132,2,4,2,1,3,2,1,https://www.mizuhobank.co.jp/takarakuji/check/loto/backnumber/detail.html?fromto=1921_1940&type=loto6,2026-05-20 04:28:21
1924,2024-08-22,Thu,7,16,18,25,26,27,17,119,3,3,1,5,0,0,2,https://www.mizuhobank.co.jp/takarakuji/check/loto/backnumber/detail.html?fromto=1921_1940&type=loto6,2026-05-20 04:28:21
1925,2024-08-26,Mon,5,9,11,18,34,37,22,114,4,2,3,1,2,2,0,https://www.mizuhobank.co.jp/takarakuji/check/loto/backnumber/detail.html?fromto=1921_1940&type=loto6,2026-05-20 04:28:21
1926,2024-08-29,Thu,10,13,18,24,34,37,1,136,2,4,2,2,2,2,0,https://www.mizuhobank.co.jp/takarakuji/check/loto/backnumber/detail.html?fromto=1921_1940&type=loto6,2026-05-20 04:28:21
1927,2024-09-02,Mon,2,11,18,26,32,36,10,125,1,5,2,2,2,2,0,https://www.mizuhobank.co.jp/takarakuji/check/loto/backnumber/detail.html?fromto=1921_1940&type=loto6,2026-05-20 04:28:21
1928,2024-09-05,Thu,2,18,20,24,26,29,22,119,1,5,1,5,0,0,0,https://www.mizuhobank.co.jp/takarakuji/check/loto/backnumber/detail.html?fromto=1921_1940&type=loto6,2026-05-20 04:28:21
1929,2024-09-09,Mon,7,10,12,20,40,43,4,132,2,4,3,1,2,2,0,https://www.mizuhobank.co.jp/takarakuji/check/loto/backnumber/detail.html?fromto=1921_1940&type=loto6,2026-05-20 04:28:21
1930,2024-09-12,Thu,5,10,19,23,29,37,11,123,5,1,2,3,1,1,0,https://www.mizuhobank.co.jp/takarakuji/check/loto/backnumber/detail.html?fromto=1921_1940&type=loto6,2026-05-20 04:28:21
1931,2024-09-16,Mon,9,23,27,30,33,41,4,163,5,1,1,2,3,2,0,https://www.mizuhobank.co.jp/takarakuji/check/loto/backnumber/detail.html?fromto=1921_1940&type=loto6,2026-05-20 04:28:21
1932,2024-09-19,Thu,1,5,16,20,24,31,29,97,3,3,2,3,1,0,0,https://www.mizuhobank.co.jp/takarakuji/check/loto/backnumber/detail.html?fromto=1921_1940&type=loto6,2026-05-20 04:28:21
1933,2024-09-23,Mon,3,7,9,10,12,30,16,71,3,3,5,0,1,0,1,https://www.mizuhobank.co.jp/takarakuji/check/loto/backnumber/detail.html?fromto=1921_1940&type=loto6,2026-05-20 04:28:21
1934,2024-09-26,Thu,6,13,16,20,27,41,30,123,3,3,2,3,1,1,0,https://www.mizuhobank.co.jp/takarakuji/check/loto/backnumber/detail.html?fromto=1921_1940&type=loto6,2026-05-20 04:28:21
1935,2024-09-30,Mon,3,8,12,14,17,40,2,94,2,4,4,1,1,1,0,https://www.mizuhobank.co.jp/takarakuji/check/loto/backnumber/detail.html?fromto=1921_1940&type=loto6,2026-05-20 04:28:21
1936,2024-10-03,Thu,1,6,19,29,33,35,26,123,5,1,2,2,2,2,0,https://www.mizuhobank.co.jp/takarakuji/check/loto/backnumber/detail.html?fromto=1921_1940&type=loto6,2026-05-20 04:28:21
1937,2024-10-07,Mon,1,9,26,28,31,38,8,133,3,3,2,2,2,1,0,https://www.mizuhobank.co.jp/takarakuji/check/loto/backnumber/detail.html?fromto=1921_1940&type=loto6,2026-05-20 04:28:21
1938,2024-10-10,Thu,5,9,14,32,39,41,24,140,4,2,3,0,3,3,0,https://www.mizuhobank.co.jp/takarakuji/check/loto/backnumber/detail.html?fromto=1921_1940&type=loto6,2026-05-20 04:28:21
1939,2024-10-14,Mon,10,22,26,27,29,37,41,151,3,3,1,4,1,1,1,https://www.mizuhobank.co.jp/takarakuji/check/loto/backnumber/detail.html?fromto=1921_1940&type=loto6,2026-05-20 04:28:21
1940,2024-10-17,Thu,2,14,15,25,26,42,9,124,2,4,2,3,1,1,2,https://www.mizuhobank.co.jp/takarakuji/check/loto/backnumber/detail.html?fromto=1921_1940&type=loto6,2026-05-20 04:28:21
1941,2024-10-21,Mon,2,12,13,21,23,43,39,114,4,2,3,2,1,1,1,https://www.mizuhobank.co.jp/takarakuji/check/loto/backnumber/detail.html?fromto=1941_1960&type=loto6,2026-05-20 04:28:21
1942,2024-10-24,Thu,1,16,18,26,27,35,29,123,3,3,1,4,1,1,1,https://www.mizuhobank.co.jp/takarakuji/check/loto/backnumber/detail.html?fromto=1941_1960&type=loto6,2026-05-20 04:28:21
1943,2024-10-28,Mon,10,11,17,25,34,38,9,135,3,3,2,2,2,2,1,https://www.mizuhobank.co.jp/takarakuji/check/loto/backnumber/detail.html?fromto=1941_1960&type=loto6,2026-05-20 04:28:21
1944,2024-10-31,Thu,6,11,21,33,39,42,18,152,4,2,2,1,3,3,0,https://www.mizuhobank.co.jp/takarakuji/check/loto/backnumber/detail.html?fromto=1941_1960&type=loto6,2026-05-20 04:28:21
1945,2024-11-04,Mon,1,2,4,14,27,43,41,91,3,3,4,1,1,1,1,https://www.mizuhobank.co.jp/takarakuji/check/loto/backnumber/detail.html?fromto=1941_1960&type=loto6,2026-05-20 04:28:21
1946,2024-11-07,Thu,8,9,11,27,36,38,18,129,3,3,3,1,2,2,1,https://www.mizuhobank.co.jp/takarakuji/check/loto/backnumber/detail.html?fromto=1941_1960&type=loto6,2026-05-20 04:28:21
1947,2024-11-11,Mon,10,24,30,36,37,41,5,178,2,4,1,1,4,3,1,https://www.mizuhobank.co.jp/takarakuji/check/loto/backnumber/detail.html?fromto=1941_1960&type=loto6,2026-05-20 04:28:21
1948,2024-11-14,Thu,18,29,30,38,39,43,40,197,3,3,0,2,4,3,2,https://www.mizuhobank.co.jp/takarakuji/check/loto/backnumber/detail.html?fromto=1941_1960&type=loto6,2026-05-20 04:28:21
1949,2024-11-18,Mon,12,13,17,28,37,43,27,150,4,2,2,2,2,2,1,https://www.mizuhobank.co.jp/takarakuji/check/loto/backnumber/detail.html?fromto=1941_1960&type=loto6,2026-05-20 04:28:21
1950,2024-11-21,Thu,9,20,26,28,30,42,6,155,1,5,1,3,2,1,0,https://www.mizuhobank.co.jp/takarakuji/check/loto/backnumber/detail.html?fromto=1941_1960&type=loto6,2026-05-20 04:28:21
1951,2024-11-25,Mon,1,3,6,23,28,35,14,96,4,2,3,2,1,1,0,https://www.mizuhobank.co.jp/takarakuji/check/loto/backnumber/detail.html?fromto=1941_1960&type=loto6,2026-05-20 04:28:21
1952,2024-11-28,Thu,24,25,31,32,34,40,12,186,2,4,0,2,4,3,2,https://www.mizuhobank.co.jp/takarakuji/check/loto/backnumber/detail.html?fromto=1941_1960&type=loto6,2026-05-20 04:28:21
1953,2024-12-02,Mon,19,23,29,33,36,40,27,180,4,2,0,3,3,3,0,https://www.mizuhobank.co.jp/takarakuji/check/loto/backnumber/detail.html?fromto=1941_1960&type=loto6,2026-05-20 04:28:21
1954,2024-12-05,Thu,2,10,15,25,35,37,22,124,4,2,2,2,2,2,0,https://www.mizuhobank.co.jp/takarakuji/check/loto/backnumber/detail.html?fromto=1941_1960&type=loto6,2026-05-20 04:28:21
1955,2024-12-09,Mon,11,19,26,28,29,36,1,149,3,3,1,4,1,1,1,https://www.mizuhobank.co.jp/takarakuji/check/loto/backnumber/detail.html?fromto=1941_1960&type=loto6,2026-05-20 04:28:21
1956,2024-12-12,Thu,2,19,21,24,35,42,17,143,3,3,1,3,2,2,0,https://www.mizuhobank.co.jp/takarakuji/check/loto/backnumber/detail.html?fromto=1941_1960&type=loto6,2026-05-20 04:28:21
1957,2024-12-16,Mon,3,4,5,13,34,42,18,101,3,3,4,0,2,2,2,https://www.mizuhobank.co.jp/takarakuji/check/loto/backnumber/detail.html?fromto=1941_1960&type=loto6,2026-05-20 04:28:21
1958,2024-12-19,Thu,1,15,16,20,21,25,19,98,4,2,1,5,0,0,2,https://www.mizuhobank.co.jp/takarakuji/check/loto/backnumber/detail.html?fromto=1941_1960&type=loto6,2026-05-20 04:28:21
1959,2024-12-23,Mon,19,20,36,40,41,43,22,199,3,3,0,2,4,4,2,https://www.mizuhobank.co.jp/takarakuji/check/loto/backnumber/detail.html?fromto=1941_1960&type=loto6,2026-05-20 04:28:21
1960,2024-12-26,Thu,10,22,27,28,31,32,8,150,2,4,1,3,2,1,2,https://www.mizuhobank.co.jp/takarakuji/check/loto/backnumber/detail.html?fromto=1941_1960&type=loto6,2026-05-20 04:28:21
1961,2024-12-30,Mon,11,12,27,28,38,43,10,159,3,3,2,2,2,2,2,https://www.mizuhobank.co.jp/takarakuji/check/loto/backnumber/detail.html?fromto=1961_1980&type=loto6,2026-05-20 04:28:21
1962,2025-01-06,Mon,4,8,19,22,32,37,26,122,2,4,2,2,2,2,0,https://www.mizuhobank.co.jp/takarakuji/check/loto/backnumber/detail.html?fromto=1961_1980&type=loto6,2026-05-20 04:28:21
1963,2025-01-09,Thu,3,4,20,29,35,38,6,129,3,3,2,2,2,2,1,https://www.mizuhobank.co.jp/takarakuji/check/loto/backnumber/detail.html?fromto=1961_1980&type=loto6,2026-05-20 04:28:21
1964,2025-01-13,Mon,2,5,28,33,35,36,34,139,3,3,2,1,3,3,1,https://www.mizuhobank.co.jp/takarakuji/check/loto/backnumber/detail.html?fromto=1961_1980&type=loto6,2026-05-20 04:28:21
1965,2025-01-16,Thu,17,18,20,23,33,43,19,154,4,2,0,4,2,2,1,https://www.mizuhobank.co.jp/takarakuji/check/loto/backnumber/detail.html?fromto=1961_1980&type=loto6,2026-05-20 04:28:21
1966,2025-01-20,Mon,4,12,25,29,34,36,32,140,2,4,2,2,2,2,0,https://www.mizuhobank.co.jp/takarakuji/check/loto/backnumber/detail.html?fromto=1961_1980&type=loto6,2026-05-20 04:28:21
1967,2025-01-23,Thu,3,4,22,26,29,35,37,119,3,3,2,3,1,1,1,https://www.mizuhobank.co.jp/takarakuji/check/loto/backnumber/detail.html?fromto=1961_1980&type=loto6,2026-05-20 04:28:21
1968,2025-01-27,Mon,6,13,15,22,35,41,37,132,4,2,2,2,2,2,0,https://www.mizuhobank.co.jp/takarakuji/check/loto/backnumber/detail.html?fromto=1961_1980&type=loto6,2026-05-20 04:28:21
1969,2025-01-30,Thu,3,7,12,13,35,38,24,108,4,2,4,0,2,2,1,https://www.mizuhobank.co.jp/takarakuji/check/loto/backnumber/detail.html?fromto=1961_1980&type=loto6,2026-05-20 04:28:21
1970,2025-02-03,Mon,11,26,27,31,36,37,42,168,4,2,1,2,3,2,2,https://www.mizuhobank.co.jp/takarakuji/check/loto/backnumber/detail.html?fromto=1961_1980&type=loto6,2026-05-20 04:28:21
1971,2025-02-06,Thu,2,6,9,26,32,36,23,111,1,5,3,1,2,2,0,https://www.mizuhobank.co.jp/takarakuji/check/loto/backnumber/detail.html?fromto=1961_1980&type=loto6,2026-05-20 04:28:21
1972,2025-02-10,Mon,3,14,27,28,32,36,12,140,2,4,2,2,2,2,1,https://www.mizuhobank.co.jp/takarakuji/check/loto/backnumber/detail.html?fromto=1961_1980&type=loto6,2026-05-20 04:28:21
1973,2025-02-13,Thu,7,10,14,27,28,32,4,118,2,4,3,2,1,1,1,https://www.mizuhobank.co.jp/takarakuji/check/loto/backnumber/detail.html?fromto=1961_1980&type=loto6,2026-05-20 04:28:21
1974,2025-02-17,Mon,2,6,13,21,24,30,43,96,2,4,3,2,1,0,0,https://www.mizuhobank.co.jp/takarakuji/check/loto/backnumber/detail.html?fromto=1961_1980&type=loto6,2026-05-20 04:28:21
1975,2025-02-20,Thu,11,13,15,20,35,42,19,136,4,2,2,2,2,2,0,https://www.mizuhobank.co.jp/takarakuji/check/loto/backnumber/detail.html?fromto=1961_1980&type=loto6,2026-05-20 04:28:21
1976,2025-02-24,Mon,4,6,22,30,33,36,2,131,1,5,2,1,3,2,0,https://www.mizuhobank.co.jp/takarakuji/check/loto/backnumber/detail.html?fromto=1961_1980&type=loto6,2026-05-20 04:28:21
1977,2025-02-27,Thu,4,14,20,28,29,34,30,129,1,5,2,3,1,1,1,https://www.mizuhobank.co.jp/takarakuji/check/loto/backnumber/detail.html?fromto=1961_1980&type=loto6,2026-05-20 04:28:21
1978,2025-03-03,Mon,23,25,26,30,34,35,12,173,3,3,0,3,3,2,2,https://www.mizuhobank.co.jp/takarakuji/check/loto/backnumber/detail.html?fromto=1961_1980&type=loto6,2026-05-20 04:28:21
1979,2025-03-06,Thu,15,18,19,21,37,40,17,150,4,2,0,4,2,2,1,https://www.mizuhobank.co.jp/takarakuji/check/loto/backnumber/detail.html?fromto=1961_1980&type=loto6,2026-05-20 04:28:21
1980,2025-03-10,Mon,1,2,13,19,35,41,3,111,5,1,3,1,2,2,1,https://www.mizuhobank.co.jp/takarakuji/check/loto/backnumber/detail.html?fromto=1961_1980&type=loto6,2026-05-20 04:28:21
1981,2025-03-13,Thu,5,10,15,17,29,41,30,117,5,1,2,3,1,1,0,https://www.mizuhobank.co.jp/takarakuji/check/loto/backnumber/detail.html?fromto=1981_2000&type=loto6,2026-05-20 04:28:21
1982,2025-03-17,Mon,20,21,23,28,32,34,6,158,2,4,0,4,2,2,1,https://www.mizuhobank.co.jp/takarakuji/check/loto/backnumber/detail.html?fromto=1981_2000&type=loto6,2026-05-20 04:28:21
1983,2025-03-20,Thu,3,18,31,36,37,40,23,165,3,3,1,1,4,3,1,https://www.mizuhobank.co.jp/takarakuji/check/loto/backnumber/detail.html?fromto=1981_2000&type=loto6,2026-05-20 04:28:21
1984,2025-03-24,Mon,4,19,28,29,34,40,3,154,2,4,1,3,2,2,1,https://www.mizuhobank.co.jp/takarakuji/check/loto/backnumber/detail.html?fromto=1981_2000&type=loto6,2026-05-20 04:28:21
1985,2025-03-27,Thu,1,30,36,37,41,43,33,188,4,2,1,0,5,4,1,https://www.mizuhobank.co.jp/takarakuji/check/loto/backnumber/detail.html?fromto=1981_2000&type=loto6,2026-05-20 04:28:21
1986,2025-03-31,Mon,14,20,29,31,41,42,24,177,3,3,1,2,3,2,1,https://www.mizuhobank.co.jp/takarakuji/check/loto/backnumber/detail.html?fromto=1981_2000&type=loto6,2026-05-20 04:28:21
1987,2025-04-03,Thu,8,12,25,28,32,42,27,147,1,5,2,2,2,2,0,https://www.mizuhobank.co.jp/takarakuji/check/loto/backnumber/detail.html?fromto=1981_2000&type=loto6,2026-05-20 04:28:21
1988,2025-04-07,Mon,6,20,23,24,33,35,27,141,3,3,1,3,2,2,1,https://www.mizuhobank.co.jp/takarakuji/check/loto/backnumber/detail.html?fromto=1981_2000&type=loto6,2026-05-20 04:28:21
1989,2025-04-10,Thu,15,17,23,29,35,43,8,162,6,0,0,4,2,2,0,https://www.mizuhobank.co.jp/takarakuji/check/loto/backnumber/detail.html?fromto=1981_2000&type=loto6,2026-05-20 04:28:21
1990,2025-04-14,Mon,6,9,15,19,24,40,30,113,3,3,2,3,1,1,0,https://www.mizuhobank.co.jp/takarakuji/check/loto/backnumber/detail.html?fromto=1981_2000&type=loto6,2026-05-20 04:28:21
1991,2025-04-17,Thu,1,5,12,16,17,40,4,91,3,3,3,2,1,1,1,https://www.mizuhobank.co.jp/takarakuji/check/loto/backnumber/detail.html?fromto=1981_2000&type=loto6,2026-05-20 04:28:21
1992,2025-04-21,Mon,9,11,18,21,27,34,13,120,4,2,2,3,1,1,0,https://www.mizuhobank.co.jp/takarakuji/check/loto/backnumber/detail.html?fromto=1981_2000&type=loto6,2026-05-20 04:28:21
1993,2025-04-24,Thu,7,12,13,35,37,42,31,146,4,2,3,0,3,3,1,https://www.mizuhobank.co.jp/takarakuji/check/loto/backnumber/detail.html?fromto=1981_2000&type=loto6,2026-05-20 04:28:21
1994,2025-04-28,Mon,10,11,13,16,24,26,12,100,2,4,3,3,0,0,1,https://www.mizuhobank.co.jp/takarakuji/check/loto/backnumber/detail.html?fromto=1981_2000&type=loto6,2026-05-20 04:28:21
1995,2025-05-01,Thu,2,4,8,26,27,37,19,104,2,4,3,2,1,1,1,https://www.mizuhobank.co.jp/takarakuji/check/loto/backnumber/detail.html?fromto=1981_2000&type=loto6,2026-05-20 04:28:21
1996,2025-05-05,Mon,6,17,26,28,33,34,20,144,2,4,1,3,2,2,1,https://www.mizuhobank.co.jp/takarakuji/check/loto/backnumber/detail.html?fromto=1981_2000&type=loto6,2026-05-20 04:28:21
1997,2025-05-08,Thu,5,16,17,28,36,40,14,142,2,4,1,3,2,2,1,https://www.mizuhobank.co.jp/takarakuji/check/loto/backnumber/detail.html?fromto=1981_2000&type=loto6,2026-05-20 04:28:21
1998,2025-05-12,Mon,1,4,6,9,20,43,21,83,3,3,4,1,1,1,0,https://www.mizuhobank.co.jp/takarakuji/check/loto/backnumber/detail.html?fromto=1981_2000&type=loto6,2026-05-20 04:28:21
1999,2025-05-15,Thu,17,31,34,35,36,38,2,191,3,3,0,1,5,4,2,https://www.mizuhobank.co.jp/takarakuji/check/loto/backnumber/detail.html?fromto=1981_2000&type=loto6,2026-05-20 04:28:21
2000,2025-05-19,Mon,1,2,16,21,25,35,22,100,4,2,2,3,1,1,1,https://www.mizuhobank.co.jp/takarakuji/check/loto/backnumber/detail.html?fromto=1981_2000&type=loto6,2026-05-20 04:28:21
2001,2025-05-22,Thu,13,21,24,26,34,36,20,154,2,4,1,3,2,2,0,https://www.mizuhobank.co.jp/takarakuji/check/loto/backnumber/detail.html?fromto=2001_2020&type=loto6,2026-05-20 04:28:21
2002,2025-05-26,Mon,1,17,19,23,36,42,15,138,4,2,1,3,2,2,0,https://www.mizuhobank.co.jp/takarakuji/check/loto/backnumber/detail.html?fromto=2001_2020&type=loto6,2026-05-20 04:28:21
2003,2025-05-29,Thu,1,5,10,13,35,40,39,104,4,2,4,0,2,2,0,https://www.mizuhobank.co.jp/takarakuji/check/loto/backnumber/detail.html?fromto=2001_2020&type=loto6,2026-05-20 04:28:21
2004,2025-06-02,Mon,16,18,25,27,31,36,7,153,3,3,0,4,2,1,0,https://www.mizuhobank.co.jp/takarakuji/check/loto/backnumber/detail.html?fromto=2001_2020&type=loto6,2026-05-20 04:28:21
2005,2025-06-05,Thu,3,7,18,27,33,34,6,122,4,2,2,2,2,2,1,https://www.mizuhobank.co.jp/takarakuji/check/loto/backnumber/detail.html?fromto=2001_2020&type=loto6,2026-05-20 04:28:21
2006,2025-06-09,Mon,4,7,19,22,26,28,33,106,2,4,2,4,0,0,0,https://www.mizuhobank.co.jp/takarakuji/check/loto/backnumber/detail.html?fromto=2001_2020&type=loto6,2026-05-20 04:28:21
2007,2025-06-12,Thu,6,18,23,24,30,35,38,136,2,4,1,3,2,1,1,https://www.mizuhobank.co.jp/takarakuji/check/loto/backnumber/detail.html?fromto=2001_2020&type=loto6,2026-05-20 04:28:21
2008,2025-06-16,Mon,5,8,9,17,22,36,30,97,3,3,3,2,1,1,1,https://www.mizuhobank.co.jp/takarakuji/check/loto/backnumber/detail.html?fromto=2001_2020&type=loto6,2026-05-20 04:28:21
2009,2025-06-19,Thu,8,17,20,35,36,40,12,156,2,4,1,2,3,3,1,https://www.mizuhobank.co.jp/takarakuji/check/loto/backnumber/detail.html?fromto=2001_2020&type=loto6,2026-05-20 04:28:21
2010,2025-06-23,Mon,9,15,24,29,31,40,13,148,4,2,1,3,2,1,0,https://www.mizuhobank.co.jp/takarakuji/check/loto/backnumber/detail.html?fromto=2001_2020&type=loto6,2026-05-20 04:28:21
2011,2025-06-26,Thu,12,14,18,24,30,42,4,140,0,6,2,2,2,1,0,https://www.mizuhobank.co.jp/takarakuji/check/loto/backnumber/detail.html?fromto=2001_2020&type=loto6,2026-05-20 04:28:21
2012,2025-06-30,Mon,1,14,20,36,38,41,30,150,2,4,2,1,3,3,0,https://www.mizuhobank.co.jp/takarakuji/check/loto/backnumber/detail.html?fromto=2001_2020&type=loto6,2026-05-20 04:28:21
2013,2025-07-03,Thu,7,12,30,31,39,43,42,162,4,2,2,0,4,2,1,https://www.mizuhobank.co.jp/takarakuji/check/loto/backnumber/detail.html?fromto=2001_2020&type=loto6,2026-05-20 04:28:21
2014,2025-07-07,Mon,7,11,21,24,29,34,40,126,4,2,2,3,1,1,0,https://www.mizuhobank.co.jp/takarakuji/check/loto/backnumber/detail.html?fromto=2001_2020&type=loto6,2026-05-20 04:28:21
2015,2025-07-10,Thu,6,8,13,16,20,23,26,86,2,4,3,3,0,0,0,https://www.mizuhobank.co.jp/takarakuji/check/loto/backnumber/detail.html?fromto=2001_2020&type=loto6,2026-05-20 04:28:21
2016,2025-07-14,Mon,10,13,27,31,40,42,1,163,3,3,2,1,3,2,0,https://www.mizuhobank.co.jp/takarakuji/check/loto/backnumber/detail.html?fromto=2001_2020&type=loto6,2026-05-20 04:28:21
2017,2025-07-17,Thu,2,4,11,22,24,35,8,98,2,4,3,2,1,1,0,https://www.mizuhobank.co.jp/takarakuji/check/loto/backnumber/detail.html?fromto=2001_2020&type=loto6,2026-05-20 04:28:21
2018,2025-07-21,Mon,1,2,14,21,22,33,37,93,3,3,3,2,1,1,2,https://www.mizuhobank.co.jp/takarakuji/check/loto/backnumber/detail.html?fromto=2001_2020&type=loto6,2026-05-20 04:28:21
2019,2025-07-24,Thu,7,13,14,21,39,42,9,136,4,2,3,1,2,2,1,https://www.mizuhobank.co.jp/takarakuji/check/loto/backnumber/detail.html?fromto=2001_2020&type=loto6,2026-05-20 04:28:21
2020,2025-07-28,Mon,5,21,23,28,38,39,32,154,4,2,1,3,2,2,1,https://www.mizuhobank.co.jp/takarakuji/check/loto/backnumber/detail.html?fromto=2001_2020&type=loto6,2026-05-20 04:28:21
2021,2025-07-31,Thu,2,17,22,29,30,43,31,143,3,3,1,3,2,1,1,https://www.mizuhobank.co.jp/takarakuji/check/loto/backnumber/detail.html?fromto=2021_2040&type=loto6,2026-05-20 04:28:21
2022,2025-08-04,Mon,2,3,18,26,31,33,30,113,3,3,2,2,2,1,1,https://www.mizuhobank.co.jp/takarakuji/check/loto/backnumber/detail.html?fromto=2021_2040&type=loto6,2026-05-20 04:28:21
2023,2025-08-07,Thu,1,20,28,29,31,43,5,152,4,2,1,3,2,1,1,https://www.mizuhobank.co.jp/takarakuji/check/loto/backnumber/detail.html?fromto=2021_2040&type=loto6,2026-05-20 04:28:21
2024,2025-08-11,Mon,10,13,16,29,34,42,21,144,2,4,2,2,2,2,0,https://www.mizuhobank.co.jp/takarakuji/check/loto/backnumber/detail.html?fromto=2021_2040&type=loto6,2026-05-20 04:28:21
2025,2025-08-14,Thu,12,18,26,28,41,43,35,168,2,4,1,3,2,2,0,https://www.mizuhobank.co.jp/takarakuji/check/loto/backnumber/detail.html?fromto=2021_2040&type=loto6,2026-05-20 04:28:21
2026,2025-08-18,Mon,2,5,8,11,20,26,28,72,2,4,4,2,0,0,0,https://www.mizuhobank.co.jp/takarakuji/check/loto/backnumber/detail.html?fromto=2021_2040&type=loto6,2026-05-20 04:28:21
2027,2025-08-21,Thu,5,12,18,23,34,39,13,131,3,3,2,2,2,2,0,https://www.mizuhobank.co.jp/takarakuji/check/loto/backnumber/detail.html?fromto=2021_2040&type=loto6,2026-05-20 04:28:21
2028,2025-08-25,Mon,6,10,12,19,21,42,16,110,2,4,3,2,1,1,0,https://www.mizuhobank.co.jp/takarakuji/check/loto/backnumber/detail.html?fromto=2021_2040&type=loto6,2026-05-20 04:28:21
2029,2025-08-28,Thu,7,21,31,36,40,43,41,178,4,2,1,1,4,3,0,https://www.mizuhobank.co.jp/takarakuji/check/loto/backnumber/detail.html?fromto=2021_2040&type=loto6,2026-05-20 04:28:21
2030,2025-09-01,Mon,3,7,28,29,32,36,13,135,3,3,2,2,2,2,1,https://www.mizuhobank.co.jp/takarakuji/check/loto/backnumber/detail.html?fromto=2021_2040&type=loto6,2026-05-20 04:28:21
2031,2025-09-04,Thu,2,3,16,20,23,29,27,93,3,3,2,4,0,0,1,https://www.mizuhobank.co.jp/takarakuji/check/loto/backnumber/detail.html?fromto=2021_2040&type=loto6,2026-05-20 04:28:21
2032,2025-09-08,Mon,8,15,27,33,37,39,31,159,5,1,1,2,3,3,0,https://www.mizuhobank.co.jp/takarakuji/check/loto/backnumber/detail.html?fromto=2021_2040&type=loto6,2026-05-20 04:28:21
2033,2025-09-11,Thu,5,16,21,22,33,35,26,132,4,2,1,3,2,2,1,https://www.mizuhobank.co.jp/takarakuji/check/loto/backnumber/detail.html?fromto=2021_2040&type=loto6,2026-05-20 04:28:21
2034,2025-09-15,Mon,2,13,22,25,35,37,17,134,4,2,2,2,2,2,0,https://www.mizuhobank.co.jp/takarakuji/check/loto/backnumber/detail.html?fromto=2021_2040&type=loto6,2026-05-20 04:28:21
2035,2025-09-18,Thu,5,10,12,17,21,35,9,100,4,2,3,2,1,1,0,https://www.mizuhobank.co.jp/takarakuji/check/loto/backnumber/detail.html?fromto=2021_2040&type=loto6,2026-05-20 04:28:21
2036,2025-09-22,Mon,7,10,17,26,35,42,33,137,3,3,2,2,2,2,0,https://www.mizuhobank.co.jp/takarakuji/check/loto/backnumber/detail.html?fromto=2021_2040&type=loto6,2026-05-20 04:28:21
2037,2025-09-25,Thu,7,12,20,23,27,29,10,118,4,2,2,4,0,0,0,https://www.mizuhobank.co.jp/takarakuji/check/loto/backnumber/detail.html?fromto=2021_2040&type=loto6,2026-05-20 04:28:21
2038,2025-09-29,Mon,5,31,37,39,41,42,33,195,5,1,1,0,5,4,1,https://www.mizuhobank.co.jp/takarakuji/check/loto/backnumber/detail.html?fromto=2021_2040&type=loto6,2026-05-20 04:28:21
2039,2025-10-02,Thu,2,15,25,27,38,42,22,149,3,3,1,3,2,2,0,https://www.mizuhobank.co.jp/takarakuji/check/loto/backnumber/detail.html?fromto=2021_2040&type=loto6,2026-05-20 04:28:21
2040,2025-10-06,Mon,7,12,14,15,24,30,32,102,2,4,3,2,1,0,1,https://www.mizuhobank.co.jp/takarakuji/check/loto/backnumber/detail.html?fromto=2021_2040&type=loto6,2026-05-20 04:28:21
2041,2025-10-09,Thu,4,19,22,24,32,38,11,139,1,5,1,3,2,2,0,https://www.mizuhobank.co.jp/takarakuji/check/loto/backnumber/detail.html?fromto=2041_2060&type=loto6,2026-05-20 04:28:21
2042,2025-10-13,Mon,9,14,29,38,41,43,12,174,4,2,2,1,3,3,0,https://www.mizuhobank.co.jp/takarakuji/check/loto/backnumber/detail.html?fromto=2041_2060&type=loto6,2026-05-20 04:28:21
2043,2025-10-16,Thu,11,19,22,34,40,42,31,168,2,4,1,2,3,3,0,https://www.mizuhobank.co.jp/takarakuji/check/loto/backnumber/detail.html?fromto=2041_2060&type=loto6,2026-05-20 04:28:21
2044,2025-10-20,Mon,1,6,11,26,33,40,14,117,3,3,3,1,2,2,0,https://www.mizuhobank.co.jp/takarakuji/check/loto/backnumber/detail.html?fromto=2041_2060&type=loto6,2026-05-20 04:28:21
2045,2025-10-23,Thu,1,4,7,12,16,28,19,68,2,4,4,2,0,0,0,https://www.mizuhobank.co.jp/takarakuji/check/loto/backnumber/detail.html?fromto=2041_2060&type=loto6,2026-05-20 04:28:21
2046,2025-10-27,Mon,2,5,10,22,25,38,14,102,2,4,3,2,1,1,0,https://www.mizuhobank.co.jp/takarakuji/check/loto/backnumber/detail.html?fromto=2041_2060&type=loto6,2026-05-20 04:28:21
2047,2025-10-30,Thu,10,11,16,19,37,39,27,132,4,2,2,2,2,2,1,https://www.mizuhobank.co.jp/takarakuji/check/loto/backnumber/detail.html?fromto=2041_2060&type=loto6,2026-05-20 04:28:21
2048,2025-11-03,Mon,8,13,18,32,37,43,27,151,3,3,2,1,3,3,0,https://www.mizuhobank.co.jp/takarakuji/check/loto/backnumber/detail.html?fromto=2041_2060&type=loto6,2026-05-20 04:28:21
2049,2025-11-06,Thu,10,24,25,39,40,42,19,180,2,4,1,2,3,3,2,https://www.mizuhobank.co.jp/takarakuji/check/loto/backnumber/detail.html?fromto=2041_2060&type=loto6,2026-05-20 04:28:21
2050,2025-11-10,Mon,6,11,15,21,25,32,5,110,4,2,2,3,1,1,0,https://www.mizuhobank.co.jp/takarakuji/check/loto/backnumber/detail.html?fromto=2041_2060&type=loto6,2026-05-20 04:28:21
2051,2025-11-13,Thu,3,15,27,28,31,39,20,143,5,1,1,3,2,1,1,https://www.mizuhobank.co.jp/takarakuji/check/loto/backnumber/detail.html?fromto=2041_2060&type=loto6,2026-05-20 04:28:21
2052,2025-11-17,Mon,1,3,18,25,30,34,10,111,3,3,2,2,2,1,0,https://www.mizuhobank.co.jp/takarakuji/check/loto/backnumber/detail.html?fromto=2041_2060&type=loto6,2026-05-20 04:28:21
2053,2025-11-20,Thu,20,28,31,35,37,41,13,192,4,2,0,2,4,3,0,https://www.mizuhobank.co.jp/takarakuji/check/loto/backnumber/detail.html?fromto=2041_2060&type=loto6,2026-05-20 04:28:21
2054,2025-11-24,Mon,1,14,27,30,33,37,23,142,4,2,2,1,3,2,0,https://www.mizuhobank.co.jp/takarakuji/check/loto/backnumber/detail.html?fromto=2041_2060&type=loto6,2026-05-20 04:28:21
2055,2025-11-27,Thu,11,12,14,17,21,26,2,101,3,3,3,3,0,0,1,https://www.mizuhobank.co.jp/takarakuji/check/loto/backnumber/detail.html?fromto=2041_2060&type=loto6,2026-05-20 04:28:21
2056,2025-12-01,Mon,3,7,15,17,19,30,38,91,5,1,2,3,1,0,0,https://www.mizuhobank.co.jp/takarakuji/check/loto/backnumber/detail.html?fromto=2041_2060&type=loto6,2026-05-20 04:28:21
2057,2025-12-04,Thu,5,7,21,22,38,41,24,134,4,2,2,2,2,2,1,https://www.mizuhobank.co.jp/takarakuji/check/loto/backnumber/detail.html?fromto=2041_2060&type=loto6,2026-05-20 04:28:21
2058,2025-12-08,Mon,9,12,14,16,19,42,18,112,2,4,3,2,1,1,0,https://www.mizuhobank.co.jp/takarakuji/check/loto/backnumber/detail.html?fromto=2041_2060&type=loto6,2026-05-20 04:28:21
2059,2025-12-11,Thu,2,13,26,28,38,43,3,150,2,4,2,2,2,2,0,https://www.mizuhobank.co.jp/takarakuji/check/loto/backnumber/detail.html?fromto=2041_2060&type=loto6,2026-05-20 04:28:21
2060,2025-12-15,Mon,8,16,22,40,41,42,10,169,1,5,1,2,3,3,2,https://www.mizuhobank.co.jp/takarakuji/check/loto/backnumber/detail.html?fromto=2041_2060&type=loto6,2026-05-20 04:28:21
2061,2025-12-18,Thu,5,6,13,21,33,34,40,112,4,2,3,1,2,2,2,https://www.mizuhobank.co.jp/takarakuji/check/loto/backnumber/detail.html?fromto=2061_2080&type=loto6,2026-05-20 04:28:21
2062,2025-12-22,Mon,1,9,18,24,35,42,8,129,3,3,2,2,2,2,0,https://www.mizuhobank.co.jp/takarakuji/check/loto/backnumber/detail.html?fromto=2061_2080&type=loto6,2026-05-20 04:28:21
2063,2025-12-25,Thu,4,28,29,30,38,42,15,171,1,5,1,2,3,2,2,https://www.mizuhobank.co.jp/takarakuji/check/loto/backnumber/detail.html?fromto=2061_2080&type=loto6,2026-05-20 04:28:21
2064,2025-12-29,Mon,2,7,24,37,39,41,3,150,4,2,2,1,3,3,0,https://www.mizuhobank.co.jp/takarakuji/check/loto/backnumber/detail.html?fromto=2061_2080&type=loto6,2026-05-20 04:28:21
2065,2026-01-05,Mon,6,18,21,31,37,40,3,153,3,3,1,2,3,2,0,https://www.mizuhobank.co.jp/takarakuji/check/loto/backnumber/detail.html?fromto=2061_2080&type=loto6,2026-05-20 04:28:21
2066,2026-01-08,Thu,8,28,30,32,37,38,5,173,1,5,1,1,4,3,1,https://www.mizuhobank.co.jp/takarakuji/check/loto/backnumber/detail.html?fromto=2061_2080&type=loto6,2026-05-20 04:28:21
2067,2026-01-12,Mon,3,4,12,15,32,42,31,108,2,4,3,1,2,2,1,https://www.mizuhobank.co.jp/takarakuji/check/loto/backnumber/detail.html?fromto=2061_2080&type=loto6,2026-05-20 04:28:21
2068,2026-01-15,Thu,2,10,13,14,29,33,32,101,3,3,4,1,1,1,1,https://www.mizuhobank.co.jp/takarakuji/check/loto/backnumber/detail.html?fromto=2061_2080&type=loto6,2026-05-20 04:28:21
2069,2026-01-19,Mon,6,17,23,27,33,35,4,141,5,1,1,3,2,2,0,https://www.mizuhobank.co.jp/takarakuji/check/loto/backnumber/detail.html?fromto=2061_2080&type=loto6,2026-05-20 04:28:21
2070,2026-01-22,Thu,6,10,25,30,34,36,12,141,1,5,2,1,3,2,0,https://www.mizuhobank.co.jp/takarakuji/check/loto/backnumber/detail.html?fromto=2061_2080&type=loto6,2026-05-20 04:28:21
2071,2026-01-26,Mon,15,24,29,32,33,35,14,168,4,2,0,3,3,3,1,https://www.mizuhobank.co.jp/takarakuji/check/loto/backnumber/detail.html?fromto=2061_2080&type=loto6,2026-05-20 04:28:21
2072,2026-01-29,Thu,8,18,24,36,40,42,43,168,0,6,1,2,3,3,0,https://www.mizuhobank.co.jp/takarakuji/check/loto/backnumber/detail.html?fromto=2061_2080&type=loto6,2026-05-20 04:28:21
2073,2026-02-02,Mon,2,12,14,24,26,29,8,107,1,5,3,3,0,0,0,https://www.mizuhobank.co.jp/takarakuji/check/loto/backnumber/detail.html?fromto=2061_2080&type=loto6,2026-05-20 04:28:21
2074,2026-02-05,Thu,5,6,16,26,27,36,11,116,2,4,2,3,1,1,2,https://www.mizuhobank.co.jp/takarakuji/check/loto/backnumber/detail.html?fromto=2061_2080&type=loto6,2026-05-20 04:28:21
2075,2026-02-09,Mon,7,10,14,16,35,37,11,119,3,3,3,1,2,2,0,https://www.mizuhobank.co.jp/takarakuji/check/loto/backnumber/detail.html?fromto=2061_2080&type=loto6,2026-05-20 04:28:21
2076,2026-02-12,Thu,1,9,20,22,28,41,30,121,3,3,2,3,1,1,0,https://www.mizuhobank.co.jp/takarakuji/check/loto/backnumber/detail.html?fromto=2061_2080&type=loto6,2026-05-20 04:28:21
2077,2026-02-16,Mon,17,18,23,24,26,43,10,151,3,3,0,5,1,1,2,https://www.mizuhobank.co.jp/takarakuji/check/loto/backnumber/detail.html?fromto=2061_2080&type=loto6,2026-05-20 04:28:21
2078,2026-02-19,Thu,1,10,20,24,30,35,41,120,2,4,2,2,2,1,0,https://www.mizuhobank.co.jp/takarakuji/check/loto/backnumber/detail.html?fromto=2061_2080&type=loto6,2026-05-20 04:28:21
2079,2026-02-23,Mon,5,11,15,17,24,39,31,111,5,1,2,3,1,1,0,https://www.mizuhobank.co.jp/takarakuji/check/loto/backnumber/detail.html?fromto=2061_2080&type=loto6,2026-05-20 04:28:21
2080,2026-02-26,Thu,6,12,30,36,37,38,8,159,1,5,2,0,4,3,2,https://www.mizuhobank.co.jp/takarakuji/check/loto/backnumber/detail.html?fromto=2061_2080&type=loto6,2026-05-20 04:28:21
2081,2026-03-02,Mon,14,31,32,37,41,42,22,197,3,3,1,0,5,4,2,https://www.mizuhobank.co.jp/takarakuji/check/loto/backnumber/detail.html?fromto=2081_2100&type=loto6,2026-05-20 04:28:21
2082,2026-03-05,Thu,5,11,14,19,25,40,17,114,4,2,3,2,1,1,0,https://www.mizuhobank.co.jp/takarakuji/check/loto/backnumber/detail.html?fromto=2081_2100&type=loto6,2026-05-20 04:28:21
2083,2026-03-09,Mon,8,10,13,17,26,29,43,103,3,3,3,3,0,0,0,https://www.mizuhobank.co.jp/takarakuji/check/loto/backnumber/detail.html?fromto=2081_2100&type=loto6,2026-05-20 04:28:21
2084,2026-03-12,Thu,8,17,18,19,30,39,9,131,3,3,1,3,2,1,2,https://www.mizuhobank.co.jp/takarakuji/check/loto/backnumber/detail.html?fromto=2081_2100&type=loto6,2026-05-20 04:28:21
2085,2026-03-16,Mon,6,8,13,26,35,43,14,131,3,3,3,1,2,2,0,https://www.mizuhobank.co.jp/takarakuji/check/loto/backnumber/detail.html?fromto=2081_2100&type=loto6,2026-05-20 04:28:21
2086,2026-03-19,Thu,4,11,19,28,39,40,6,141,3,3,2,2,2,2,1,https://www.mizuhobank.co.jp/takarakuji/check/loto/backnumber/detail.html?fromto=2081_2100&type=loto6,2026-05-20 04:28:21
2087,2026-03-23,Mon,7,10,15,18,26,39,13,115,3,3,2,3,1,1,0,https://www.mizuhobank.co.jp/takarakuji/check/loto/backnumber/detail.html?fromto=2081_2100&type=loto6,2026-05-20 04:28:21
2088,2026-03-26,Thu,8,16,18,27,37,39,29,145,3,3,1,3,2,2,0,https://www.mizuhobank.co.jp/takarakuji/check/loto/backnumber/detail.html?fromto=2081_2100&type=loto6,2026-05-20 04:28:21
2089,2026-03-30,Mon,9,16,18,32,37,43,13,155,3,3,1,2,3,3,0,https://www.mizuhobank.co.jp/takarakuji/check/loto/backnumber/detail.html?fromto=2081_2100&type=loto6,2026-05-20 04:28:21
2090,2026-04-02,Thu,2,3,6,9,24,36,5,80,2,4,4,1,1,1,1,https://www.mizuhobank.co.jp/takarakuji/check/loto/backnumber/detail.html?fromto=2081_2100&type=loto6,2026-05-20 04:28:21
2091,2026-04-06,Mon,6,16,21,25,28,43,9,139,3,3,1,4,1,1,0,https://www.mizuhobank.co.jp/takarakuji/check/loto/backnumber/detail.html?fromto=2081_2100&type=loto6,2026-05-20 04:28:21
2092,2026-04-09,Thu,8,13,27,36,37,43,3,164,4,2,2,1,3,3,1,https://www.mizuhobank.co.jp/takarakuji/check/loto/backnumber/detail.html?fromto=2081_2100&type=loto6,2026-05-20 04:28:21
2093,2026-04-13,Mon,2,10,21,26,29,38,12,126,2,4,2,3,1,1,0,https://www.mizuhobank.co.jp/takarakuji/check/loto/backnumber/detail.html?fromto=2081_2100&type=loto6,2026-05-20 04:28:21
2094,2026-04-16,Thu,3,4,7,11,24,30,16,79,3,3,4,1,1,0,1,https://www.mizuhobank.co.jp/takarakuji/check/loto/backnumber/detail.html?fromto=2081_2100&type=loto6,2026-05-20 04:28:21
2095,2026-04-20,Mon,13,20,22,23,28,30,29,136,2,4,1,4,1,0,1,https://www.mizuhobank.co.jp/takarakuji/check/loto/backnumber/detail.html?fromto=2081_2100&type=loto6,2026-05-20 04:28:21
2096,2026-04-23,Thu,8,15,18,21,33,43,38,138,4,2,1,3,2,2,0,https://www.mizuhobank.co.jp/takarakuji/check/loto/backnumber/detail.html?fromto=2081_2100&type=loto6,2026-05-20 04:28:21
2097,2026-04-27,Mon,3,20,24,27,34,42,37,150,2,4,1,3,2,2,0,https://www.mizuhobank.co.jp/takarakuji/check/loto/backnumber/detail.html?fromto=2081_2100&type=loto6,2026-05-20 04:28:21
2098,2026-04-30,Thu,1,6,15,18,19,42,24,101,3,3,2,3,1,1,1,https://www.mizuhobank.co.jp/takarakuji/check/loto/backnumber/detail.html?fromto=2081_2100&type=loto6,2026-05-20 04:28:21
2099,2026-05-04,Mon,19,21,34,36,39,42,43,191,3,3,0,2,4,4,0,https://www.mizuhobank.co.jp/takarakuji/check/loto/backnumber/detail.html?fromto=2081_2100&type=loto6,2026-05-20 04:28:21
2100,2026-05-07,Thu,8,17,24,32,35,41,28,157,3,3,1,2,3,3,0,https://www.mizuhobank.co.jp/takarakuji/check/loto/backnumber/detail.html?fromto=2081_2100&type=loto6,2026-05-20 04:28:21
